Table,State,Distt.,Area Name,Age,Total Persons,Total Males,Total Females,Rural Persons  ,Rural Males,Rural Females,Urban Persons  ,Urban Males,Urban Females
C1300,0,0,India,All ages,1210854977,623270258,587584719,833748852,427781058,405967794,377106125,195489200,181616925
C1300,0,0,India,0,20311234,10633298,9677936,14884690,7784009,7100681,5426544,2849289,2577255
C1300,0,0,India,1,21755197,11381468,10373729,15731709,8216086,7515623,6023488,3165382,2858106
C1300,0,0,India,2,23056268,11952853,11103415,17065758,8827253,8238505,5990510,3125600,2864910
C1300,0,0,India,3,23974041,12331431,11642610,17778869,9116778,8662091,6195172,3214653,2980519
C1300,0,0,India,4,23710038,12333024,11377014,17525634,9092251,8433383,6184404,3240773,2943631
C1300,0,0,India,5,26054230,13725480,12328750,19294779,10139548,9155231,6759451,3585932,3173519
C1300,0,0,India,6,25654245,13394700,12259545,19041426,9908524,9132902,6612819,3486176,3126643
C1300,0,0,India,7,24826640,12903364,11923276,18149844,9399767,8750077,6676796,3503597,3173199
C1300,0,0,India,8,26968373,14061937,12906436,20206981,10497018,9709963,6761392,3564919,3196473
C1300,0,0,India,9,23424638,12214985,11209653,17114582,8880402,8234180,6310056,3334583,2975473
C1300,0,0,India,10,30552107,16089436,14462671,22687766,11899758,10788008,7864341,4189678,3674663
C1300,0,0,India,11,24740946,12962604,11778342,17851313,9319598,8531715,6889633,3643006,3246627
C1300,0,0,India,12,27877307,14637892,13239415,20589319,10781450,9807869,7287988,3856442,3431546
C1300,0,0,India,13,24280683,12563775,11716908,17490173,9024384,8465789,6790510,3539391,3251119
C1300,0,0,India,14,25258169,13165128,12093041,18185923,9462968,8722955,7072246,3702160,3370086
C1300,0,0,India,15,25899454,13739746,12159708,18593646,9873668,8719978,7305808,3866078,3439730
C1300,0,0,India,16,24592293,13027935,11564358,17433799,9253785,8180014,7158494,3774150,3384344
C1300,0,0,India,17,21217467,11349449,9868018,14448773,7754277,6694496,6768694,3595172,3173522
C1300,0,0,India,18,27958147,15020851,12937296,19559614,10518623,9040991,8398533,4502228,3896305
C1300,0,0,India,19,20859088,10844415,10014673,13866640,7170204,6696436,6992448,3674211,3318237
C1300,0,0,India,20,28882735,14892165,13990570,19978794,10285627,9693167,8903941,4606538,4297403
C1300,0,0,India,21,19978972,10532278,9446694,12952796,6856190,6096606,7026176,3676088,3350088
C1300,0,0,India,22,23528225,12392976,11135249,15742514,8334303,7408211,7785711,4058673,3727038
C1300,0,0,India,23,19154055,9674189,9479866,12391339,6201615,6189724,6762716,3472574,3290142
C1300,0,0,India,24,19880235,10093085,9787150,12769603,6460927,6308676,7110632,3632158,3478474
C1300,0,0,India,25,27768078,14311524,13456554,18881232,9850468,9030764,8886846,4461056,4425790
C1300,0,0,India,26,20076997,10315030,9761967,12914351,6648839,6265512,7162646,3666191,3496455
C1300,0,0,India,27,16709350,8552032,8157318,10451269,5330170,5121099,6258081,3221862,3036219
C1300,0,0,India,28,22127016,10719926,11407090,14730861,6997429,7733432,7396155,3722497,3673658
C1300,0,0,India,29,14732524,7445696,7286828,9090557,4549083,4541474,5641967,2896613,2745354
C1300,0,0,India,30,30399029,15628996,14770033,20870895,10787880,10083015,9528134,4841116,4687018
C1300,0,0,India,31,13823245,7157502,6665743,8512794,4388631,4124163,5310451,2768871,2541580
C1300,0,0,India,32,17613544,8801105,8812439,11567758,5690555,5877203,6045786,3110550,2935236
C1300,0,0,India,33,12764541,6108879,6655662,8163530,3766672,4396858,4601011,2342207,2258804
C1300,0,0,India,34,13994592,6964192,7030400,8796802,4300454,4496348,5197790,2663738,2534052
C1300,0,0,India,35,28422631,15036666,13385965,19443380,10411274,9032106,8979251,4625392,4353859
C1300,0,0,India,36,15827717,8067568,7760149,10277082,5232618,5044464,5550635,2834950,2715685
C1300,0,0,India,37,11692231,5784879,5907352,7314107,3562106,3752001,4378124,2222773,2155351
C1300,0,0,India,38,17471758,8090401,9381357,11732906,5274806,6458100,5738852,2815595,2923257
C1300,0,0,India,39,11726347,5939867,5786480,7295232,3644757,3650475,4431115,2295110,2136005
C1300,0,0,India,40,28528992,15173411,13355581,19843604,10642393,9201211,8685388,4531018,4154370
C1300,0,0,India,41,11567894,6172297,5395597,7204399,3850816,3353583,4363495,2321481,2042014
C1300,0,0,India,42,13380642,6856826,6523816,8687455,4393679,4293776,4693187,2463147,2230040
C1300,0,0,India,43,9334352,4468914,4865438,5869523,2695097,3174426,3464829,1773817,1691012
C1300,0,0,India,44,9626232,4873938,4752294,5976027,2983250,2992777,3650205,1890688,1759517
C1300,0,0,India,45,23872961,12685175,11187786,16396175,8815165,7581010,7476786,3870010,3606776
C1300,0,0,India,46,10992678,5735540,5257138,6964766,3627761,3337005,4027912,2107779,1920133
C1300,0,0,India,47,7951297,4043122,3908175,4832885,2402373,2430512,3118412,1640749,1477663
C1300,0,0,India,48,11649592,5568554,6081038,7692893,3545588,4147305,3956699,2022966,1933733
C1300,0,0,India,49,7851799,4105723,3746076,4801509,2473383,2328126,3050290,1632340,1417950
C1300,0,0,India,50,21462422,11379329,10083093,15033860,8073403,6960457,6428562,3305926,3122636
C1300,0,0,India,51,7885966,4323584,3562382,4897835,2688304,2209531,2988131,1635280,1352851
C1300,0,0,India,52,7735164,4068700,3666464,4889862,2522481,2367381,2845302,1546219,1299083
C1300,0,0,India,53,5590790,2808043,2782747,3362750,1595790,1766960,2228040,1212253,1015787
C1300,0,0,India,54,6394912,3263610,3131302,3847481,1909569,1937912,2547431,1354041,1193390
C1300,0,0,India,55,15607546,7769352,7838194,10898605,5431617,5466988,4708941,2337735,2371206
C1300,0,0,India,56,7071837,3666804,3405033,4490778,2289924,2200854,2581059,1376880,1204179
C1300,0,0,India,57,4599026,2339391,2259635,2775906,1340895,1435011,1823120,998496,824624
C1300,0,0,India,58,6718934,3072508,3646426,4457250,1889347,2567903,2261684,1183161,1078523
C1300,0,0,India,59,5148712,2607957,2540755,3238975,1584746,1654229,1909737,1023211,886526
C1300,0,0,India,60,17810689,8677046,9133643,13096491,6436908,6659583,4714198,2240138,2474060
C1300,0,0,India,61,6026813,3095448,2931365,4023713,2048828,1974885,2003100,1046620,956480
C1300,0,0,India,62,5745143,2892015,2853128,3958007,1944840,2013167,1787136,947175,839961
C1300,0,0,India,63,3994105,1977207,2016898,2545532,1188291,1357241,1448573,788916,659657
C1300,0,0,India,64,4086957,2060033,2026924,2667502,1312725,1354777,1419455,747308,672147
C1300,0,0,India,65,13022352,6275854,6746498,9771237,4778898,4992339,3251115,1496956,1754159
C1300,0,0,India,66,4511946,2278670,2233276,3132575,1578235,1554340,1379371,700435,678936
C1300,0,0,India,67,2605082,1353711,1251371,1693052,853910,839142,912030,499801,412229
C1300,0,0,India,68,3548373,1640034,1908339,2471777,1082054,1389723,1076596,557980,518616
C1300,0,0,India,69,2767230,1396057,1371173,1847629,915214,932415,919601,480843,438758
C1300,0,0,India,70,10986280,5393714,5592566,8376640,4200393,4176247,2609640,1193321,1416319
C1300,0,0,India,71,3084183,1584873,1499310,2122979,1092924,1030055,961204,491949,469255
C1300,0,0,India,72,2250929,1176727,1074202,1514640,781046,733594,736289,395681,340608
C1300,0,0,India,73,1366536,708381,658155,844391,419187,425204,522145,289194,232951
C1300,0,0,India,74,1520914,787804,733110,948950,484629,464321,571964,303175,268789
C1300,0,0,India,75,4772346,2278704,2493642,3497157,1704760,1792397,1275189,573944,701245
C1300,0,0,India,76,1667133,832251,834882,1108540,554907,553633,558593,277344,281249
C1300,0,0,India,77,835048,438394,396654,507424,259533,247891,327624,178861,148763
C1300,0,0,India,78,1068415,506957,561458,697401,316519,380882,371014,190438,180576
C1300,0,0,India,79,889561,434297,455264,573195,277705,295490,316366,156592,159774
C1300,0,0,India,80,3784938,1725200,2059738,2851018,1339866,1511152,933920,385334,548586
C1300,0,0,India,81,1027816,491522,536294,700733,339922,360811,327083,151600,175483
C1300,0,0,India,82,603793,306378,297415,388663,197791,190872,215130,108587,106543
C1300,0,0,India,83,380185,192946,187239,224362,112696,111666,155823,80250,75573
C1300,0,0,India,84,423497,210994,212503,255106,129155,125951,168391,81839,86552
C1300,0,0,India,85,1264798,580527,684271,896870,428233,468637,367928,152294,215634
C1300,0,0,India,86,447898,215850,232048,286266,141742,144524,161632,74108,87524
C1300,0,0,India,87,221411,112348,109063,130167,66662,63505,91244,45686,45558
C1300,0,0,India,88,235640,112374,123266,148689,70101,78588,86951,42273,44678
C1300,0,0,India,89,213420,99007,114413,135996,63559,72437,77424,35448,41976
C1300,0,0,India,90,833072,360237,472835,621449,278364,343085,211623,81873,129750
C1300,0,0,India,91,258297,118606,139691,173293,81015,92278,85004,37591,47413
C1300,0,0,India,92,153561,75430,78131,100081,49280,50801,53480,26150,27330
C1300,0,0,India,93,94630,46220,48410,59685,29161,30524,34945,17059,17886
C1300,0,0,India,94,106974,51972,55002,69479,34145,35334,37495,17827,19668
C1300,0,0,India,95,272534,124950,147584,198396,93688,104708,74138,31262,42876
C1300,0,0,India,96,120268,57894,62374,81063,39794,41269,39205,18100,21105
C1300,0,0,India,97,71413,35238,36175,46220,22995,23225,25193,12243,12950
C1300,0,0,India,98,104511,48393,56118,73026,33499,39527,31485,14894,16591
C1300,0,0,India,99,64571,28284,36287,46964,20663,26301,17607,7621,9986
C1300,0,0,India,100+,605778,289325,316453,407464,193465,213999,198314,95860,102454
C1300,0,0,India,Age not stated,4489802,2372881,2116921,2913452,1533420,1380032,1576350,839461,736889
C3713,1,0,State - JAMMU & KASHMIR (01),All ages,12541302,6640662,5900640,9108060,4774477,4333583,3433242,1866185,1567057
C3713,1,0,State - JAMMU & KASHMIR (01),0,275312,154761,120551,217053,121905,95148,58259,32856,25403
C3713,1,0,State - JAMMU & KASHMIR (01),1,274393,148546,125847,214973,116236,98737,59420,32310,27110
C3713,1,0,State - JAMMU & KASHMIR (01),2,285931,152596,133335,225124,119903,105221,60807,32693,28114
C3713,1,0,State - JAMMU & KASHMIR (01),3,286440,151640,134800,226199,119697,106502,60241,31943,28298
C3713,1,0,State - JAMMU & KASHMIR (01),4,292808,155958,136850,231940,123150,108790,60868,32808,28060
C3713,1,0,State - JAMMU & KASHMIR (01),5,303136,161229,141907,239716,127322,112394,63420,33907,29513
C3713,1,0,State - JAMMU & KASHMIR (01),6,300885,159625,141260,238003,125928,112075,62882,33697,29185
C3713,1,0,State - JAMMU & KASHMIR (01),7,270538,142123,128415,211924,111149,100775,58614,30974,27640
C3713,1,0,State - JAMMU & KASHMIR (01),8,285314,150470,134844,223830,117665,106165,61484,32805,28679
C3713,1,0,State - JAMMU & KASHMIR (01),9,252100,133371,118729,195583,102930,92653,56517,30441,26076
C3713,1,0,State - JAMMU & KASHMIR (01),10,314283,166773,147510,244857,129213,115644,69426,37560,31866
C3713,1,0,State - JAMMU & KASHMIR (01),11,282049,149261,132788,220044,115820,104224,62005,33441,28564
C3713,1,0,State - JAMMU & KASHMIR (01),12,289798,152365,137433,226066,118391,107675,63732,33974,29758
C3713,1,0,State - JAMMU & KASHMIR (01),13,261079,136728,124351,202068,105405,96663,59011,31323,27688
C3713,1,0,State - JAMMU & KASHMIR (01),14,266644,139728,126916,204201,106682,97519,62443,33046,29397
C3713,1,0,State - JAMMU & KASHMIR (01),15,270992,140502,130490,207140,106785,100355,63852,33717,30135
C3713,1,0,State - JAMMU & KASHMIR (01),16,263041,136077,126964,199394,102617,96777,63647,33460,30187
C3713,1,0,State - JAMMU & KASHMIR (01),17,221619,115421,106198,164377,85481,78896,57242,29940,27302
C3713,1,0,State - JAMMU & KASHMIR (01),18,276216,141830,134386,205879,105200,100679,70337,36630,33707
C3713,1,0,State - JAMMU & KASHMIR (01),19,205594,106532,99062,149318,77015,72303,56276,29517,26759
C3713,1,0,State - JAMMU & KASHMIR (01),20,294428,149061,145367,217988,109293,108695,76440,39768,36672
C3713,1,0,State - JAMMU & KASHMIR (01),21,212628,111514,101114,151865,78757,73108,60763,32757,28006
C3713,1,0,State - JAMMU & KASHMIR (01),22,235107,122733,112374,167393,86105,81288,67714,36628,31086
C3713,1,0,State - JAMMU & KASHMIR (01),23,205050,106836,98214,142595,72737,69858,62455,34099,28356
C3713,1,0,State - JAMMU & KASHMIR (01),24,213700,113434,100266,147520,76400,71120,66180,37034,29146
C3713,1,0,State - JAMMU & KASHMIR (01),25,290870,152478,138392,205737,105102,100635,85133,47376,37757
C3713,1,0,State - JAMMU & KASHMIR (01),26,224486,122473,102013,153001,80857,72144,71485,41616,29869
C3713,1,0,State - JAMMU & KASHMIR (01),27,184403,103066,81337,121522,66020,55502,62881,37046,25835
C3713,1,0,State - JAMMU & KASHMIR (01),28,231270,120577,110693,156976,78986,77990,74294,41591,32703
C3713,1,0,State - JAMMU & KASHMIR (01),29,155093,85965,69128,101332,54579,46753,53761,31386,22375
C3713,1,0,State - JAMMU & KASHMIR (01),30,315601,163327,152274,223999,113964,110035,91602,49363,42239
C3713,1,0,State - JAMMU & KASHMIR (01),31,158901,89361,69540,107617,59479,48138,51284,29882,21402
C3713,1,0,State - JAMMU & KASHMIR (01),32,172720,93527,79193,118056,62812,55244,54664,30715,23949
C3713,1,0,State - JAMMU & KASHMIR (01),33,138758,74486,64272,93232,48705,44527,45526,25781,19745
C3713,1,0,State - JAMMU & KASHMIR (01),34,140923,75045,65878,93233,48102,45131,47690,26943,20747
C3713,1,0,State - JAMMU & KASHMIR (01),35,269235,141081,128154,188174,97149,91025,81061,43932,37129
C3713,1,0,State - JAMMU & KASHMIR (01),36,164918,89010,75908,112477,59629,52848,52441,29381,23060
C3713,1,0,State - JAMMU & KASHMIR (01),37,122478,66859,55619,80732,43341,37391,41746,23518,18228
C3713,1,0,State - JAMMU & KASHMIR (01),38,170377,84337,86040,115887,56181,59706,54490,28156,26334
C3713,1,0,State - JAMMU & KASHMIR (01),39,110937,59978,50959,71555,37968,33587,39382,22010,17372
C3713,1,0,State - JAMMU & KASHMIR (01),40,281352,151283,130069,198448,104941,93507,82904,46342,36562
C3713,1,0,State - JAMMU & KASHMIR (01),41,122678,70095,52583,81602,45766,35836,41076,24329,16747
C3713,1,0,State - JAMMU & KASHMIR (01),42,124348,68427,55921,82683,44588,38095,41665,23839,17826
C3713,1,0,State - JAMMU & KASHMIR (01),43,95510,49814,45696,62340,31548,30792,33170,18266,14904
C3713,1,0,State - JAMMU & KASHMIR (01),44,90197,48120,42077,58149,30145,28004,32048,17975,14073
C3713,1,0,State - JAMMU & KASHMIR (01),45,231044,122222,108822,160147,83383,76764,70897,38839,32058
C3713,1,0,State - JAMMU & KASHMIR (01),46,110970,60612,50358,74180,39926,34254,36790,20686,16104
C3713,1,0,State - JAMMU & KASHMIR (01),47,74636,40522,34114,47769,25640,22129,26867,14882,11985
C3713,1,0,State - JAMMU & KASHMIR (01),48,109079,53496,55583,72953,34846,38107,36126,18650,17476
C3713,1,0,State - JAMMU & KASHMIR (01),49,65061,34708,30353,40910,21241,19669,24151,13467,10684
C3713,1,0,State - JAMMU & KASHMIR (01),50,221093,118640,102453,158503,84632,73871,62590,34008,28582
C3713,1,0,State - JAMMU & KASHMIR (01),51,80256,46232,34024,54209,31118,23091,26047,15114,10933
C3713,1,0,State - JAMMU & KASHMIR (01),52,65736,36420,29316,42886,23834,19052,22850,12586,10264
C3713,1,0,State - JAMMU & KASHMIR (01),53,50576,27377,23199,32575,17474,15101,18001,9903,8098
C3713,1,0,State - JAMMU & KASHMIR (01),54,50905,26930,23975,31819,16746,15073,19086,10184,8902
C3713,1,0,State - JAMMU & KASHMIR (01),55,144150,70840,73310,101649,49893,51756,42501,20947,21554
C3713,1,0,State - JAMMU & KASHMIR (01),56,65779,35330,30449,43369,23303,20066,22410,12027,10383
C3713,1,0,State - JAMMU & KASHMIR (01),57,39082,21625,17457,24271,13439,10832,14811,8186,6625
C3713,1,0,State - JAMMU & KASHMIR (01),58,55026,26040,28986,36217,16691,19526,18809,9349,9460
C3713,1,0,State - JAMMU & KASHMIR (01),59,35994,18918,17076,21989,11315,10674,14005,7603,6402
C3713,1,0,State - JAMMU & KASHMIR (01),60,167972,87926,80046,122260,64082,58178,45712,23844,21868
C3713,1,0,State - JAMMU & KASHMIR (01),61,55358,31047,24311,38327,21566,16761,17031,9481,7550
C3713,1,0,State - JAMMU & KASHMIR (01),62,38615,21300,17315,25855,14128,11727,12760,7172,5588
C3713,1,0,State - JAMMU & KASHMIR (01),63,33660,18777,14883,22255,12393,9862,11405,6384,5021
C3713,1,0,State - JAMMU & KASHMIR (01),64,27121,14377,12744,17308,9071,8237,9813,5306,4507
C3713,1,0,State - JAMMU & KASHMIR (01),65,103476,51088,52388,74091,36800,37291,29385,14288,15097
C3713,1,0,State - JAMMU & KASHMIR (01),66,37322,19876,17446,25724,13748,11976,11598,6128,5470
C3713,1,0,State - JAMMU & KASHMIR (01),67,18463,10128,8335,11914,6486,5428,6549,3642,2907
C3713,1,0,State - JAMMU & KASHMIR (01),68,26604,12389,14215,17715,7974,9741,8889,4415,4474
C3713,1,0,State - JAMMU & KASHMIR (01),69,18100,9262,8838,11276,5772,5504,6824,3490,3334
C3713,1,0,State - JAMMU & KASHMIR (01),70,114696,59667,55029,85083,45039,40044,29613,14628,14985
C3713,1,0,State - JAMMU & KASHMIR (01),71,32475,18003,14472,23309,13079,10230,9166,4924,4242
C3713,1,0,State - JAMMU & KASHMIR (01),72,16043,8797,7246,10665,5864,4801,5378,2933,2445
C3713,1,0,State - JAMMU & KASHMIR (01),73,10565,5651,4914,6762,3554,3208,3803,2097,1706
C3713,1,0,State - JAMMU & KASHMIR (01),74,10240,5354,4886,6265,3241,3024,3975,2113,1862
C3713,1,0,State - JAMMU & KASHMIR (01),75,47754,23725,24029,34089,17091,16998,13665,6634,7031
C3713,1,0,State - JAMMU & KASHMIR (01),76,15530,8201,7329,10577,5621,4956,4953,2580,2373
C3713,1,0,State - JAMMU & KASHMIR (01),77,6362,3397,2965,4161,2189,1972,2201,1208,993
C3713,1,0,State - JAMMU & KASHMIR (01),78,8725,4288,4437,5859,2870,2989,2866,1418,1448
C3713,1,0,State - JAMMU & KASHMIR (01),79,6705,3483,3222,4232,2209,2023,2473,1274,1199
C3713,1,0,State - JAMMU & KASHMIR (01),80,48449,24489,23960,37257,19216,18041,11192,5273,5919
C3713,1,0,State - JAMMU & KASHMIR (01),81,13022,6895,6127,9601,5200,4401,3421,1695,1726
C3713,1,0,State - JAMMU & KASHMIR (01),82,4616,2507,2109,3137,1707,1430,1479,800,679
C3713,1,0,State - JAMMU & KASHMIR (01),83,2973,1633,1340,1978,1088,890,995,545,450
C3713,1,0,State - JAMMU & KASHMIR (01),84,3156,1721,1435,2000,1100,900,1156,621,535
C3713,1,0,State - JAMMU & KASHMIR (01),85,13443,6710,6733,9749,4985,4764,3694,1725,1969
C3713,1,0,State - JAMMU & KASHMIR (01),86,4251,2303,1948,2962,1648,1314,1289,655,634
C3713,1,0,State - JAMMU & KASHMIR (01),87,1673,950,723,1087,623,464,586,327,259
C3713,1,0,State - JAMMU & KASHMIR (01),88,2000,1044,956,1329,705,624,671,339,332
C3713,1,0,State - JAMMU & KASHMIR (01),89,1611,845,766,1057,557,500,554,288,266
C3713,1,0,State - JAMMU & KASHMIR (01),90,11635,6022,5613,9259,4889,4370,2376,1133,1243
C3713,1,0,State - JAMMU & KASHMIR (01),91,3019,1614,1405,2358,1288,1070,661,326,335
C3713,1,0,State - JAMMU & KASHMIR (01),92,1013,548,465,714,381,333,299,167,132
C3713,1,0,State - JAMMU & KASHMIR (01),93,641,355,286,434,246,188,207,109,98
C3713,1,0,State - JAMMU & KASHMIR (01),94,624,334,290,429,235,194,195,99,96
C3713,1,0,State - JAMMU & KASHMIR (01),95,2397,1209,1188,1877,948,929,520,261,259
C3713,1,0,State - JAMMU & KASHMIR (01),96,1046,565,481,790,433,357,256,132,124
C3713,1,0,State - JAMMU & KASHMIR (01),97,428,238,190,288,145,143,140,93,47
C3713,1,0,State - JAMMU & KASHMIR (01),98,712,394,318,537,300,237,175,94,81
C3713,1,0,State - JAMMU & KASHMIR (01),99,679,394,285,546,326,220,133,68,65
C3713,1,0,State - JAMMU & KASHMIR (01),100+,9482,5074,4408,6853,3692,3161,2629,1382,1247
C3713,1,0,State - JAMMU & KASHMIR (01),Age not stated,15119,9747,5372,10843,6859,3984,4276,2888,1388
C3713,2,0,State - HIMACHAL PRADESH (02),All ages,6864602,3481873,3382729,6176050,3110345,3065705,688552,371528,317024
C3713,2,0,State - HIMACHAL PRADESH (02),0,101835,53261,48574,94406,49373,45033,7429,3888,3541
C3713,2,0,State - HIMACHAL PRADESH (02),1,113916,59961,53955,104829,55172,49657,9087,4789,4298
C3713,2,0,State - HIMACHAL PRADESH (02),2,107317,55969,51348,98582,51317,47265,8735,4652,4083
C3713,2,0,State - HIMACHAL PRADESH (02),3,110322,57322,53000,101117,52499,48618,9205,4823,4382
C3713,2,0,State - HIMACHAL PRADESH (02),4,111594,58498,53096,101997,53382,48615,9597,5116,4481
C3713,2,0,State - HIMACHAL PRADESH (02),5,117679,61890,55789,107195,56236,50959,10484,5654,4830
C3713,2,0,State - HIMACHAL PRADESH (02),6,115235,60558,54677,104696,54875,49821,10539,5683,4856
C3713,2,0,State - HIMACHAL PRADESH (02),7,122039,63842,58197,111185,58014,53171,10854,5828,5026
C3713,2,0,State - HIMACHAL PRADESH (02),8,117124,61593,55531,106293,55716,50577,10831,5877,4954
C3713,2,0,State - HIMACHAL PRADESH (02),9,119100,63574,55526,108190,57600,50590,10910,5974,4936
C3713,2,0,State - HIMACHAL PRADESH (02),10,134596,71647,62949,122334,64852,57482,12262,6795,5467
C3713,2,0,State - HIMACHAL PRADESH (02),11,127447,67693,59754,115507,61000,54507,11940,6693,5247
C3713,2,0,State - HIMACHAL PRADESH (02),12,125830,66799,59031,114237,60324,53913,11593,6475,5118
C3713,2,0,State - HIMACHAL PRADESH (02),13,124125,65336,58789,112678,59005,53673,11447,6331,5116
C3713,2,0,State - HIMACHAL PRADESH (02),14,127226,66765,60461,115509,60319,55190,11717,6446,5271
C3713,2,0,State - HIMACHAL PRADESH (02),15,127378,67225,60153,115114,60443,54671,12264,6782,5482
C3713,2,0,State - HIMACHAL PRADESH (02),16,126410,66658,59752,114081,59746,54335,12329,6912,5417
C3713,2,0,State - HIMACHAL PRADESH (02),17,124585,65721,58864,112339,59015,53324,12246,6706,5540
C3713,2,0,State - HIMACHAL PRADESH (02),18,136759,72265,64494,122520,64005,58515,14239,8260,5979
C3713,2,0,State - HIMACHAL PRADESH (02),19,125329,64860,60469,111937,57345,54592,13392,7515,5877
C3713,2,0,State - HIMACHAL PRADESH (02),20,135902,69643,66259,121043,61334,59709,14859,8309,6550
C3713,2,0,State - HIMACHAL PRADESH (02),21,126638,63969,62669,112829,56431,56398,13809,7538,6271
C3713,2,0,State - HIMACHAL PRADESH (02),22,133018,66720,66298,118602,58777,59825,14416,7943,6473
C3713,2,0,State - HIMACHAL PRADESH (02),23,123650,61664,61986,109984,54260,55724,13666,7404,6262
C3713,2,0,State - HIMACHAL PRADESH (02),24,124658,61724,62934,110981,54365,56616,13677,7359,6318
C3713,2,0,State - HIMACHAL PRADESH (02),25,128871,63006,65865,114397,55148,59249,14474,7858,6616
C3713,2,0,State - HIMACHAL PRADESH (02),26,121425,59721,61704,107865,52387,55478,13560,7334,6226
C3713,2,0,State - HIMACHAL PRADESH (02),27,114008,56142,57866,101455,49364,52091,12553,6778,5775
C3713,2,0,State - HIMACHAL PRADESH (02),28,123493,60448,63045,110002,53391,56611,13491,7057,6434
C3713,2,0,State - HIMACHAL PRADESH (02),29,101363,50808,50555,89886,44726,45160,11477,6082,5395
C3713,2,0,State - HIMACHAL PRADESH (02),30,135071,65731,69340,120600,57989,62611,14471,7742,6729
C3713,2,0,State - HIMACHAL PRADESH (02),31,104067,52399,51668,92304,46129,46175,11763,6270,5493
C3713,2,0,State - HIMACHAL PRADESH (02),32,110340,54497,55843,97821,48061,49760,12519,6436,6083
C3713,2,0,State - HIMACHAL PRADESH (02),33,93801,47270,46531,83163,41684,41479,10638,5586,5052
C3713,2,0,State - HIMACHAL PRADESH (02),34,103078,51356,51722,91487,45409,46078,11591,5947,5644
C3713,2,0,State - HIMACHAL PRADESH (02),35,128559,63321,65238,114437,55824,58613,14122,7497,6625
C3713,2,0,State - HIMACHAL PRADESH (02),36,107410,53799,53611,95265,47474,47791,12145,6325,5820
C3713,2,0,State - HIMACHAL PRADESH (02),37,91723,46457,45266,80940,40961,39979,10783,5496,5287
C3713,2,0,State - HIMACHAL PRADESH (02),38,108396,52845,55551,96474,46860,49614,11922,5985,5937
C3713,2,0,State - HIMACHAL PRADESH (02),39,81878,41808,40070,72159,36787,35372,9719,5021,4698
C3713,2,0,State - HIMACHAL PRADESH (02),40,126089,60353,65736,113152,53625,59527,12937,6728,6209
C3713,2,0,State - HIMACHAL PRADESH (02),41,83062,42875,40187,72936,37447,35489,10126,5428,4698
C3713,2,0,State - HIMACHAL PRADESH (02),42,93789,47054,46735,83036,41253,41783,10753,5801,4952
C3713,2,0,State - HIMACHAL PRADESH (02),43,71844,36356,35488,63136,31709,31427,8708,4647,4061
C3713,2,0,State - HIMACHAL PRADESH (02),44,70776,35631,35145,62375,31103,31272,8401,4528,3873
C3713,2,0,State - HIMACHAL PRADESH (02),45,114338,54723,59615,102653,48391,54262,11685,6332,5353
C3713,2,0,State - HIMACHAL PRADESH (02),46,79664,40122,39542,70281,35053,35228,9383,5069,4314
C3713,2,0,State - HIMACHAL PRADESH (02),47,64515,33269,31246,56897,29059,27838,7618,4210,3408
C3713,2,0,State - HIMACHAL PRADESH (02),48,81011,40409,40602,72100,35635,36465,8911,4774,4137
C3713,2,0,State - HIMACHAL PRADESH (02),49,55600,29119,26481,48862,25351,23511,6738,3768,2970
C3713,2,0,State - HIMACHAL PRADESH (02),50,108972,49852,59120,99173,44593,54580,9799,5259,4540
C3713,2,0,State - HIMACHAL PRADESH (02),51,58977,30779,28198,52177,26876,25301,6800,3903,2897
C3713,2,0,State - HIMACHAL PRADESH (02),52,63217,32700,30517,56343,28735,27608,6874,3965,2909
C3713,2,0,State - HIMACHAL PRADESH (02),53,48694,25901,22793,42903,22559,20344,5791,3342,2449
C3713,2,0,State - HIMACHAL PRADESH (02),54,50827,26492,24335,44815,23029,21786,6012,3463,2549
C3713,2,0,State - HIMACHAL PRADESH (02),55,85230,39322,45908,77713,35262,42451,7517,4060,3457
C3713,2,0,State - HIMACHAL PRADESH (02),56,56671,29535,27136,50801,26102,24699,5870,3433,2437
C3713,2,0,State - HIMACHAL PRADESH (02),57,40289,21949,18340,35616,19133,16483,4673,2816,1857
C3713,2,0,State - HIMACHAL PRADESH (02),58,49791,25505,24286,44843,22724,22119,4948,2781,2167
C3713,2,0,State - HIMACHAL PRADESH (02),59,34879,18934,15945,31120,16777,14343,3759,2157,1602
C3713,2,0,State - HIMACHAL PRADESH (02),60,85300,36833,48467,79385,33923,45462,5915,2910,3005
C3713,2,0,State - HIMACHAL PRADESH (02),61,40296,20941,19355,36600,18863,17737,3696,2078,1618
C3713,2,0,State - HIMACHAL PRADESH (02),62,41435,21900,19535,37972,20056,17916,3463,1844,1619
C3713,2,0,State - HIMACHAL PRADESH (02),63,34977,19812,15165,31628,17923,13705,3349,1889,1460
C3713,2,0,State - HIMACHAL PRADESH (02),64,29364,15978,13386,26678,14566,12112,2686,1412,1274
C3713,2,0,State - HIMACHAL PRADESH (02),65,62328,27313,35015,58255,25442,32813,4073,1871,2202
C3713,2,0,State - HIMACHAL PRADESH (02),66,31639,16313,15326,29100,14964,14136,2539,1349,1190
C3713,2,0,State - HIMACHAL PRADESH (02),67,21287,12005,9282,19285,10889,8396,2002,1116,886
C3713,2,0,State - HIMACHAL PRADESH (02),68,25399,13304,12095,23150,12089,11061,2249,1215,1034
C3713,2,0,State - HIMACHAL PRADESH (02),69,17954,9452,8502,16306,8566,7740,1648,886,762
C3713,2,0,State - HIMACHAL PRADESH (02),70,61230,25786,35444,57692,24239,33453,3538,1547,1991
C3713,2,0,State - HIMACHAL PRADESH (02),71,23558,11562,11996,21563,10530,11033,1995,1032,963
C3713,2,0,State - HIMACHAL PRADESH (02),72,19302,10199,9103,17704,9344,8360,1598,855,743
C3713,2,0,State - HIMACHAL PRADESH (02),73,13423,7484,5939,12153,6720,5433,1270,764,506
C3713,2,0,State - HIMACHAL PRADESH (02),74,13074,7088,5986,11820,6417,5403,1254,671,583
C3713,2,0,State - HIMACHAL PRADESH (02),75,33633,14636,18997,31516,13705,17811,2117,931,1186
C3713,2,0,State - HIMACHAL PRADESH (02),76,15135,7517,7618,13893,6889,7004,1242,628,614
C3713,2,0,State - HIMACHAL PRADESH (02),77,8530,4766,3764,7683,4285,3398,847,481,366
C3713,2,0,State - HIMACHAL PRADESH (02),78,10597,5476,5121,9723,4992,4731,874,484,390
C3713,2,0,State - HIMACHAL PRADESH (02),79,7811,4045,3766,7143,3690,3453,668,355,313
C3713,2,0,State - HIMACHAL PRADESH (02),80,31612,13028,18584,30010,12367,17643,1602,661,941
C3713,2,0,State - HIMACHAL PRADESH (02),81,10589,4737,5852,9900,4434,5466,689,303,386
C3713,2,0,State - HIMACHAL PRADESH (02),82,6754,3463,3291,6229,3186,3043,525,277,248
C3713,2,0,State - HIMACHAL PRADESH (02),83,4583,2526,2057,4167,2293,1874,416,233,183
C3713,2,0,State - HIMACHAL PRADESH (02),84,4545,2410,2135,4108,2168,1940,437,242,195
C3713,2,0,State - HIMACHAL PRADESH (02),85,12502,5558,6944,11810,5241,6569,692,317,375
C3713,2,0,State - HIMACHAL PRADESH (02),86,5152,2489,2663,4786,2311,2475,366,178,188
C3713,2,0,State - HIMACHAL PRADESH (02),87,2702,1479,1223,2460,1351,1109,242,128,114
C3713,2,0,State - HIMACHAL PRADESH (02),88,2483,1290,1193,2261,1174,1087,222,116,106
C3713,2,0,State - HIMACHAL PRADESH (02),89,1952,1005,947,1806,936,870,146,69,77
C3713,2,0,State - HIMACHAL PRADESH (02),90,8388,3501,4887,8023,3361,4662,365,140,225
C3713,2,0,State - HIMACHAL PRADESH (02),91,2698,1214,1484,2562,1149,1413,136,65,71
C3713,2,0,State - HIMACHAL PRADESH (02),92,1499,724,775,1384,672,712,115,52,63
C3713,2,0,State - HIMACHAL PRADESH (02),93,1047,517,530,967,471,496,80,46,34
C3713,2,0,State - HIMACHAL PRADESH (02),94,917,456,461,840,424,416,77,32,45
C3713,2,0,State - HIMACHAL PRADESH (02),95,2487,1059,1428,2338,1006,1332,149,53,96
C3713,2,0,State - HIMACHAL PRADESH (02),96,1127,503,624,1056,467,589,71,36,35
C3713,2,0,State - HIMACHAL PRADESH (02),97,630,320,310,573,292,281,57,28,29
C3713,2,0,State - HIMACHAL PRADESH (02),98,886,399,487,837,370,467,49,29,20
C3713,2,0,State - HIMACHAL PRADESH (02),99,665,269,396,635,260,375,30,9,21
C3713,2,0,State - HIMACHAL PRADESH (02),100+,3519,1518,2001,3291,1406,1885,228,112,116
C3713,2,0,State - HIMACHAL PRADESH (02),Age not stated,10163,5353,4810,9386,4899,4487,777,454,323
C3713,3,0,State - PUNJAB (03),All ages,27743338,14639465,13103873,17344192,9093476,8250716,10399146,5545989,4853157
C3713,3,0,State - PUNJAB (03),0,419950,226929,193021,270157,146275,123882,149793,80654,69139
C3713,3,0,State - PUNJAB (03),1,424623,229359,195264,268050,145082,122968,156573,84277,72296
C3713,3,0,State - PUNJAB (03),2,418369,224550,193819,264941,142632,122309,153428,81918,71510
C3713,3,0,State - PUNJAB (03),3,433177,232219,200958,272831,146712,126119,160346,85507,74839
C3713,3,0,State - PUNJAB (03),4,437410,236899,200511,275390,149283,126107,162020,87616,74404
C3713,3,0,State - PUNJAB (03),5,478770,262314,216456,301210,165068,136142,177560,97246,80314
C3713,3,0,State - PUNJAB (03),6,463920,253724,210196,292923,160245,132678,170997,93479,77518
C3713,3,0,State - PUNJAB (03),7,483280,262427,220853,308113,167169,140944,175167,95258,79909
C3713,3,0,State - PUNJAB (03),8,479447,263834,215613,307651,169036,138615,171796,94798,76998
C3713,3,0,State - PUNJAB (03),9,462602,259383,203219,297125,166387,130738,165477,92996,72481
C3713,3,0,State - PUNJAB (03),10,537024,303757,233267,341230,192450,148780,195794,111307,84487
C3713,3,0,State - PUNJAB (03),11,488177,274903,213274,313362,176351,137011,174815,98552,76263
C3713,3,0,State - PUNJAB (03),12,516955,289167,227788,335091,187214,147877,181864,101953,79911
C3713,3,0,State - PUNJAB (03),13,510841,283488,227353,332939,183924,149015,177902,99564,78338
C3713,3,0,State - PUNJAB (03),14,530405,294215,236190,346206,191427,154779,184199,102788,81411
C3713,3,0,State - PUNJAB (03),15,555725,309954,245771,361212,200124,161088,194513,109830,84683
C3713,3,0,State - PUNJAB (03),16,562167,311992,250175,367557,202731,164826,194610,109261,85349
C3713,3,0,State - PUNJAB (03),17,536919,299464,237455,347961,192977,154984,188958,106487,82471
C3713,3,0,State - PUNJAB (03),18,631613,355581,276032,404442,225644,178798,227171,129937,97234
C3713,3,0,State - PUNJAB (03),19,531259,293189,238070,333255,182355,150900,198004,110834,87170
C3713,3,0,State - PUNJAB (03),20,646561,351177,295384,408611,219330,189281,237950,131847,106103
C3713,3,0,State - PUNJAB (03),21,523412,280599,242813,321339,169752,151587,202073,110847,91226
C3713,3,0,State - PUNJAB (03),22,579848,308178,271670,358999,188882,170117,220849,119296,101553
C3713,3,0,State - PUNJAB (03),23,509328,261379,247949,307680,155336,152344,201648,106043,95605
C3713,3,0,State - PUNJAB (03),24,517487,264198,253289,310204,155439,154765,207283,108759,98524
C3713,3,0,State - PUNJAB (03),25,594548,312371,282177,357033,186353,170680,237515,126018,111497
C3713,3,0,State - PUNJAB (03),26,518816,268889,249927,304999,155373,149626,213817,113516,100301
C3713,3,0,State - PUNJAB (03),27,434432,226483,207949,251482,128930,122552,182950,97553,85397
C3713,3,0,State - PUNJAB (03),28,537176,267452,269724,324109,157436,166673,213067,110016,103051
C3713,3,0,State - PUNJAB (03),29,378889,195210,183679,217833,110104,107729,161056,85106,75950
C3713,3,0,State - PUNJAB (03),30,641634,337776,303858,393828,206244,187584,247806,131532,116274
C3713,3,0,State - PUNJAB (03),31,356111,185695,170416,201574,103450,98124,154537,82245,72292
C3713,3,0,State - PUNJAB (03),32,432768,218956,213812,262111,130458,131653,170657,88498,82159
C3713,3,0,State - PUNJAB (03),33,329600,161373,168227,196492,93383,103109,133108,67990,65118
C3713,3,0,State - PUNJAB (03),34,356426,178733,177693,209501,102733,106768,146925,76000,70925
C3713,3,0,State - PUNJAB (03),35,604725,329430,275295,372882,203520,169362,231843,125910,105933
C3713,3,0,State - PUNJAB (03),36,377695,194107,183588,223276,113624,109652,154419,80483,73936
C3713,3,0,State - PUNJAB (03),37,293692,148252,145440,172115,85793,86322,121577,62459,59118
C3713,3,0,State - PUNJAB (03),38,419611,191162,228449,262437,116038,146399,157174,75124,82050
C3713,3,0,State - PUNJAB (03),39,293348,147911,145437,172132,85274,86858,121216,62637,58579
C3713,3,0,State - PUNJAB (03),40,625910,335462,290448,400822,215071,185751,225088,120391,104697
C3713,3,0,State - PUNJAB (03),41,291217,152157,139060,168700,87653,81047,122517,64504,58013
C3713,3,0,State - PUNJAB (03),42,352362,175501,176861,217381,106993,110388,134981,68508,66473
C3713,3,0,State - PUNJAB (03),43,263782,120446,143336,162303,71841,90462,101479,48605,52874
C3713,3,0,State - PUNJAB (03),44,255198,125642,129556,153438,74348,79090,101760,51294,50466
C3713,3,0,State - PUNJAB (03),45,573896,311780,262116,361847,198354,163493,212049,113426,98623
C3713,3,0,State - PUNJAB (03),46,290871,151309,139562,170780,88672,82108,120091,62637,57454
C3713,3,0,State - PUNJAB (03),47,216753,111336,105417,127447,65216,62231,89306,46120,43186
C3713,3,0,State - PUNJAB (03),48,306139,140553,165586,188865,84187,104678,117274,56366,60908
C3713,3,0,State - PUNJAB (03),49,200112,103157,96955,116003,59154,56849,84109,44003,40106
C3713,3,0,State - PUNJAB (03),50,511972,277467,234505,327502,179974,147528,184470,97493,86977
C3713,3,0,State - PUNJAB (03),51,204000,111390,92610,115226,63641,51585,88774,47749,41025
C3713,3,0,State - PUNJAB (03),52,209925,109384,100541,122251,63405,58846,87674,45979,41695
C3713,3,0,State - PUNJAB (03),53,161156,80432,80724,91252,44052,47200,69904,36380,33524
C3713,3,0,State - PUNJAB (03),54,167411,84991,82420,93626,46791,46835,73785,38200,35585
C3713,3,0,State - PUNJAB (03),55,350969,182554,168415,218108,114148,103960,132861,68406,64455
C3713,3,0,State - PUNJAB (03),56,184970,100356,84614,104512,56713,47799,80458,43643,36815
C3713,3,0,State - PUNJAB (03),57,121770,64252,57518,68055,35300,32755,53715,28952,24763
C3713,3,0,State - PUNJAB (03),58,176178,77418,98760,107588,43846,63742,68590,33572,35018
C3713,3,0,State - PUNJAB (03),59,122668,61265,61403,70883,33789,37094,51785,27476,24309
C3713,3,0,State - PUNJAB (03),60,411681,200799,210882,279210,135747,143463,132471,65052,67419
C3713,3,0,State - PUNJAB (03),61,154524,76438,78086,93965,44942,49023,60559,31496,29063
C3713,3,0,State - PUNJAB (03),62,166385,78233,88152,111906,50456,61450,54479,27777,26702
C3713,3,0,State - PUNJAB (03),63,140619,65962,74657,90568,40352,50216,50051,25610,24441
C3713,3,0,State - PUNJAB (03),64,123381,61051,62330,79080,38328,40752,44301,22723,21578
C3713,3,0,State - PUNJAB (03),65,335024,171712,163312,237908,124166,113742,97116,47546,49570
C3713,3,0,State - PUNJAB (03),66,127308,68940,58368,84949,46543,38406,42359,22397,19962
C3713,3,0,State - PUNJAB (03),67,75649,42908,32741,49505,28019,21486,26144,14889,11255
C3713,3,0,State - PUNJAB (03),68,108458,50885,57573,75463,34042,41421,32995,16843,16152
C3713,3,0,State - PUNJAB (03),69,73149,38361,34788,48286,25054,23232,24863,13307,11556
C3713,3,0,State - PUNJAB (03),70,287428,151263,136165,209391,112996,96395,78037,38267,39770
C3713,3,0,State - PUNJAB (03),71,83464,44859,38605,54746,29895,24851,28718,14964,13754
C3713,3,0,State - PUNJAB (03),72,59922,32307,27615,39449,21153,18296,20473,11154,9319
C3713,3,0,State - PUNJAB (03),73,41327,21602,19725,26461,13408,13053,14866,8194,6672
C3713,3,0,State - PUNJAB (03),74,41331,22089,19242,26070,13669,12401,15261,8420,6841
C3713,3,0,State - PUNJAB (03),75,130215,65469,64746,92361,47450,44911,37854,18019,19835
C3713,3,0,State - PUNJAB (03),76,45358,23760,21598,29594,15596,13998,15764,8164,7600
C3713,3,0,State - PUNJAB (03),77,21980,12086,9894,13728,7308,6420,8252,4778,3474
C3713,3,0,State - PUNJAB (03),78,32546,15365,17181,22182,9898,12284,10364,5467,4897
C3713,3,0,State - PUNJAB (03),79,26567,13523,13044,18107,9112,8995,8460,4411,4049
C3713,3,0,State - PUNJAB (03),80,126592,61519,65073,95394,47386,48008,31198,14133,17065
C3713,3,0,State - PUNJAB (03),81,34526,17380,17146,23957,12157,11800,10569,5223,5346
C3713,3,0,State - PUNJAB (03),82,18956,10109,8847,12836,6778,6058,6120,3331,2789
C3713,3,0,State - PUNJAB (03),83,12713,6632,6081,8371,4224,4147,4342,2408,1934
C3713,3,0,State - PUNJAB (03),84,13548,6983,6565,9041,4605,4436,4507,2378,2129
C3713,3,0,State - PUNJAB (03),85,46084,22324,23760,33554,16625,16929,12530,5699,6831
C3713,3,0,State - PUNJAB (03),86,14830,7615,7215,10010,5159,4851,4820,2456,2364
C3713,3,0,State - PUNJAB (03),87,6286,3415,2871,4063,2173,1890,2223,1242,981
C3713,3,0,State - PUNJAB (03),88,7205,3544,3661,4927,2354,2573,2278,1190,1088
C3713,3,0,State - PUNJAB (03),89,6826,3382,3444,4785,2368,2417,2041,1014,1027
C3713,3,0,State - PUNJAB (03),90,33835,15730,18105,26156,12414,13742,7679,3316,4363
C3713,3,0,State - PUNJAB (03),91,9228,4361,4867,6548,3150,3398,2680,1211,1469
C3713,3,0,State - PUNJAB (03),92,4039,2087,1952,2788,1433,1355,1251,654,597
C3713,3,0,State - PUNJAB (03),93,2681,1435,1246,1839,973,866,842,462,380
C3713,3,0,State - PUNJAB (03),94,3091,1567,1524,2102,1068,1034,989,499,490
C3713,3,0,State - PUNJAB (03),95,9040,4292,4748,6883,3299,3584,2157,993,1164
C3713,3,0,State - PUNJAB (03),96,3787,1870,1917,2710,1364,1346,1077,506,571
C3713,3,0,State - PUNJAB (03),97,1907,953,954,1346,659,687,561,294,267
C3713,3,0,State - PUNJAB (03),98,2986,1380,1606,2238,1041,1197,748,339,409
C3713,3,0,State - PUNJAB (03),99,2300,933,1367,1768,716,1052,532,217,315
C3713,3,0,State - PUNJAB (03),100+,19041,8539,10502,13465,5877,7588,5576,2662,2914
C3713,3,0,State - PUNJAB (03),Age not stated,41522,22272,19250,29610,15833,13777,11912,6439,5473
C3713,4,0,State - CHANDIGARH (04),All ages,1055450,580663,474787,28991,17150,11841,1026459,563513,462946
C3713,4,0,State - CHANDIGARH (04),0,15732,8283,7449,547,289,258,15185,7994,7191
C3713,4,0,State - CHANDIGARH (04),1,15745,8325,7420,620,318,302,15125,8007,7118
C3713,4,0,State - CHANDIGARH (04),2,16374,8649,7725,624,336,288,15750,8313,7437
C3713,4,0,State - CHANDIGARH (04),3,16938,8951,7987,648,334,314,16290,8617,7673
C3713,4,0,State - CHANDIGARH (04),4,17065,9139,7926,582,334,248,16483,8805,7678
C3713,4,0,State - CHANDIGARH (04),5,19164,10292,8872,620,336,284,18544,9956,8588
C3713,4,0,State - CHANDIGARH (04),6,18416,9897,8519,629,335,294,17787,9562,8225
C3713,4,0,State - CHANDIGARH (04),7,18624,9987,8637,596,332,264,18028,9655,8373
C3713,4,0,State - CHANDIGARH (04),8,17271,9413,7858,555,298,257,16716,9115,7601
C3713,4,0,State - CHANDIGARH (04),9,17719,9666,8053,521,271,250,17198,9395,7803
C3713,4,0,State - CHANDIGARH (04),10,20360,11410,8950,615,350,265,19745,11060,8685
C3713,4,0,State - CHANDIGARH (04),11,18296,10180,8116,547,302,245,17749,9878,7871
C3713,4,0,State - CHANDIGARH (04),12,18673,10461,8212,499,299,200,18174,10162,8012
C3713,4,0,State - CHANDIGARH (04),13,17752,9846,7906,427,232,195,17325,9614,7711
C3713,4,0,State - CHANDIGARH (04),14,18383,10243,8140,449,238,211,17934,10005,7929
C3713,4,0,State - CHANDIGARH (04),15,18938,10603,8335,512,302,210,18426,10301,8125
C3713,4,0,State - CHANDIGARH (04),16,19554,11116,8438,505,324,181,19049,10792,8257
C3713,4,0,State - CHANDIGARH (04),17,19116,11139,7977,461,284,177,18655,10855,7800
C3713,4,0,State - CHANDIGARH (04),18,24660,14792,9868,691,486,205,23969,14306,9663
C3713,4,0,State - CHANDIGARH (04),19,22150,12871,9279,596,391,205,21554,12480,9074
C3713,4,0,State - CHANDIGARH (04),20,26129,14939,11190,757,497,260,25372,14442,10930
C3713,4,0,State - CHANDIGARH (04),21,23595,13333,10262,594,389,205,23001,12944,10057
C3713,4,0,State - CHANDIGARH (04),22,25251,14452,10799,765,484,281,24486,13968,10518
C3713,4,0,State - CHANDIGARH (04),23,23272,12874,10398,733,445,288,22539,12429,10110
C3713,4,0,State - CHANDIGARH (04),24,22997,12869,10128,744,440,304,22253,12429,9824
C3713,4,0,State - CHANDIGARH (04),25,26360,14979,11381,951,595,356,25409,14384,11025
C3713,4,0,State - CHANDIGARH (04),26,24134,13207,10927,798,459,339,23336,12748,10588
C3713,4,0,State - CHANDIGARH (04),27,20001,11085,8916,714,420,294,19287,10665,8622
C3713,4,0,State - CHANDIGARH (04),28,22493,12102,10391,813,466,347,21680,11636,10044
C3713,4,0,State - CHANDIGARH (04),29,17249,9321,7928,530,320,210,16719,9001,7718
C3713,4,0,State - CHANDIGARH (04),30,25422,14097,11325,1014,608,406,24408,13489,10919
C3713,4,0,State - CHANDIGARH (04),31,17414,9597,7817,558,339,219,16856,9258,7598
C3713,4,0,State - CHANDIGARH (04),32,18189,9950,8239,639,417,222,17550,9533,8017
C3713,4,0,State - CHANDIGARH (04),33,14619,7808,6811,450,271,179,14169,7537,6632
C3713,4,0,State - CHANDIGARH (04),34,15159,8173,6986,440,267,173,14719,7906,6813
C3713,4,0,State - CHANDIGARH (04),35,23360,13175,10185,758,489,269,22602,12686,9916
C3713,4,0,State - CHANDIGARH (04),36,17968,9818,8150,505,307,198,17463,9511,7952
C3713,4,0,State - CHANDIGARH (04),37,13544,7293,6251,370,242,128,13174,7051,6123
C3713,4,0,State - CHANDIGARH (04),38,16245,8545,7700,400,245,155,15845,8300,7545
C3713,4,0,State - CHANDIGARH (04),39,12555,6735,5820,288,172,116,12267,6563,5704
C3713,4,0,State - CHANDIGARH (04),40,20723,11551,9172,595,365,230,20128,11186,8942
C3713,4,0,State - CHANDIGARH (04),41,13938,7664,6274,272,170,102,13666,7494,6172
C3713,4,0,State - CHANDIGARH (04),42,13534,7194,6340,298,181,117,13236,7013,6223
C3713,4,0,State - CHANDIGARH (04),43,10815,5598,5217,223,134,89,10592,5464,5128
C3713,4,0,State - CHANDIGARH (04),44,9911,5261,4650,159,97,62,9752,5164,4588
C3713,4,0,State - CHANDIGARH (04),45,18245,10196,8049,390,239,151,17855,9957,7898
C3713,4,0,State - CHANDIGARH (04),46,12997,7090,5907,212,139,73,12785,6951,5834
C3713,4,0,State - CHANDIGARH (04),47,9598,5140,4458,134,85,49,9464,5055,4409
C3713,4,0,State - CHANDIGARH (04),48,11178,5854,5324,202,113,89,10976,5741,5235
C3713,4,0,State - CHANDIGARH (04),49,8334,4613,3721,111,62,49,8223,4551,3672
C3713,4,0,State - CHANDIGARH (04),50,14277,7883,6394,307,172,135,13970,7711,6259
C3713,4,0,State - CHANDIGARH (04),51,9710,5458,4252,131,80,51,9579,5378,4201
C3713,4,0,State - CHANDIGARH (04),52,8511,4796,3715,117,73,44,8394,4723,3671
C3713,4,0,State - CHANDIGARH (04),53,7249,4012,3237,81,40,41,7168,3972,3196
C3713,4,0,State - CHANDIGARH (04),54,7195,3959,3236,87,50,37,7108,3909,3199
C3713,4,0,State - CHANDIGARH (04),55,10404,5813,4591,165,87,78,10239,5726,4513
C3713,4,0,State - CHANDIGARH (04),56,8305,4782,3523,130,76,54,8175,4706,3469
C3713,4,0,State - CHANDIGARH (04),57,5615,3317,2298,56,31,25,5559,3286,2273
C3713,4,0,State - CHANDIGARH (04),58,6109,3329,2780,100,49,51,6009,3280,2729
C3713,4,0,State - CHANDIGARH (04),59,4492,2504,1988,52,29,23,4440,2475,1965
C3713,4,0,State - CHANDIGARH (04),60,8499,4361,4138,187,102,85,8312,4259,4053
C3713,4,0,State - CHANDIGARH (04),61,5344,2784,2560,97,54,43,5247,2730,2517
C3713,4,0,State - CHANDIGARH (04),62,4333,2344,1989,97,58,39,4236,2286,1950
C3713,4,0,State - CHANDIGARH (04),63,4262,2222,2040,63,35,28,4199,2187,2012
C3713,4,0,State - CHANDIGARH (04),64,3363,1819,1544,37,28,9,3326,1791,1535
C3713,4,0,State - CHANDIGARH (04),65,5276,2606,2670,105,52,53,5171,2554,2617
C3713,4,0,State - CHANDIGARH (04),66,3538,1854,1684,63,37,26,3475,1817,1658
C3713,4,0,State - CHANDIGARH (04),67,2319,1284,1035,32,22,10,2287,1262,1025
C3713,4,0,State - CHANDIGARH (04),68,2624,1363,1261,40,21,19,2584,1342,1242
C3713,4,0,State - CHANDIGARH (04),69,2082,1143,939,15,8,7,2067,1135,932
C3713,4,0,State - CHANDIGARH (04),70,4046,2039,2007,87,43,44,3959,1996,1963
C3713,4,0,State - CHANDIGARH (04),71,2531,1330,1201,43,25,18,2488,1305,1183
C3713,4,0,State - CHANDIGARH (04),72,1848,989,859,20,10,10,1828,979,849
C3713,4,0,State - CHANDIGARH (04),73,1475,812,663,19,13,6,1456,799,657
C3713,4,0,State - CHANDIGARH (04),74,1485,828,657,12,5,7,1473,823,650
C3713,4,0,State - CHANDIGARH (04),75,2201,1047,1154,37,20,17,2164,1027,1137
C3713,4,0,State - CHANDIGARH (04),76,1382,720,662,17,10,7,1365,710,655
C3713,4,0,State - CHANDIGARH (04),77,1039,547,492,9,6,3,1030,541,489
C3713,4,0,State - CHANDIGARH (04),78,983,507,476,8,5,3,975,502,473
C3713,4,0,State - CHANDIGARH (04),79,817,434,383,4,2,2,813,432,381
C3713,4,0,State - CHANDIGARH (04),80,1638,753,885,26,18,8,1612,735,877
C3713,4,0,State - CHANDIGARH (04),81,910,437,473,16,8,8,894,429,465
C3713,4,0,State - CHANDIGARH (04),82,677,360,317,4,2,2,673,358,315
C3713,4,0,State - CHANDIGARH (04),83,486,274,212,8,5,3,478,269,209
C3713,4,0,State - CHANDIGARH (04),84,496,288,208,2,1,1,494,287,207
C3713,4,0,State - CHANDIGARH (04),85,731,330,401,13,2,11,718,328,390
C3713,4,0,State - CHANDIGARH (04),86,473,225,248,5,3,2,468,222,246
C3713,4,0,State - CHANDIGARH (04),87,266,162,104,2,2,0,264,160,104
C3713,4,0,State - CHANDIGARH (04),88,236,144,92,1,0,1,235,144,91
C3713,4,0,State - CHANDIGARH (04),89,203,109,94,2,1,1,201,108,93
C3713,4,0,State - CHANDIGARH (04),90,369,171,198,4,4,0,365,167,198
C3713,4,0,State - CHANDIGARH (04),91,220,103,117,2,1,1,218,102,116
C3713,4,0,State - CHANDIGARH (04),92,129,62,67,2,1,1,127,61,66
C3713,4,0,State - CHANDIGARH (04),93,82,46,36,0,0,0,82,46,36
C3713,4,0,State - CHANDIGARH (04),94,84,41,43,1,0,1,83,41,42
C3713,4,0,State - CHANDIGARH (04),95,108,41,67,1,0,1,107,41,66
C3713,4,0,State - CHANDIGARH (04),96,101,52,49,4,1,3,97,51,46
C3713,4,0,State - CHANDIGARH (04),97,52,22,30,1,1,0,51,21,30
C3713,4,0,State - CHANDIGARH (04),98,73,41,32,1,0,1,72,41,31
C3713,4,0,State - CHANDIGARH (04),99,44,21,23,4,1,3,40,20,20
C3713,4,0,State - CHANDIGARH (04),100+,253,118,135,7,4,3,246,114,132
C3713,4,0,State - CHANDIGARH (04),Age not stated,346,201,145,6,4,2,340,197,143
C3713,5,0,State - UTTARAKHAND (05),All ages,10086292,5137773,4948519,7036954,3519042,3517912,3049338,1618731,1430607
C3713,5,0,State - UTTARAKHAND (05),0,172766,92117,80649,128337,68375,59962,44429,23742,20687
C3713,5,0,State - UTTARAKHAND (05),1,177018,94371,82647,129591,68770,60821,47427,25601,21826
C3713,5,0,State - UTTARAKHAND (05),2,184772,97265,87507,135427,70996,64431,49345,26269,23076
C3713,5,0,State - UTTARAKHAND (05),3,193915,101245,92670,141213,73540,67673,52702,27705,24997
C3713,5,0,State - UTTARAKHAND (05),4,196393,103990,92403,142725,75256,67469,53668,28734,24934
C3713,5,0,State - UTTARAKHAND (05),5,218067,116064,102003,159161,84268,74893,58906,31796,27110
C3713,5,0,State - UTTARAKHAND (05),6,212883,112147,100736,154322,80587,73735,58561,31560,27001
C3713,5,0,State - UTTARAKHAND (05),7,210340,110555,99785,152454,79455,72999,57886,31100,26786
C3713,5,0,State - UTTARAKHAND (05),8,216896,114848,102048,158202,83099,75103,58694,31749,26945
C3713,5,0,State - UTTARAKHAND (05),9,200615,106565,94050,146443,76846,69597,54172,29719,24453
C3713,5,0,State - UTTARAKHAND (05),10,250302,134113,116189,181771,96251,85520,68531,37862,30669
C3713,5,0,State - UTTARAKHAND (05),11,215036,114025,101011,156931,82153,74778,58105,31872,26233
C3713,5,0,State - UTTARAKHAND (05),12,236362,124845,111517,173745,90621,83124,62617,34224,28393
C3713,5,0,State - UTTARAKHAND (05),13,214935,111390,103545,157053,80262,76791,57882,31128,26754
C3713,5,0,State - UTTARAKHAND (05),14,228708,118901,109807,165918,85291,80627,62790,33610,29180
C3713,5,0,State - UTTARAKHAND (05),15,233790,121583,112207,168529,86504,82025,65261,35079,30182
C3713,5,0,State - UTTARAKHAND (05),16,230111,119257,110854,165057,84160,80897,65054,35097,29957
C3713,5,0,State - UTTARAKHAND (05),17,207201,108809,98392,145509,75319,70190,61692,33490,28202
C3713,5,0,State - UTTARAKHAND (05),18,254384,135318,119066,177577,92407,85170,76807,42911,33896
C3713,5,0,State - UTTARAKHAND (05),19,198624,103516,95108,136226,68679,67547,62398,34837,27561
C3713,5,0,State - UTTARAKHAND (05),20,238836,121872,116964,161696,79592,82104,77140,42280,34860
C3713,5,0,State - UTTARAKHAND (05),21,184167,93716,90451,122489,59940,62549,61678,33776,27902
C3713,5,0,State - UTTARAKHAND (05),22,205798,103140,102658,138094,66903,71191,67704,36237,31467
C3713,5,0,State - UTTARAKHAND (05),23,165947,80429,85518,110083,51386,58697,55864,29043,26821
C3713,5,0,State - UTTARAKHAND (05),24,175320,85457,89863,115665,54610,61055,59655,30847,28808
C3713,5,0,State - UTTARAKHAND (05),25,208090,102214,105876,137501,66092,71409,70589,36122,34467
C3713,5,0,State - UTTARAKHAND (05),26,168971,83362,85609,110667,53223,57444,58304,30139,28165
C3713,5,0,State - UTTARAKHAND (05),27,137729,68083,69646,88914,42914,46000,48815,25169,23646
C3713,5,0,State - UTTARAKHAND (05),28,176067,84576,91491,116591,54263,62328,59476,30313,29163
C3713,5,0,State - UTTARAKHAND (05),29,119327,59128,60199,76081,36785,39296,43246,22343,20903
C3713,5,0,State - UTTARAKHAND (05),30,224736,110763,113973,149942,71942,78000,74794,38821,35973
C3713,5,0,State - UTTARAKHAND (05),31,109814,55775,54039,69590,34610,34980,40224,21165,19059
C3713,5,0,State - UTTARAKHAND (05),32,144969,71548,73421,96664,46760,49904,48305,24788,23517
C3713,5,0,State - UTTARAKHAND (05),33,103501,50277,53224,68561,32723,35838,34940,17554,17386
C3713,5,0,State - UTTARAKHAND (05),34,115280,57064,58216,74399,35855,38544,40881,21209,19672
C3713,5,0,State - UTTARAKHAND (05),35,212511,109759,102752,141770,71791,69979,70741,37968,32773
C3713,5,0,State - UTTARAKHAND (05),36,129172,64303,64869,85724,41880,43844,43448,22423,21025
C3713,5,0,State - UTTARAKHAND (05),37,95734,47112,48622,62738,30550,32188,32996,16562,16434
C3713,5,0,State - UTTARAKHAND (05),38,137469,64319,73150,92806,42418,50388,44663,21901,22762
C3713,5,0,State - UTTARAKHAND (05),39,90614,45341,45273,58310,28603,29707,32304,16738,15566
C3713,5,0,State - UTTARAKHAND (05),40,213652,108487,105165,146323,72978,73345,67329,35509,31820
C3713,5,0,State - UTTARAKHAND (05),41,89729,46665,43064,58010,29722,28288,31719,16943,14776
C3713,5,0,State - UTTARAKHAND (05),42,110565,55030,55535,74572,36467,38105,35993,18563,17430
C3713,5,0,State - UTTARAKHAND (05),43,73946,35780,38166,48441,22820,25621,25505,12960,12545
C3713,5,0,State - UTTARAKHAND (05),44,78817,39569,39248,51306,25073,26233,27511,14496,13015
C3713,5,0,State - UTTARAKHAND (05),45,179151,91677,87474,121595,60911,60684,57556,30766,26790
C3713,5,0,State - UTTARAKHAND (05),46,89054,45213,43841,58533,29180,29353,30521,16033,14488
C3713,5,0,State - UTTARAKHAND (05),47,65054,33337,31717,42090,21021,21069,22964,12316,10648
C3713,5,0,State - UTTARAKHAND (05),48,94848,46191,48657,64058,30114,33944,30790,16077,14713
C3713,5,0,State - UTTARAKHAND (05),49,61270,31564,29706,39624,19729,19895,21646,11835,9811
C3713,5,0,State - UTTARAKHAND (05),50,160641,79265,81376,112836,53917,58919,47805,25348,22457
C3713,5,0,State - UTTARAKHAND (05),51,63390,33852,29538,41573,21614,19959,21817,12238,9579
C3713,5,0,State - UTTARAKHAND (05),52,68543,35617,32926,46774,23687,23087,21769,11930,9839
C3713,5,0,State - UTTARAKHAND (05),53,48882,25324,23558,32245,16102,16143,16637,9222,7415
C3713,5,0,State - UTTARAKHAND (05),54,55702,27966,27736,36646,17717,18929,19056,10249,8807
C3713,5,0,State - UTTARAKHAND (05),55,118112,53848,64264,83638,36535,47103,34474,17313,17161
C3713,5,0,State - UTTARAKHAND (05),56,59081,28603,30478,40094,18605,21489,18987,9998,8989
C3713,5,0,State - UTTARAKHAND (05),57,40656,20405,20251,27186,12960,14226,13470,7445,6025
C3713,5,0,State - UTTARAKHAND (05),58,56285,26358,29927,39839,17777,22062,16446,8581,7865
C3713,5,0,State - UTTARAKHAND (05),59,44327,22651,21676,30609,15085,15524,13718,7566,6152
C3713,5,0,State - UTTARAKHAND (05),60,141424,64780,76644,106937,48049,58888,34487,16731,17756
C3713,5,0,State - UTTARAKHAND (05),61,53277,27415,25862,38761,19586,19175,14516,7829,6687
C3713,5,0,State - UTTARAKHAND (05),62,57520,29896,27624,43789,22513,21276,13731,7383,6348
C3713,5,0,State - UTTARAKHAND (05),63,38856,21311,17545,27964,15151,12813,10892,6160,4732
C3713,5,0,State - UTTARAKHAND (05),64,37979,19818,18161,27340,13964,13376,10639,5854,4785
C3713,5,0,State - UTTARAKHAND (05),65,99540,46235,53305,76315,34810,41505,23225,11425,11800
C3713,5,0,State - UTTARAKHAND (05),66,39536,20326,19210,29050,14625,14425,10486,5701,4785
C3713,5,0,State - UTTARAKHAND (05),67,23723,13062,10661,16840,9025,7815,6883,4037,2846
C3713,5,0,State - UTTARAKHAND (05),68,31402,15996,15406,23145,11449,11696,8257,4547,3710
C3713,5,0,State - UTTARAKHAND (05),69,24558,12793,11765,17752,8931,8821,6806,3862,2944
C3713,5,0,State - UTTARAKHAND (05),70,84656,39139,45517,66236,30127,36109,18420,9012,9408
C3713,5,0,State - UTTARAKHAND (05),71,26729,13729,13000,19874,10007,9867,6855,3722,3133
C3713,5,0,State - UTTARAKHAND (05),72,22692,12002,10690,17199,8916,8283,5493,3086,2407
C3713,5,0,State - UTTARAKHAND (05),73,13819,7708,6111,10071,5460,4611,3748,2248,1500
C3713,5,0,State - UTTARAKHAND (05),74,15547,8392,7155,11527,6095,5432,4020,2297,1723
C3713,5,0,State - UTTARAKHAND (05),75,39794,18064,21730,30850,13868,16982,8944,4196,4748
C3713,5,0,State - UTTARAKHAND (05),76,16044,7924,8120,12065,5947,6118,3979,1977,2002
C3713,5,0,State - UTTARAKHAND (05),77,8764,4754,4010,6481,3418,3063,2283,1336,947
C3713,5,0,State - UTTARAKHAND (05),78,11187,5646,5541,8518,4190,4328,2669,1456,1213
C3713,5,0,State - UTTARAKHAND (05),79,8857,4449,4408,6647,3274,3373,2210,1175,1035
C3713,5,0,State - UTTARAKHAND (05),80,32340,14007,18333,25787,11216,14571,6553,2791,3762
C3713,5,0,State - UTTARAKHAND (05),81,9595,4511,5084,7149,3322,3827,2446,1189,1257
C3713,5,0,State - UTTARAKHAND (05),82,6959,3483,3476,5250,2640,2610,1709,843,866
C3713,5,0,State - UTTARAKHAND (05),83,4239,2172,2067,3061,1578,1483,1178,594,584
C3713,5,0,State - UTTARAKHAND (05),84,4802,2439,2363,3492,1765,1727,1310,674,636
C3713,5,0,State - UTTARAKHAND (05),85,11493,5096,6397,8711,3871,4840,2782,1225,1557
C3713,5,0,State - UTTARAKHAND (05),86,4584,2255,2329,3326,1618,1708,1258,637,621
C3713,5,0,State - UTTARAKHAND (05),87,2380,1260,1120,1685,902,783,695,358,337
C3713,5,0,State - UTTARAKHAND (05),88,2377,1167,1210,1709,824,885,668,343,325
C3713,5,0,State - UTTARAKHAND (05),89,1879,912,967,1346,661,685,533,251,282
C3713,5,0,State - UTTARAKHAND (05),90,6419,2720,3699,4925,2108,2817,1494,612,882
C3713,5,0,State - UTTARAKHAND (05),91,2479,1158,1321,1715,806,909,764,352,412
C3713,5,0,State - UTTARAKHAND (05),92,1596,749,847,1109,509,600,487,240,247
C3713,5,0,State - UTTARAKHAND (05),93,898,447,451,599,299,300,299,148,151
C3713,5,0,State - UTTARAKHAND (05),94,1058,520,538,738,364,374,320,156,164
C3713,5,0,State - UTTARAKHAND (05),95,2246,979,1267,1644,720,924,602,259,343
C3713,5,0,State - UTTARAKHAND (05),96,1153,556,597,803,391,412,350,165,185
C3713,5,0,State - UTTARAKHAND (05),97,717,347,370,492,234,258,225,113,112
C3713,5,0,State - UTTARAKHAND (05),98,907,405,502,648,277,371,259,128,131
C3713,5,0,State - UTTARAKHAND (05),99,614,275,339,468,208,260,146,67,79
C3713,5,0,State - UTTARAKHAND (05),100+,6170,3000,3170,3996,1883,2113,2174,1117,1057
C3713,5,0,State - UTTARAKHAND (05),Age not stated,16608,9312,7296,10472,5748,4724,6136,3564,2572
C3713,6,0,State - HARYANA (06),All ages,25351462,13494734,11856728,16509359,8774006,7735353,8842103,4720728,4121375
C3713,6,0,State - HARYANA (06),0,466734,254326,212408,323242,175957,147285,143492,78369,65123
C3713,6,0,State - HARYANA (06),1,468526,256720,211806,315129,172971,142158,153397,83749,69648
C3713,6,0,State - HARYANA (06),2,474646,257396,217250,322444,174826,147618,152202,82570,69632
C3713,6,0,State - HARYANA (06),3,477000,256528,220472,321525,172619,148906,155475,83909,71566
C3713,6,0,State - HARYANA (06),4,475613,258819,216794,320583,174250,146333,155030,84569,70461
C3713,6,0,State - HARYANA (06),5,519990,286865,233125,348180,192130,156050,171810,94735,77075
C3713,6,0,State - HARYANA (06),6,498212,272455,225757,334009,182337,151672,164203,90118,74085
C3713,6,0,State - HARYANA (06),7,497749,270994,226755,333177,181029,152148,164572,89965,74607
C3713,6,0,State - HARYANA (06),8,513907,281655,232252,348535,190498,158037,165372,91157,74215
C3713,6,0,State - HARYANA (06),9,468899,259856,209043,315981,174478,141503,152918,85378,67540
C3713,6,0,State - HARYANA (06),10,573702,320318,253384,386126,214227,171899,187576,106091,81485
C3713,6,0,State - HARYANA (06),11,506884,282039,224845,343636,190067,153569,163248,91972,71276
C3713,6,0,State - HARYANA (06),12,550890,305753,245137,376432,208087,168345,174458,97666,76792
C3713,6,0,State - HARYANA (06),13,508706,277252,231454,346721,188180,158541,161985,89072,72913
C3713,6,0,State - HARYANA (06),14,528496,288774,239722,359944,195525,164419,168552,93249,75303
C3713,6,0,State - HARYANA (06),15,553727,306076,247651,376899,207291,169608,176828,98785,78043
C3713,6,0,State - HARYANA (06),16,545635,302833,242802,372016,205491,166525,173619,97342,76277
C3713,6,0,State - HARYANA (06),17,490393,274242,216151,328020,182705,145315,162373,91537,70836
C3713,6,0,State - HARYANA (06),18,607791,340968,266823,407575,227291,180284,200216,113677,86539
C3713,6,0,State - HARYANA (06),19,479844,263429,216415,315481,171613,143868,164363,91816,72547
C3713,6,0,State - HARYANA (06),20,614449,330697,283752,408674,219197,189477,205775,111500,94275
C3713,6,0,State - HARYANA (06),21,484572,262284,222288,311331,169039,142292,173241,93245,79996
C3713,6,0,State - HARYANA (06),22,535670,290891,244779,347678,190377,157301,187992,100514,87478
C3713,6,0,State - HARYANA (06),23,461656,241904,219752,293805,154375,139430,167851,87529,80322
C3713,6,0,State - HARYANA (06),24,471139,247023,224116,297091,156589,140502,174048,90434,83614
C3713,6,0,State - HARYANA (06),25,568971,305014,263957,361600,197000,164600,207371,108014,99357
C3713,6,0,State - HARYANA (06),26,473539,252401,221138,294546,158745,135801,178993,93656,85337
C3713,6,0,State - HARYANA (06),27,383320,206915,176405,233195,127582,105613,150125,79333,70792
C3713,6,0,State - HARYANA (06),28,497051,250878,246173,314197,158508,155689,182854,92370,90484
C3713,6,0,State - HARYANA (06),29,309078,163132,145946,180703,95894,84809,128375,67238,61137
C3713,6,0,State - HARYANA (06),30,599403,316606,282797,383685,204019,179666,215718,112587,103131
C3713,6,0,State - HARYANA (06),31,293639,156029,137610,170222,91454,78768,123417,64575,58842
C3713,6,0,State - HARYANA (06),32,398901,205197,193704,250920,129157,121763,147981,76040,71941
C3713,6,0,State - HARYANA (06),33,295496,144143,151353,183936,88091,95845,111560,56052,55508
C3713,6,0,State - HARYANA (06),34,306152,154869,151283,185437,92688,92749,120715,62181,58534
C3713,6,0,State - HARYANA (06),35,554447,303559,250888,351504,194679,156825,202943,108880,94063
C3713,6,0,State - HARYANA (06),36,342705,178867,163838,211109,110934,100175,131596,67933,63663
C3713,6,0,State - HARYANA (06),37,255028,132738,122290,154401,81109,73292,100627,51629,48998
C3713,6,0,State - HARYANA (06),38,383744,181199,202545,248310,115087,133223,135434,66112,69322
C3713,6,0,State - HARYANA (06),39,225939,116354,109585,132289,67701,64588,93650,48653,44997
C3713,6,0,State - HARYANA (06),40,562005,305227,256778,368603,201013,167590,193402,104214,89188
C3713,6,0,State - HARYANA (06),41,231401,126026,105375,134959,74080,60879,96442,51946,44496
C3713,6,0,State - HARYANA (06),42,304442,158978,145464,193819,101166,92653,110623,57812,52811
C3713,6,0,State - HARYANA (06),43,212931,100813,112118,133081,60825,72256,79850,39988,39862
C3713,6,0,State - HARYANA (06),44,195171,99537,95634,116907,58872,58035,78264,40665,37599
C3713,6,0,State - HARYANA (06),45,460362,255445,204917,295727,166264,129463,164635,89181,75454
C3713,6,0,State - HARYANA (06),46,227824,121532,106292,135944,72766,63178,91880,48766,43114
C3713,6,0,State - HARYANA (06),47,163889,86253,77636,96418,50592,45826,67471,35661,31810
C3713,6,0,State - HARYANA (06),48,249969,118656,131313,157566,72407,85159,92403,46249,46154
C3713,6,0,State - HARYANA (06),49,139770,73863,65907,79399,41309,38090,60371,32554,27817
C3713,6,0,State - HARYANA (06),50,404314,216063,188251,264879,142656,122223,139435,73407,66028
C3713,6,0,State - HARYANA (06),51,146510,80784,65726,82668,45742,36926,63842,35042,28800
C3713,6,0,State - HARYANA (06),52,169102,89048,80054,102838,53646,49192,66264,35402,30862
C3713,6,0,State - HARYANA (06),53,124375,62294,62081,72395,34398,37997,51980,27896,24084
C3713,6,0,State - HARYANA (06),54,120927,62499,58428,67508,34053,33455,53419,28446,24973
C3713,6,0,State - HARYANA (06),55,273371,140421,132950,174528,89913,84615,98843,50508,48335
C3713,6,0,State - HARYANA (06),56,141379,75622,65757,82846,43850,38996,58533,31772,26761
C3713,6,0,State - HARYANA (06),57,92984,48095,44889,53367,26592,26775,39617,21503,18114
C3713,6,0,State - HARYANA (06),58,150181,65003,85178,97379,39188,58191,52802,25815,26987
C3713,6,0,State - HARYANA (06),59,93023,45068,47955,54768,24801,29967,38255,20267,17988
C3713,6,0,State - HARYANA (06),60,344384,161023,183361,240033,110753,129280,104351,50270,54081
C3713,6,0,State - HARYANA (06),61,135961,66648,69313,88268,42056,46212,47693,24592,23101
C3713,6,0,State - HARYANA (06),62,162539,83756,78783,114411,58709,55702,48128,25047,23081
C3713,6,0,State - HARYANA (06),63,115662,57881,57781,77023,37491,39532,38639,20390,18249
C3713,6,0,State - HARYANA (06),64,85803,44650,41153,54222,27627,26595,31581,17023,14558
C3713,6,0,State - HARYANA (06),65,242107,121779,120328,172992,87772,85220,69115,34007,35108
C3713,6,0,State - HARYANA (06),66,88333,46503,41830,57422,29916,27506,30911,16587,14324
C3713,6,0,State - HARYANA (06),67,51495,28125,23370,32467,17346,15121,19028,10779,8249
C3713,6,0,State - HARYANA (06),68,77022,35656,41366,52387,22975,29412,24635,12681,11954
C3713,6,0,State - HARYANA (06),69,45482,23207,22275,28159,13730,14429,17323,9477,7846
C3713,6,0,State - HARYANA (06),70,205764,100680,105084,150681,74585,76096,55083,26095,28988
C3713,6,0,State - HARYANA (06),71,58886,29990,28896,38562,19588,18974,20324,10402,9922
C3713,6,0,State - HARYANA (06),72,50949,27071,23878,34440,18256,16184,16509,8815,7694
C3713,6,0,State - HARYANA (06),73,30863,15842,15021,19738,9615,10123,11125,6227,4898
C3713,6,0,State - HARYANA (06),74,27699,14721,12978,16977,8730,8247,10722,5991,4731
C3713,6,0,State - HARYANA (06),75,99155,48521,50634,71398,35562,35836,27757,12959,14798
C3713,6,0,State - HARYANA (06),76,35249,17836,17413,23720,11966,11754,11529,5870,5659
C3713,6,0,State - HARYANA (06),77,18195,10039,8156,11892,6421,5471,6303,3618,2685
C3713,6,0,State - HARYANA (06),78,26872,12872,14000,18832,8699,10133,8040,4173,3867
C3713,6,0,State - HARYANA (06),79,16746,8424,8322,11122,5453,5669,5624,2971,2653
C3713,6,0,State - HARYANA (06),80,91038,42611,48427,69264,33168,36096,21774,9443,12331
C3713,6,0,State - HARYANA (06),81,25160,12127,13033,17606,8600,9006,7554,3527,4027
C3713,6,0,State - HARYANA (06),82,17050,8963,8087,12142,6371,5771,4908,2592,2316
C3713,6,0,State - HARYANA (06),83,10292,5388,4904,6858,3519,3339,3434,1869,1565
C3713,6,0,State - HARYANA (06),84,8855,4706,4149,5730,3052,2678,3125,1654,1471
C3713,6,0,State - HARYANA (06),85,33341,15985,17356,24276,12084,12192,9065,3901,5164
C3713,6,0,State - HARYANA (06),86,11483,5859,5624,7806,4100,3706,3677,1759,1918
C3713,6,0,State - HARYANA (06),87,5208,2915,2293,3444,1956,1488,1764,959,805
C3713,6,0,State - HARYANA (06),88,6257,3239,3018,4313,2256,2057,1944,983,961
C3713,6,0,State - HARYANA (06),89,4206,2099,2107,2741,1405,1336,1465,694,771
C3713,6,0,State - HARYANA (06),90,22024,10234,11790,16693,7986,8707,5331,2248,3083
C3713,6,0,State - HARYANA (06),91,6039,2840,3199,4166,1972,2194,1873,868,1005
C3713,6,0,State - HARYANA (06),92,3964,2122,1842,2807,1528,1279,1157,594,563
C3713,6,0,State - HARYANA (06),93,2538,1309,1229,1727,904,823,811,405,406
C3713,6,0,State - HARYANA (06),94,2293,1178,1115,1512,808,704,781,370,411
C3713,6,0,State - HARYANA (06),95,6283,2965,3318,4671,2253,2418,1612,712,900
C3713,6,0,State - HARYANA (06),96,2774,1373,1401,1899,931,968,875,442,433
C3713,6,0,State - HARYANA (06),97,1552,808,744,1056,562,494,496,246,250
C3713,6,0,State - HARYANA (06),98,2242,1047,1195,1608,746,862,634,301,333
C3713,6,0,State - HARYANA (06),99,1460,652,808,1065,486,579,395,166,229
C3713,6,0,State - HARYANA (06),100+,10530,4977,5553,6761,3128,3633,3769,1849,1920
C3713,6,0,State - HARYANA (06),Age not stated,31534,16888,14646,20581,11011,9570,10953,5877,5076
C3713,7,0,State - NCT OF DELHI (07),All ages,16787941,8987326,7800615,419042,226321,192721,16368899,8761005,7607894
C3713,7,0,State - NCT OF DELHI (07),0,254697,135801,118896,7353,4068,3285,247344,131733,115611
C3713,7,0,State - NCT OF DELHI (07),1,271648,145143,126505,7568,4141,3427,264080,141002,123078
C3713,7,0,State - NCT OF DELHI (07),2,281664,148868,132796,8084,4449,3635,273580,144419,129161
C3713,7,0,State - NCT OF DELHI (07),3,285599,150577,135022,7991,4298,3693,277608,146279,131329
C3713,7,0,State - NCT OF DELHI (07),4,287592,153947,133645,8129,4525,3604,279463,149422,130041
C3713,7,0,State - NCT OF DELHI (07),5,322952,175420,147532,9183,5159,4024,313769,170261,143508
C3713,7,0,State - NCT OF DELHI (07),6,308302,165684,142618,8408,4619,3789,299894,161065,138829
C3713,7,0,State - NCT OF DELHI (07),7,306299,163769,142530,8514,4710,3804,297785,159059,138726
C3713,7,0,State - NCT OF DELHI (07),8,308389,166754,141635,8534,4705,3829,299855,162049,137806
C3713,7,0,State - NCT OF DELHI (07),9,290030,157860,132170,7955,4505,3450,282075,153355,128720
C3713,7,0,State - NCT OF DELHI (07),10,363540,199751,163789,10471,5823,4648,353069,193928,159141
C3713,7,0,State - NCT OF DELHI (07),11,313738,170780,142958,8562,4770,3792,305176,166010,139166
C3713,7,0,State - NCT OF DELHI (07),12,335583,183037,152546,9423,5240,4183,326160,177797,148363
C3713,7,0,State - NCT OF DELHI (07),13,310246,166567,143679,8617,4835,3782,301629,161732,139897
C3713,7,0,State - NCT OF DELHI (07),14,325040,175311,149729,8810,4811,3999,316230,170500,145730
C3713,7,0,State - NCT OF DELHI (07),15,334622,183018,151604,9078,4996,4082,325544,178022,147522
C3713,7,0,State - NCT OF DELHI (07),16,327551,179164,148387,8989,4988,4001,318562,174176,144386
C3713,7,0,State - NCT OF DELHI (07),17,309686,171583,138103,8211,4707,3504,301475,166876,134599
C3713,7,0,State - NCT OF DELHI (07),18,384172,217908,166264,10169,5802,4367,374003,212106,161897
C3713,7,0,State - NCT OF DELHI (07),19,311344,173445,137899,7920,4423,3497,303424,169022,134402
C3713,7,0,State - NCT OF DELHI (07),20,398344,218155,180189,10523,5631,4892,387821,212524,175297
C3713,7,0,State - NCT OF DELHI (07),21,328287,179370,148917,8256,4503,3753,320031,174867,145164
C3713,7,0,State - NCT OF DELHI (07),22,374251,202588,171663,9527,5272,4255,364724,197316,167408
C3713,7,0,State - NCT OF DELHI (07),23,322571,171041,151530,7797,4057,3740,314774,166984,147790
C3713,7,0,State - NCT OF DELHI (07),24,340607,180257,160350,8304,4342,3962,332303,175915,156388
C3713,7,0,State - NCT OF DELHI (07),25,411939,215787,196152,10221,5395,4826,401718,210392,191326
C3713,7,0,State - NCT OF DELHI (07),26,356500,187815,168685,8455,4376,4079,348045,183439,164606
C3713,7,0,State - NCT OF DELHI (07),27,294983,157514,137469,6720,3610,3110,288263,153904,134359
C3713,7,0,State - NCT OF DELHI (07),28,362153,188212,173941,8564,4414,4150,353589,183798,169791
C3713,7,0,State - NCT OF DELHI (07),29,242751,128868,113883,5290,2789,2501,237461,126079,111382
C3713,7,0,State - NCT OF DELHI (07),30,444290,234151,210139,11091,5682,5409,433199,228469,204730
C3713,7,0,State - NCT OF DELHI (07),31,237400,128112,109288,5138,2673,2465,232262,125439,106823
C3713,7,0,State - NCT OF DELHI (07),32,304453,161530,142923,7361,3755,3606,297092,157775,139317
C3713,7,0,State - NCT OF DELHI (07),33,214917,111309,103608,4941,2536,2405,209976,108773,101203
C3713,7,0,State - NCT OF DELHI (07),34,233639,122353,111286,5302,2785,2517,228337,119568,108769
C3713,7,0,State - NCT OF DELHI (07),35,410699,224792,185907,10662,5815,4847,400037,218977,181060
C3713,7,0,State - NCT OF DELHI (07),36,258025,135842,122183,6060,3186,2874,251965,132656,119309
C3713,7,0,State - NCT OF DELHI (07),37,200353,105526,94827,4490,2394,2096,195863,103132,92731
C3713,7,0,State - NCT OF DELHI (07),38,270093,136171,133922,6461,3171,3290,263632,133000,130632
C3713,7,0,State - NCT OF DELHI (07),39,180074,96124,83950,3975,2172,1803,176099,93952,82147
C3713,7,0,State - NCT OF DELHI (07),40,384411,211406,173005,10189,5683,4506,374222,205723,168499
C3713,7,0,State - NCT OF DELHI (07),41,186329,102086,84243,4069,2295,1774,182260,99791,82469
C3713,7,0,State - NCT OF DELHI (07),42,220251,117844,102407,5110,2797,2313,215141,115047,100094
C3713,7,0,State - NCT OF DELHI (07),43,154663,79612,75051,3285,1630,1655,151378,77982,73396
C3713,7,0,State - NCT OF DELHI (07),44,151543,79910,71633,3309,1775,1534,148234,78135,70099
C3713,7,0,State - NCT OF DELHI (07),45,312944,173543,139401,7710,4350,3360,305234,169193,136041
C3713,7,0,State - NCT OF DELHI (07),46,176021,94736,81285,3743,2110,1633,172278,92626,79652
C3713,7,0,State - NCT OF DELHI (07),47,133935,72645,61290,2584,1442,1142,131351,71203,60148
C3713,7,0,State - NCT OF DELHI (07),48,173787,91109,82678,3631,1913,1718,170156,89196,80960
C3713,7,0,State - NCT OF DELHI (07),49,114526,63194,51332,2008,1166,842,112518,62028,50490
C3713,7,0,State - NCT OF DELHI (07),50,249792,135535,114257,6281,3414,2867,243511,132121,111390
C3713,7,0,State - NCT OF DELHI (07),51,117880,65681,52199,2181,1249,932,115699,64432,51267
C3713,7,0,State - NCT OF DELHI (07),52,123780,68089,55691,2431,1327,1104,121349,66762,54587
C3713,7,0,State - NCT OF DELHI (07),53,97002,53264,43738,1702,937,765,95300,52327,42973
C3713,7,0,State - NCT OF DELHI (07),54,99015,53653,45362,1752,990,762,97263,52663,44600
C3713,7,0,State - NCT OF DELHI (07),55,171408,89496,81912,4043,2132,1911,167365,87364,80001
C3713,7,0,State - NCT OF DELHI (07),56,102959,55451,47508,1940,1038,902,101019,54413,46606
C3713,7,0,State - NCT OF DELHI (07),57,74115,40270,33845,1278,681,597,72837,39589,33248
C3713,7,0,State - NCT OF DELHI (07),58,92058,46956,45102,1849,886,963,90209,46070,44139
C3713,7,0,State - NCT OF DELHI (07),59,68352,37012,31340,1189,635,554,67163,36377,30786
C3713,7,0,State - NCT OF DELHI (07),60,181998,86363,95635,5036,2273,2763,176962,84090,92872
C3713,7,0,State - NCT OF DELHI (07),61,82653,41977,40676,1885,903,982,80768,41074,39694
C3713,7,0,State - NCT OF DELHI (07),62,84901,44348,40553,2143,1106,1037,82758,43242,39516
C3713,7,0,State - NCT OF DELHI (07),63,67873,36179,31694,1496,817,679,66377,35362,31015
C3713,7,0,State - NCT OF DELHI (07),64,54594,29236,25358,1064,601,463,53530,28635,24895
C3713,7,0,State - NCT OF DELHI (07),65,109926,53707,56219,2987,1429,1558,106939,52278,54661
C3713,7,0,State - NCT OF DELHI (07),66,52847,27071,25776,1076,538,538,51771,26533,25238
C3713,7,0,State - NCT OF DELHI (07),67,35778,19632,16146,645,372,273,35133,19260,15873
C3713,7,0,State - NCT OF DELHI (07),68,43455,22587,20868,861,471,390,42594,22116,20478
C3713,7,0,State - NCT OF DELHI (07),69,30446,16401,14045,554,315,239,29892,16086,13806
C3713,7,0,State - NCT OF DELHI (07),70,81809,38302,43507,2404,1172,1232,79405,37130,42275
C3713,7,0,State - NCT OF DELHI (07),71,35350,17754,17596,781,364,417,34569,17390,17179
C3713,7,0,State - NCT OF DELHI (07),72,29392,15490,13902,500,262,238,28892,15228,13664
C3713,7,0,State - NCT OF DELHI (07),73,21681,11797,9884,325,193,132,21356,11604,9752
C3713,7,0,State - NCT OF DELHI (07),74,21018,11604,9414,308,180,128,20710,11424,9286
C3713,7,0,State - NCT OF DELHI (07),75,41458,19360,22098,1069,487,582,40389,18873,21516
C3713,7,0,State - NCT OF DELHI (07),76,21286,10767,10519,381,190,191,20905,10577,10328
C3713,7,0,State - NCT OF DELHI (07),77,12940,7101,5839,181,85,96,12759,7016,5743
C3713,7,0,State - NCT OF DELHI (07),78,14576,7720,6856,269,144,125,14307,7576,6731
C3713,7,0,State - NCT OF DELHI (07),79,10433,5498,4935,147,74,73,10286,5424,4862
C3713,7,0,State - NCT OF DELHI (07),80,30342,12953,17389,975,436,539,29367,12517,16850
C3713,7,0,State - NCT OF DELHI (07),81,12373,5826,6547,247,108,139,12126,5718,6408
C3713,7,0,State - NCT OF DELHI (07),82,8505,4518,3987,163,83,80,8342,4435,3907
C3713,7,0,State - NCT OF DELHI (07),83,6205,3402,2803,113,57,56,6092,3345,2747
C3713,7,0,State - NCT OF DELHI (07),84,5603,3041,2562,80,54,26,5523,2987,2536
C3713,7,0,State - NCT OF DELHI (07),85,12145,5370,6775,398,199,199,11747,5171,6576
C3713,7,0,State - NCT OF DELHI (07),86,5738,2813,2925,134,73,61,5604,2740,2864
C3713,7,0,State - NCT OF DELHI (07),87,3299,1901,1398,61,37,24,3238,1864,1374
C3713,7,0,State - NCT OF DELHI (07),88,2795,1536,1259,60,35,25,2735,1501,1234
C3713,7,0,State - NCT OF DELHI (07),89,2038,1130,908,38,22,16,2000,1108,892
C3713,7,0,State - NCT OF DELHI (07),90,6190,2567,3623,230,107,123,5960,2460,3500
C3713,7,0,State - NCT OF DELHI (07),91,2954,1406,1548,77,38,39,2877,1368,1509
C3713,7,0,State - NCT OF DELHI (07),92,2048,1059,989,55,32,23,1993,1027,966
C3713,7,0,State - NCT OF DELHI (07),93,1311,714,597,37,22,15,1274,692,582
C3713,7,0,State - NCT OF DELHI (07),94,1269,629,640,38,13,25,1231,616,615
C3713,7,0,State - NCT OF DELHI (07),95,2336,1134,1202,82,43,39,2254,1091,1163
C3713,7,0,State - NCT OF DELHI (07),96,1509,757,752,54,28,26,1455,729,726
C3713,7,0,State - NCT OF DELHI (07),97,907,487,420,23,12,11,884,475,409
C3713,7,0,State - NCT OF DELHI (07),98,985,521,464,30,19,11,955,502,453
C3713,7,0,State - NCT OF DELHI (07),99,541,249,292,23,10,13,518,239,279
C3713,7,0,State - NCT OF DELHI (07),100+,3938,1848,2090,104,54,50,3834,1794,2040
C3713,7,0,State - NCT OF DELHI (07),Age not stated,16702,9175,7527,517,281,236,16185,8894,7291
C3713,8,0,State - RAJASTHAN (08),All ages,68548437,35550997,32997440,51500352,26641747,24858605,17048085,8909250,8138835
C3713,8,0,State - RAJASTHAN (08),0,1357306,722108,635198,1080281,574024,506257,277025,148084,128941
C3713,8,0,State - RAJASTHAN (08),1,1369950,733983,635967,1071859,573923,497936,298091,160060,138031
C3713,8,0,State - RAJASTHAN (08),2,1547358,817121,730237,1230353,649630,580723,317005,167491,149514
C3713,8,0,State - RAJASTHAN (08),3,1528130,796994,731136,1205749,628019,577730,322381,168975,153406
C3713,8,0,State - RAJASTHAN (08),4,1499426,788368,711058,1182682,620134,562548,316744,168234,148510
C3713,8,0,State - RAJASTHAN (08),5,1706688,915046,791642,1345995,718634,627361,360693,196412,164281
C3713,8,0,State - RAJASTHAN (08),6,1640646,865556,775090,1297964,682235,615729,342682,183321,159361
C3713,8,0,State - RAJASTHAN (08),7,1523671,802370,721301,1188113,624090,564023,335558,178280,157278
C3713,8,0,State - RAJASTHAN (08),8,1767805,932409,835396,1401479,736168,665311,366326,196241,170085
C3713,8,0,State - RAJASTHAN (08),9,1403928,743492,660436,1092828,575854,516974,311100,167638,143462
C3713,8,0,State - RAJASTHAN (08),10,1973335,1046140,927195,1555926,820171,735755,417409,225969,191440
C3713,8,0,State - RAJASTHAN (08),11,1520709,809002,711707,1181835,627418,554417,338874,181584,157290
C3713,8,0,State - RAJASTHAN (08),12,1799936,955169,844767,1414659,748140,666519,385277,207029,178248
C3713,8,0,State - RAJASTHAN (08),13,1523295,795839,727456,1176802,614099,562703,346493,181740,164753
C3713,8,0,State - RAJASTHAN (08),14,1563243,824546,738697,1207967,636904,571063,355276,187642,167634
C3713,8,0,State - RAJASTHAN (08),15,1619644,867769,751875,1241255,664544,576711,378389,203225,175164
C3713,8,0,State - RAJASTHAN (08),16,1555943,831610,724333,1190644,636615,554029,365299,194995,170304
C3713,8,0,State - RAJASTHAN (08),17,1235765,666499,569266,909561,490892,418669,326204,175607,150597
C3713,8,0,State - RAJASTHAN (08),18,1757598,931689,825909,1326719,700636,626083,430879,231053,199826
C3713,8,0,State - RAJASTHAN (08),19,1145067,592307,552760,828756,425396,403360,316311,166911,149400
C3713,8,0,State - RAJASTHAN (08),20,1791141,934787,856354,1348408,707304,641104,442733,227483,215250
C3713,8,0,State - RAJASTHAN (08),21,1114169,607832,506337,793165,436891,356274,321004,170941,150063
C3713,8,0,State - RAJASTHAN (08),22,1385403,756582,628821,1017575,563101,454474,367828,193481,174347
C3713,8,0,State - RAJASTHAN (08),23,1074210,536706,537504,770791,381964,388827,303419,154742,148677
C3713,8,0,State - RAJASTHAN (08),24,1061571,541576,519995,752822,382414,370408,308749,159162,149587
C3713,8,0,State - RAJASTHAN (08),25,1564127,862408,701719,1146780,647714,499066,417347,214694,202653
C3713,8,0,State - RAJASTHAN (08),26,1039906,546662,493244,734259,386514,347745,305647,160148,145499
C3713,8,0,State - RAJASTHAN (08),27,829737,433504,396233,575295,299645,275650,254442,133859,120583
C3713,8,0,State - RAJASTHAN (08),28,1259430,590952,668478,929389,426949,502440,330041,164003,166038
C3713,8,0,State - RAJASTHAN (08),29,655297,329533,325764,446970,221031,225939,208327,108502,99825
C3713,8,0,State - RAJASTHAN (08),30,1713925,917649,796276,1266318,688769,577549,447607,228880,218727
C3713,8,0,State - RAJASTHAN (08),31,630922,333572,297350,429613,227464,202149,201309,106108,95201
C3713,8,0,State - RAJASTHAN (08),32,994181,495337,498844,725643,359288,366355,268538,136049,132489
C3713,8,0,State - RAJASTHAN (08),33,697686,308887,388799,506966,214681,292285,190720,94206,96514
C3713,8,0,State - RAJASTHAN (08),34,685969,329124,356845,484277,225909,258368,201692,103215,98477
C3713,8,0,State - RAJASTHAN (08),35,1498081,846216,651865,1087057,627559,459498,411024,218657,192367
C3713,8,0,State - RAJASTHAN (08),36,775195,398621,376574,555400,285372,270028,219795,113249,106546
C3713,8,0,State - RAJASTHAN (08),37,557122,273234,283888,390737,188955,201782,166385,84279,82106
C3713,8,0,State - RAJASTHAN (08),38,1005675,438341,567334,753780,319275,434505,251895,119066,132829
C3713,8,0,State - RAJASTHAN (08),39,498491,245378,253113,343421,164673,178748,155070,80705,74365
C3713,8,0,State - RAJASTHAN (08),40,1542695,848707,693988,1145417,639292,506125,397278,209415,187863
C3713,8,0,State - RAJASTHAN (08),41,499225,268010,231215,339455,182468,156987,159770,85542,74228
C3713,8,0,State - RAJASTHAN (08),42,745048,377358,367690,545635,274119,271516,199413,103239,96174
C3713,8,0,State - RAJASTHAN (08),43,500002,215195,284807,361508,147303,214205,138494,67892,70602
C3713,8,0,State - RAJASTHAN (08),44,448385,217646,230739,312786,147412,165374,135599,70234,65365
C3713,8,0,State - RAJASTHAN (08),45,1258366,704064,554302,920327,525170,395157,338039,178894,159145
C3713,8,0,State - RAJASTHAN (08),46,512148,264988,247160,358113,184170,173943,154035,80818,73217
C3713,8,0,State - RAJASTHAN (08),47,379713,185132,194581,263003,123998,139005,116710,61134,55576
C3713,8,0,State - RAJASTHAN (08),48,670726,289959,380767,503585,208329,295256,167141,81630,85511
C3713,8,0,State - RAJASTHAN (08),49,324451,164369,160082,220643,108401,112242,103808,55968,47840
C3713,8,0,State - RAJASTHAN (08),50,1192020,665163,526857,898310,510081,388229,293710,155082,138628
C3713,8,0,State - RAJASTHAN (08),51,340225,191211,149014,230003,129612,100391,110222,61599,48623
C3713,8,0,State - RAJASTHAN (08),52,422944,220700,202244,305609,156836,148773,117335,63864,53471
C3713,8,0,State - RAJASTHAN (08),53,288568,131411,157157,201650,84442,117208,86918,46969,39949
C3713,8,0,State - RAJASTHAN (08),54,273051,136522,136529,182057,87123,94934,90994,49399,41595
C3713,8,0,State - RAJASTHAN (08),55,818593,430930,387663,613274,327762,285512,205319,103168,102151
C3713,8,0,State - RAJASTHAN (08),56,311133,161476,149657,216783,110692,106091,94350,50784,43566
C3713,8,0,State - RAJASTHAN (08),57,207009,99048,107961,142026,63530,78496,64983,35518,29465
C3713,8,0,State - RAJASTHAN (08),58,365938,148269,217669,278224,104148,174076,87714,44121,43593
C3713,8,0,State - RAJASTHAN (08),59,194776,96143,98633,133572,62537,71035,61204,33606,27598
C3713,8,0,State - RAJASTHAN (08),60,914904,466184,448720,718027,370975,347052,196877,95209,101668
C3713,8,0,State - RAJASTHAN (08),61,239423,125354,114069,172054,89417,82637,67369,35937,31432
C3713,8,0,State - RAJASTHAN (08),62,275959,135939,140020,209179,100864,108315,66780,35075,31705
C3713,8,0,State - RAJASTHAN (08),63,183653,81999,101654,133070,54657,78413,50583,27342,23241
C3713,8,0,State - RAJASTHAN (08),64,156200,74548,81652,110999,50359,60640,45201,24189,21012
C3713,8,0,State - RAJASTHAN (08),65,650736,311363,339373,512680,248178,264502,138056,63185,74871
C3713,8,0,State - RAJASTHAN (08),66,194217,96121,98096,145339,71186,74153,48878,24935,23943
C3713,8,0,State - RAJASTHAN (08),67,115532,56665,58867,84282,39577,44705,31250,17088,14162
C3713,8,0,State - RAJASTHAN (08),68,194095,76147,117948,152230,55814,96416,41865,20333,21532
C3713,8,0,State - RAJASTHAN (08),69,105796,49175,56621,76789,34121,42668,29007,15054,13953
C3713,8,0,State - RAJASTHAN (08),70,624121,298081,326040,504067,244032,260035,120054,54049,66005
C3713,8,0,State - RAJASTHAN (08),71,139666,68825,70841,105019,51236,53783,34647,17589,17058
C3713,8,0,State - RAJASTHAN (08),72,124555,61887,62668,95351,46416,48935,29204,15471,13733
C3713,8,0,State - RAJASTHAN (08),73,66610,31182,35428,47981,20951,27030,18629,10231,8398
C3713,8,0,State - RAJASTHAN (08),74,61963,30036,31927,43012,19821,23191,18951,10215,8736
C3713,8,0,State - RAJASTHAN (08),75,264908,118780,146128,208090,93846,114244,56818,24934,31884
C3713,8,0,State - RAJASTHAN (08),76,76499,35811,40688,56339,25694,30645,20160,10117,10043
C3713,8,0,State - RAJASTHAN (08),77,39152,19256,19896,27823,12901,14922,11329,6355,4974
C3713,8,0,State - RAJASTHAN (08),78,60603,25632,34971,46173,18293,27880,14430,7339,7091
C3713,8,0,State - RAJASTHAN (08),79,36493,16537,19956,26217,11280,14937,10276,5257,5019
C3713,8,0,State - RAJASTHAN (08),80,231989,97963,134026,186780,79753,107027,45209,18210,26999
C3713,8,0,State - RAJASTHAN (08),81,48749,21556,27193,36645,15964,20681,12104,5592,6512
C3713,8,0,State - RAJASTHAN (08),82,32299,15385,16914,24201,11269,12932,8098,4116,3982
C3713,8,0,State - RAJASTHAN (08),83,17699,8262,9437,12538,5562,6976,5161,2700,2461
C3713,8,0,State - RAJASTHAN (08),84,16869,8188,8681,11408,5398,6010,5461,2790,2671
C3713,8,0,State - RAJASTHAN (08),85,70928,30311,40617,53875,23442,30433,17053,6869,10184
C3713,8,0,State - RAJASTHAN (08),86,19720,8949,10771,14182,6450,7732,5538,2499,3039
C3713,8,0,State - RAJASTHAN (08),87,9368,4650,4718,6465,3111,3354,2903,1539,1364
C3713,8,0,State - RAJASTHAN (08),88,10933,4766,6167,7911,3284,4627,3022,1482,1540
C3713,8,0,State - RAJASTHAN (08),89,7728,3260,4468,5376,2181,3195,2352,1079,1273
C3713,8,0,State - RAJASTHAN (08),90,45372,17330,28042,35320,13641,21679,10052,3689,6363
C3713,8,0,State - RAJASTHAN (08),91,10516,4312,6204,7689,3153,4536,2827,1159,1668
C3713,8,0,State - RAJASTHAN (08),92,6907,3101,3806,5055,2255,2800,1852,846,1006
C3713,8,0,State - RAJASTHAN (08),93,4011,1838,2173,2840,1307,1533,1171,531,640
C3713,8,0,State - RAJASTHAN (08),94,4137,1812,2325,2896,1251,1645,1241,561,680
C3713,8,0,State - RAJASTHAN (08),95,13422,5452,7970,10041,4192,5849,3381,1260,2121
C3713,8,0,State - RAJASTHAN (08),96,5034,2204,2830,3697,1622,2075,1337,582,755
C3713,8,0,State - RAJASTHAN (08),97,2951,1298,1653,2075,880,1195,876,418,458
C3713,8,0,State - RAJASTHAN (08),98,5214,2088,3126,3959,1587,2372,1255,501,754
C3713,8,0,State - RAJASTHAN (08),99,2588,975,1613,1966,729,1237,622,246,376
C3713,8,0,State - RAJASTHAN (08),100+,20619,9041,11578,14152,6019,8133,6467,3022,3445
C3713,8,0,State - RAJASTHAN (08),Age not stated,269602,137515,132087,214487,108656,105831,55115,28859,26256
C3713,9,0,State - UTTAR PRADESH (09),All ages,199812341,104480510,95331831,155317278,80992995,74324283,44495063,23487515,21007548
C3713,9,0,State - UTTAR PRADESH (09),0,3500559,1844947,1655612,2875243,1511744,1363499,625316,333203,292113
C3713,9,0,State - UTTAR PRADESH (09),1,3638740,1914323,1724417,2938208,1541003,1397205,700532,373320,327212
C3713,9,0,State - UTTAR PRADESH (09),2,4191583,2184858,2006725,3399107,1767302,1631805,792476,417556,374920
C3713,9,0,State - UTTAR PRADESH (09),3,4546132,2347635,2198497,3697121,1904571,1792550,849011,443064,405947
C3713,9,0,State - UTTAR PRADESH (09),4,4499654,2368711,2130943,3646544,1915743,1730801,853110,452968,400142
C3713,9,0,State - UTTAR PRADESH (09),5,5264093,2815690,2448403,4291144,2292186,1998958,972949,523504,449445
C3713,9,0,State - UTTAR PRADESH (09),6,5150570,2709417,2441153,4193216,2203046,1990170,957354,506371,450983
C3713,9,0,State - UTTAR PRADESH (09),7,4783808,2516369,2267439,3860414,2027496,1832918,923394,488873,434521
C3713,9,0,State - UTTAR PRADESH (09),8,5514540,2915118,2599422,4513772,2380288,2133484,1000768,534830,465938
C3713,9,0,State - UTTAR PRADESH (09),9,4348706,2293737,2054969,3503910,1841587,1662323,844796,452150,392646
C3713,9,0,State - UTTAR PRADESH (09),10,6347278,3397755,2949523,5169860,2759258,2410602,1177418,638497,538921
C3713,9,0,State - UTTAR PRADESH (09),11,4559292,2425324,2133968,3641991,1931080,1710911,917301,494244,423057
C3713,9,0,State - UTTAR PRADESH (09),12,5559995,2961012,2598983,4490182,2386413,2103769,1069813,574599,495214
C3713,9,0,State - UTTAR PRADESH (09),13,4432612,2301450,2131162,3531480,1831197,1700283,901132,470253,430879
C3713,9,0,State - UTTAR PRADESH (09),14,4970704,2593613,2377091,3940427,2054374,1886053,1030277,539239,491038
C3713,9,0,State - UTTAR PRADESH (09),15,5187609,2760508,2427101,4118163,2194591,1923572,1069446,565917,503529
C3713,9,0,State - UTTAR PRADESH (09),16,4953132,2591691,2361441,3878443,2029596,1848847,1074689,562095,512594
C3713,9,0,State - UTTAR PRADESH (09),17,3885778,2058384,1827394,2950680,1562188,1388492,935098,496196,438902
C3713,9,0,State - UTTAR PRADESH (09),18,5594440,3063915,2530525,4309295,2360208,1949087,1285145,703707,581438
C3713,9,0,State - UTTAR PRADESH (09),19,3419421,1833075,1586346,2522503,1346835,1175668,896918,486240,410678
C3713,9,0,State - UTTAR PRADESH (09),20,5252299,2895147,2357152,3987658,2208459,1779199,1264641,686688,577953
C3713,9,0,State - UTTAR PRADESH (09),21,3002733,1659429,1343304,2164123,1200471,963652,838610,458958,379652
C3713,9,0,State - UTTAR PRADESH (09),22,3743560,2065047,1678513,2769727,1533222,1236505,973833,531825,442008
C3713,9,0,State - UTTAR PRADESH (09),23,2705878,1317082,1388796,1986489,938011,1048478,719389,379071,340318
C3713,9,0,State - UTTAR PRADESH (09),24,2874178,1468780,1405398,2081047,1047538,1033509,793131,421242,371889
C3713,9,0,State - UTTAR PRADESH (09),25,4274936,2424734,1850202,3225573,1867078,1358495,1049363,557656,491707
C3713,9,0,State - UTTAR PRADESH (09),26,2751552,1448323,1303229,2014108,1055391,958717,737444,392932,344512
C3713,9,0,State - UTTAR PRADESH (09),27,2059085,1031824,1027261,1488452,733328,755124,570633,298496,272137
C3713,9,0,State - UTTAR PRADESH (09),28,3545451,1597201,1948250,2727412,1191288,1536124,818039,405913,412126
C3713,9,0,State - UTTAR PRADESH (09),29,1948805,964285,984520,1405184,684367,720817,543621,279918,263703
C3713,9,0,State - UTTAR PRADESH (09),30,4866714,2681401,2185313,3730681,2088171,1642510,1136033,593230,542803
C3713,9,0,State - UTTAR PRADESH (09),31,1740763,903075,837688,1257306,649902,607404,483457,253173,230284
C3713,9,0,State - UTTAR PRADESH (09),32,2685358,1265678,1419680,2059305,949383,1109922,626053,316295,309758
C3713,9,0,State - UTTAR PRADESH (09),33,1759434,690412,1069022,1356084,497515,858569,403350,192897,210453
C3713,9,0,State - UTTAR PRADESH (09),34,1902413,890835,1011578,1407023,640090,766933,495390,250745,244645
C3713,9,0,State - UTTAR PRADESH (09),35,4540365,2680166,1860199,3452519,2089530,1362989,1087846,590636,497210
C3713,9,0,State - UTTAR PRADESH (09),36,2187571,1149865,1037706,1637784,863314,774470,549787,286551,263236
C3713,9,0,State - UTTAR PRADESH (09),37,1420791,653675,767116,1055129,472263,582866,365662,181412,184250
C3713,9,0,State - UTTAR PRADESH (09),38,2845755,1146111,1699644,2240284,869988,1370296,605471,276123,329348
C3713,9,0,State - UTTAR PRADESH (09),39,1561740,771414,790326,1137985,553113,584872,423755,218301,205454
C3713,9,0,State - UTTAR PRADESH (09),40,4605934,2716130,1889804,3519491,2119731,1399760,1086443,596399,490044
C3713,9,0,State - UTTAR PRADESH (09),41,1441533,800741,640792,1036303,581014,455289,405230,219727,185503
C3713,9,0,State - UTTAR PRADESH (09),42,1814414,862840,951574,1377065,641523,735542,437349,221317,216032
C3713,9,0,State - UTTAR PRADESH (09),43,1167675,432319,735356,890368,302496,587872,277307,129823,147484
C3713,9,0,State - UTTAR PRADESH (09),44,1201846,583132,618714,862035,409230,452805,339811,173902,165909
C3713,9,0,State - UTTAR PRADESH (09),45,3580709,2121453,1459256,2682872,1632137,1050735,897837,489316,408521
C3713,9,0,State - UTTAR PRADESH (09),46,1339212,713679,625533,964341,515159,449182,374871,198520,176351
C3713,9,0,State - UTTAR PRADESH (09),47,841133,379439,461694,605813,259207,346606,235320,120232,115088
C3713,9,0,State - UTTAR PRADESH (09),48,1714346,674147,1040199,1329126,489809,839317,385220,184338,200882
C3713,9,0,State - UTTAR PRADESH (09),49,974377,493430,480947,696099,344581,351518,278278,148849,129429
C3713,9,0,State - UTTAR PRADESH (09),50,3279901,1944337,1335564,2510464,1522488,987976,769437,421849,347588
C3713,9,0,State - UTTAR PRADESH (09),51,948369,546606,401763,674417,392179,282238,273952,154427,119525
C3713,9,0,State - UTTAR PRADESH (09),52,939310,455992,483318,699009,326812,372197,240301,129180,111121
C3713,9,0,State - UTTAR PRADESH (09),53,655062,255476,399586,486640,167987,318653,168422,87489,80933
C3713,9,0,State - UTTAR PRADESH (09),54,764381,369506,394875,542161,252965,289196,222220,116541,105679
C3713,9,0,State - UTTAR PRADESH (09),55,2316157,1261369,1054788,1769733,981338,788395,546424,280031,266393
C3713,9,0,State - UTTAR PRADESH (09),56,862274,441690,420584,630009,319108,310901,232265,122582,109683
C3713,9,0,State - UTTAR PRADESH (09),57,514316,217018,297298,378527,145147,233380,135789,71871,63918
C3713,9,0,State - UTTAR PRADESH (09),58,1041541,353169,688372,838436,257329,581107,203105,95840,107265
C3713,9,0,State - UTTAR PRADESH (09),59,729858,352955,376903,549895,257612,292283,179963,95343,84620
C3713,9,0,State - UTTAR PRADESH (09),60,2919867,1586993,1332874,2359994,1302159,1057835,559873,284834,275039
C3713,9,0,State - UTTAR PRADESH (09),61,843860,461157,382703,649354,355270,294084,194506,105887,88619
C3713,9,0,State - UTTAR PRADESH (09),62,856982,421013,435969,697234,334615,362619,159748,86398,73350
C3713,9,0,State - UTTAR PRADESH (09),63,528476,217113,311363,419840,157714,262126,108636,59399,49237
C3713,9,0,State - UTTAR PRADESH (09),64,556006,282495,273511,429054,213763,215291,126952,68732,58220
C3713,9,0,State - UTTAR PRADESH (09),65,2059446,1123038,936408,1698363,941285,757078,361083,181753,179330
C3713,9,0,State - UTTAR PRADESH (09),66,582601,313009,269592,458643,246340,212303,123958,66669,57289
C3713,9,0,State - UTTAR PRADESH (09),67,274768,129211,145557,212125,93419,118706,62643,35792,26851
C3713,9,0,State - UTTAR PRADESH (09),68,526338,193282,333056,435854,147898,287956,90484,45384,45100
C3713,9,0,State - UTTAR PRADESH (09),69,396816,199932,196884,311980,154142,157838,84836,45790,39046
C3713,9,0,State - UTTAR PRADESH (09),70,1798139,991458,806681,1507933,844336,663597,290206,147122,143084
C3713,9,0,State - UTTAR PRADESH (09),71,430932,239023,191909,341854,190715,151139,89078,48308,40770
C3713,9,0,State - UTTAR PRADESH (09),72,273471,142233,131238,217240,110015,107225,56231,32218,24013
C3713,9,0,State - UTTAR PRADESH (09),73,148902,67377,81525,114145,47175,66970,34757,20202,14555
C3713,9,0,State - UTTAR PRADESH (09),74,180924,95001,85923,136514,70204,66310,44410,24797,19613
C3713,9,0,State - UTTAR PRADESH (09),75,710704,377304,333400,586988,316340,270648,123716,60964,62752
C3713,9,0,State - UTTAR PRADESH (09),76,200192,106382,93810,155968,82898,73070,44224,23484,20740
C3713,9,0,State - UTTAR PRADESH (09),77,80347,39476,40871,59950,27587,32363,20397,11889,8508
C3713,9,0,State - UTTAR PRADESH (09),78,137109,54905,82204,110103,40528,69575,27006,14377,12629
C3713,9,0,State - UTTAR PRADESH (09),79,121540,60810,60730,95242,46833,48409,26298,13977,12321
C3713,9,0,State - UTTAR PRADESH (09),80,616222,319697,296525,519794,274209,245585,96428,45488,50940
C3713,9,0,State - UTTAR PRADESH (09),81,143828,75297,68531,114793,60703,54090,29035,14594,14441
C3713,9,0,State - UTTAR PRADESH (09),82,69694,36907,32787,53821,28109,25712,15873,8798,7075
C3713,9,0,State - UTTAR PRADESH (09),83,40558,19640,20918,29987,13686,16301,10571,5954,4617
C3713,9,0,State - UTTAR PRADESH (09),84,52254,27812,24442,38649,20379,18270,13605,7433,6172
C3713,9,0,State - UTTAR PRADESH (09),85,190724,102081,88643,154517,84409,70108,36207,17672,18535
C3713,9,0,State - UTTAR PRADESH (09),86,58042,31230,26812,43943,23927,20016,14099,7303,6796
C3713,9,0,State - UTTAR PRADESH (09),87,24714,13098,11616,17772,9166,8606,6942,3932,3010
C3713,9,0,State - UTTAR PRADESH (09),88,35726,16423,19303,27318,12003,15315,8408,4420,3988
C3713,9,0,State - UTTAR PRADESH (09),89,33365,16434,16931,25376,12479,12897,7989,3955,4034
C3713,9,0,State - UTTAR PRADESH (09),90,147993,74894,73099,122564,63249,59315,25429,11645,13784
C3713,9,0,State - UTTAR PRADESH (09),91,43330,22223,21107,33803,17475,16328,9527,4748,4779
C3713,9,0,State - UTTAR PRADESH (09),92,21279,11021,10258,16543,8493,8050,4736,2528,2208
C3713,9,0,State - UTTAR PRADESH (09),93,12915,6198,6717,9995,4719,5276,2920,1479,1441
C3713,9,0,State - UTTAR PRADESH (09),94,16415,8295,8120,12700,6398,6302,3715,1897,1818
C3713,9,0,State - UTTAR PRADESH (09),95,46747,24589,22158,38319,20642,17677,8428,3947,4481
C3713,9,0,State - UTTAR PRADESH (09),96,18911,9805,9106,14809,7792,7017,4102,2013,2089
C3713,9,0,State - UTTAR PRADESH (09),97,10137,5018,5119,7903,3913,3990,2234,1105,1129
C3713,9,0,State - UTTAR PRADESH (09),98,17907,8226,9681,14540,6546,7994,3367,1680,1687
C3713,9,0,State - UTTAR PRADESH (09),99,12125,5704,6421,9812,4621,5191,2313,1083,1230
C3713,9,0,State - UTTAR PRADESH (09),100+,199598,101329,98269,141132,71481,69651,58466,29848,28618
C3713,9,0,State - UTTAR PRADESH (09),Age not stated,1622062,865933,756129,1172430,624380,548050,449632,241553,208079
C3713,10,0,State - BIHAR (10),All ages,104099452,54278157,49821295,92341436,48073850,44267586,11758016,6204307,5553709
C3713,10,0,State - BIHAR (10),0,2014957,1057050,957907,1838075,963569,874506,176882,93481,83401
C3713,10,0,State - BIHAR (10),1,2330590,1213637,1116953,2114748,1099739,1015009,215842,113898,101944
C3713,10,0,State - BIHAR (10),2,2801985,1434919,1367066,2550905,1304639,1246266,251080,130280,120800
C3713,10,0,State - BIHAR (10),3,2835798,1441206,1394592,2571849,1305780,1266069,263949,135426,128523
C3713,10,0,State - BIHAR (10),4,2781699,1430059,1351640,2524711,1296098,1228613,256988,133961,123027
C3713,10,0,State - BIHAR (10),5,3072103,1605376,1466727,2784809,1452900,1331909,287294,152476,134818
C3713,10,0,State - BIHAR (10),6,3296832,1704992,1591840,2998604,1548946,1449658,298228,156046,142182
C3713,10,0,State - BIHAR (10),7,2736174,1411042,1325132,2472268,1273456,1198812,263906,137586,126320
C3713,10,0,State - BIHAR (10),8,3472198,1798593,1673605,3152704,1630750,1521954,319494,167843,151651
C3713,10,0,State - BIHAR (10),9,2458970,1276356,1182614,2222416,1151911,1070505,236554,124445,112109
C3713,10,0,State - BIHAR (10),10,3848668,2027478,1821190,3486052,1834339,1651713,362616,193139,169477
C3713,10,0,State - BIHAR (10),11,2385653,1256269,1129384,2138971,1125945,1013026,246682,130324,116358
C3713,10,0,State - BIHAR (10),12,3188267,1683310,1504957,2863651,1512521,1351130,324616,170789,153827
C3713,10,0,State - BIHAR (10),13,2185027,1135187,1049840,1943012,1010688,932324,242015,124499,117516
C3713,10,0,State - BIHAR (10),14,2312267,1221587,1090680,2041261,1080482,960779,271006,141105,129901
C3713,10,0,State - BIHAR (10),15,2326025,1289350,1036675,2054655,1143650,911005,271370,145700,125670
C3713,10,0,State - BIHAR (10),16,2046951,1143121,903830,1785492,1003054,782438,261459,140067,121392
C3713,10,0,State - BIHAR (10),17,1408901,798482,610419,1205355,687338,518017,203546,111144,92402
C3713,10,0,State - BIHAR (10),18,2294012,1320854,973158,1994318,1153623,840695,299694,167231,132463
C3713,10,0,State - BIHAR (10),19,1396806,738774,658032,1203909,634833,569076,192897,103941,88956
C3713,10,0,State - BIHAR (10),20,2349733,1239346,1110387,2051632,1080386,971246,298101,158960,139141
C3713,10,0,State - BIHAR (10),21,1321504,712345,609159,1139970,613668,526302,181534,98677,82857
C3713,10,0,State - BIHAR (10),22,1822757,976344,846413,1586759,847949,738810,235998,128395,107603
C3713,10,0,State - BIHAR (10),23,1243544,608628,634916,1084140,523493,560647,159404,85135,74269
C3713,10,0,State - BIHAR (10),24,1327197,673922,653275,1148552,579033,569519,178645,94889,83756
C3713,10,0,State - BIHAR (10),25,2541873,1353711,1188162,2235640,1198784,1036856,306233,154927,151306
C3713,10,0,State - BIHAR (10),26,1433514,740356,693158,1246347,641303,605044,187167,99053,88114
C3713,10,0,State - BIHAR (10),27,983868,480414,503454,853481,411194,442287,130387,69220,61167
C3713,10,0,State - BIHAR (10),28,1759205,791885,967320,1555061,689251,865810,204144,102634,101510
C3713,10,0,State - BIHAR (10),29,953245,462321,490924,832159,399630,432529,121086,62691,58395
C3713,10,0,State - BIHAR (10),30,2940550,1541816,1398734,2598056,1370151,1227905,342494,171665,170829
C3713,10,0,State - BIHAR (10),31,990497,506306,484191,863551,439863,423688,126946,66443,60503
C3713,10,0,State - BIHAR (10),32,1375085,650216,724869,1210791,565747,645044,164294,84469,79825
C3713,10,0,State - BIHAR (10),33,837516,363956,473560,737453,312485,424968,100063,51471,48592
C3713,10,0,State - BIHAR (10),34,912089,448302,463787,793193,386160,407033,118896,62142,56754
C3713,10,0,State - BIHAR (10),35,2673063,1487036,1186027,2350215,1318322,1031893,322848,168714,154134
C3713,10,0,State - BIHAR (10),36,1170224,613976,556248,1024979,538166,486813,145245,75810,69435
C3713,10,0,State - BIHAR (10),37,658890,309388,349502,573998,265583,308415,84892,43805,41087
C3713,10,0,State - BIHAR (10),38,1235113,530373,704740,1095797,462669,633128,139316,67704,71612
C3713,10,0,State - BIHAR (10),39,719971,367388,352583,626262,317625,308637,93709,49763,43946
C3713,10,0,State - BIHAR (10),40,2544475,1450992,1093483,2239036,1285431,953605,305439,165561,139878
C3713,10,0,State - BIHAR (10),41,771153,430031,341122,666618,372143,294475,104535,57888,46647
C3713,10,0,State - BIHAR (10),42,826775,399965,426810,721170,343871,377299,105605,56094,49511
C3713,10,0,State - BIHAR (10),43,481792,204798,276994,418086,171957,246129,63706,32841,30865
C3713,10,0,State - BIHAR (10),44,541497,271023,270474,465958,231174,234784,75539,39849,35690
C3713,10,0,State - BIHAR (10),45,2011304,1109013,902291,1762513,978077,784436,248791,130936,117855
C3713,10,0,State - BIHAR (10),46,705574,371971,333603,610489,321123,289366,95085,50848,44237
C3713,10,0,State - BIHAR (10),47,380253,176936,203317,325580,147416,178164,54673,29520,25153
C3713,10,0,State - BIHAR (10),48,728178,316969,411209,639651,271390,368261,88527,45579,42948
C3713,10,0,State - BIHAR (10),49,445065,235105,209960,383300,200793,182507,61765,34312,27453
C3713,10,0,State - BIHAR (10),50,1797034,1040278,756756,1582960,924651,658309,214074,115627,98447
C3713,10,0,State - BIHAR (10),51,502770,288732,214038,434464,249841,184623,68306,38891,29415
C3713,10,0,State - BIHAR (10),52,412949,202699,210250,356482,171492,184990,56467,31207,25260
C3713,10,0,State - BIHAR (10),53,261284,114404,146880,223052,93546,129506,38232,20858,17374
C3713,10,0,State - BIHAR (10),54,338703,162312,176391,288736,135707,153029,49967,26605,23362
C3713,10,0,State - BIHAR (10),55,1338071,664285,673786,1180114,587332,592782,157957,76953,81004
C3713,10,0,State - BIHAR (10),56,461068,230098,230970,399551,197424,202127,61517,32674,28843
C3713,10,0,State - BIHAR (10),57,234549,105331,129218,199854,85446,114408,34695,19885,14810
C3713,10,0,State - BIHAR (10),58,427688,163161,264527,378007,137475,240532,49681,25686,23995
C3713,10,0,State - BIHAR (10),59,335302,167481,167821,292803,143840,148963,42499,23641,18858
C3713,10,0,State - BIHAR (10),60,1632251,862240,770011,1462108,776991,685117,170143,85249,84894
C3713,10,0,State - BIHAR (10),61,469113,252467,216646,414065,222402,191663,55048,30065,24983
C3713,10,0,State - BIHAR (10),62,414292,205627,208665,368653,180201,188452,45639,25426,20213
C3713,10,0,State - BIHAR (10),63,227341,102895,124446,199324,87019,112305,28017,15876,12141
C3713,10,0,State - BIHAR (10),64,265011,136696,128315,233287,119101,114186,31724,17595,14129
C3713,10,0,State - BIHAR (10),65,1189694,634337,555357,1072890,575427,497463,116804,58910,57894
C3713,10,0,State - BIHAR (10),66,354977,194151,160826,316523,172852,143671,38454,21299,17155
C3713,10,0,State - BIHAR (10),67,140310,74574,65736,122568,63867,58701,17742,10707,7035
C3713,10,0,State - BIHAR (10),68,226793,102737,124056,201804,88941,112863,24989,13796,11193
C3713,10,0,State - BIHAR (10),69,178005,97919,80086,156855,85483,71372,21150,12436,8714
C3713,10,0,State - BIHAR (10),70,904618,516432,388186,816454,469063,347391,88164,47369,40795
C3713,10,0,State - BIHAR (10),71,221433,127664,93769,196526,113271,83255,24907,14393,10514
C3713,10,0,State - BIHAR (10),72,121252,68227,53025,105705,58614,47091,15547,9613,5934
C3713,10,0,State - BIHAR (10),73,59418,31510,27908,50770,25926,24844,8648,5584,3064
C3713,10,0,State - BIHAR (10),74,72810,40550,32260,62373,34277,28096,10437,6273,4164
C3713,10,0,State - BIHAR (10),75,321483,174520,146963,288161,157502,130659,33322,17018,16304
C3713,10,0,State - BIHAR (10),76,97868,54839,43029,85449,47702,37747,12419,7137,5282
C3713,10,0,State - BIHAR (10),77,36748,20829,15919,31100,17173,13927,5648,3656,1992
C3713,10,0,State - BIHAR (10),78,48900,23505,25395,42458,19724,22734,6442,3781,2661
C3713,10,0,State - BIHAR (10),79,45480,24280,21200,39726,21060,18666,5754,3220,2534
C3713,10,0,State - BIHAR (10),80,248903,132872,116031,223944,120694,103250,24959,12178,12781
C3713,10,0,State - BIHAR (10),81,61061,33001,28060,54183,29402,24781,6878,3599,3279
C3713,10,0,State - BIHAR (10),82,26932,14698,12234,23102,12476,10626,3830,2222,1608
C3713,10,0,State - BIHAR (10),83,13830,7310,6520,11726,6067,5659,2104,1243,861
C3713,10,0,State - BIHAR (10),84,18328,10116,8212,15661,8607,7054,2667,1509,1158
C3713,10,0,State - BIHAR (10),85,74423,39811,34612,65485,35302,30183,8938,4509,4429
C3713,10,0,State - BIHAR (10),86,22914,12576,10338,19809,10894,8915,3105,1682,1423
C3713,10,0,State - BIHAR (10),87,8644,4791,3853,7246,3961,3285,1398,830,568
C3713,10,0,State - BIHAR (10),88,12139,6172,5967,10447,5248,5199,1692,924,768
C3713,10,0,State - BIHAR (10),89,11388,5908,5480,9984,5166,4818,1404,742,662
C3713,10,0,State - BIHAR (10),90,54583,28102,26481,48544,25288,23256,6039,2814,3225
C3713,10,0,State - BIHAR (10),91,15951,8327,7624,14052,7436,6616,1899,891,1008
C3713,10,0,State - BIHAR (10),92,10555,5436,5119,9356,4792,4564,1199,644,555
C3713,10,0,State - BIHAR (10),93,6129,3043,3086,5329,2595,2734,800,448,352
C3713,10,0,State - BIHAR (10),94,7550,3945,3605,6662,3481,3181,888,464,424
C3713,10,0,State - BIHAR (10),95,21564,11690,9874,19274,10558,8716,2290,1132,1158
C3713,10,0,State - BIHAR (10),96,8771,4839,3932,7714,4285,3429,1057,554,503
C3713,10,0,State - BIHAR (10),97,4588,2309,2279,4016,2036,1980,572,273,299
C3713,10,0,State - BIHAR (10),98,7828,3821,4007,6966,3352,3614,862,469,393
C3713,10,0,State - BIHAR (10),99,4624,2337,2287,4140,2070,2070,484,267,217
C3713,10,0,State - BIHAR (10),100+,38643,19490,19153,33747,17145,16602,4896,2345,2551
C3713,10,0,State - BIHAR (10),Age not stated,403502,220309,183193,349025,190547,158478,54477,29762,24715
C3713,11,0,State - SIKKIM (11),All ages,610577,323070,287507,456999,242797,214202,153578,80273,73305
C3713,11,0,State - SIKKIM (11),0,7649,3905,3744,5849,2985,2864,1800,920,880
C3713,11,0,State - SIKKIM (11),1,8222,4232,3990,6267,3245,3022,1955,987,968
C3713,11,0,State - SIKKIM (11),2,8230,4180,4050,6261,3187,3074,1969,993,976
C3713,11,0,State - SIKKIM (11),3,8715,4478,4237,6687,3413,3274,2028,1065,963
C3713,11,0,State - SIKKIM (11),4,9520,4890,4630,7318,3711,3607,2202,1179,1023
C3713,11,0,State - SIKKIM (11),5,10560,5393,5167,8181,4167,4014,2379,1226,1153
C3713,11,0,State - SIKKIM (11),6,11215,5683,5532,8655,4353,4302,2560,1330,1230
C3713,11,0,State - SIKKIM (11),7,11728,5951,5777,9208,4673,4535,2520,1278,1242
C3713,11,0,State - SIKKIM (11),8,11022,5525,5497,8556,4282,4274,2466,1243,1223
C3713,11,0,State - SIKKIM (11),9,12153,6136,6017,9558,4859,4699,2595,1277,1318
C3713,11,0,State - SIKKIM (11),10,13543,6929,6614,10644,5444,5200,2899,1485,1414
C3713,11,0,State - SIKKIM (11),11,13165,6684,6481,10281,5227,5054,2884,1457,1427
C3713,11,0,State - SIKKIM (11),12,13400,6846,6554,10426,5393,5033,2974,1453,1521
C3713,11,0,State - SIKKIM (11),13,13312,6722,6590,10349,5257,5092,2963,1465,1498
C3713,11,0,State - SIKKIM (11),14,13503,6784,6719,10491,5267,5224,3012,1517,1495
C3713,11,0,State - SIKKIM (11),15,13323,6715,6608,10200,5206,4994,3123,1509,1614
C3713,11,0,State - SIKKIM (11),16,13428,6667,6761,10227,5115,5112,3201,1552,1649
C3713,11,0,State - SIKKIM (11),17,13144,6784,6360,9956,5174,4782,3188,1610,1578
C3713,11,0,State - SIKKIM (11),18,14254,7347,6907,10771,5593,5178,3483,1754,1729
C3713,11,0,State - SIKKIM (11),19,12788,6485,6303,9605,4855,4750,3183,1630,1553
C3713,11,0,State - SIKKIM (11),20,13848,7084,6764,10475,5427,5048,3373,1657,1716
C3713,11,0,State - SIKKIM (11),21,13411,6977,6434,10019,5271,4748,3392,1706,1686
C3713,11,0,State - SIKKIM (11),22,13779,7204,6575,10177,5364,4813,3602,1840,1762
C3713,11,0,State - SIKKIM (11),23,12586,6626,5960,9119,4867,4252,3467,1759,1708
C3713,11,0,State - SIKKIM (11),24,13673,7255,6418,10049,5372,4677,3624,1883,1741
C3713,11,0,State - SIKKIM (11),25,14403,7684,6719,10387,5637,4750,4016,2047,1969
C3713,11,0,State - SIKKIM (11),26,13720,7263,6457,9898,5346,4552,3822,1917,1905
C3713,11,0,State - SIKKIM (11),27,12319,6661,5658,8971,4938,4033,3348,1723,1625
C3713,11,0,State - SIKKIM (11),28,13006,6962,6044,9237,4990,4247,3769,1972,1797
C3713,11,0,State - SIKKIM (11),29,11191,6130,5061,8135,4564,3571,3056,1566,1490
C3713,11,0,State - SIKKIM (11),30,13683,7428,6255,9904,5462,4442,3779,1966,1813
C3713,11,0,State - SIKKIM (11),31,10816,5863,4953,7749,4279,3470,3067,1584,1483
C3713,11,0,State - SIKKIM (11),32,10227,5580,4647,7241,4015,3226,2986,1565,1421
C3713,11,0,State - SIKKIM (11),33,8317,4593,3724,6034,3404,2630,2283,1189,1094
C3713,11,0,State - SIKKIM (11),34,9182,5098,4084,6484,3628,2856,2698,1470,1228
C3713,11,0,State - SIKKIM (11),35,11125,5940,5185,7844,4167,3677,3281,1773,1508
C3713,11,0,State - SIKKIM (11),36,9009,4835,4174,6504,3502,3002,2505,1333,1172
C3713,11,0,State - SIKKIM (11),37,8024,4312,3712,5705,3105,2600,2319,1207,1112
C3713,11,0,State - SIKKIM (11),38,8269,4438,3831,5789,3129,2660,2480,1309,1171
C3713,11,0,State - SIKKIM (11),39,7200,3871,3329,5086,2710,2376,2114,1161,953
C3713,11,0,State - SIKKIM (11),40,9631,5215,4416,6915,3698,3217,2716,1517,1199
C3713,11,0,State - SIKKIM (11),41,7255,4119,3136,5148,2939,2209,2107,1180,927
C3713,11,0,State - SIKKIM (11),42,7848,4396,3452,5538,3141,2397,2310,1255,1055
C3713,11,0,State - SIKKIM (11),43,5646,3097,2549,4048,2199,1849,1598,898,700
C3713,11,0,State - SIKKIM (11),44,6172,3343,2829,4462,2425,2037,1710,918,792
C3713,11,0,State - SIKKIM (11),45,7723,4212,3511,5465,2915,2550,2258,1297,961
C3713,11,0,State - SIKKIM (11),46,5810,3233,2577,4089,2274,1815,1721,959,762
C3713,11,0,State - SIKKIM (11),47,4997,2706,2291,3559,1911,1648,1438,795,643
C3713,11,0,State - SIKKIM (11),48,5629,3113,2516,4031,2198,1833,1598,915,683
C3713,11,0,State - SIKKIM (11),49,5303,2850,2453,3960,2096,1864,1343,754,589
C3713,11,0,State - SIKKIM (11),50,7070,3800,3270,5273,2823,2450,1797,977,820
C3713,11,0,State - SIKKIM (11),51,4880,2680,2200,3625,1984,1641,1255,696,559
C3713,11,0,State - SIKKIM (11),52,4660,2679,1981,3382,1914,1468,1278,765,513
C3713,11,0,State - SIKKIM (11),53,3794,2186,1608,2807,1620,1187,987,566,421
C3713,11,0,State - SIKKIM (11),54,4028,2279,1749,2994,1680,1314,1034,599,435
C3713,11,0,State - SIKKIM (11),55,4910,2763,2147,3628,2019,1609,1282,744,538
C3713,11,0,State - SIKKIM (11),56,3801,2084,1717,2850,1538,1312,951,546,405
C3713,11,0,State - SIKKIM (11),57,2990,1776,1214,2290,1342,948,700,434,266
C3713,11,0,State - SIKKIM (11),58,2878,1671,1207,2122,1229,893,756,442,314
C3713,11,0,State - SIKKIM (11),59,2962,1619,1343,2329,1262,1067,633,357,276
C3713,11,0,State - SIKKIM (11),60,4410,2385,2025,3439,1858,1581,971,527,444
C3713,11,0,State - SIKKIM (11),61,2499,1412,1087,2017,1141,876,482,271,211
C3713,11,0,State - SIKKIM (11),62,2272,1258,1014,1841,1006,835,431,252,179
C3713,11,0,State - SIKKIM (11),63,2069,1137,932,1683,933,750,386,204,182
C3713,11,0,State - SIKKIM (11),64,2300,1249,1051,1895,1033,862,405,216,189
C3713,11,0,State - SIKKIM (11),65,3142,1661,1481,2542,1345,1197,600,316,284
C3713,11,0,State - SIKKIM (11),66,2116,1130,986,1713,930,783,403,200,203
C3713,11,0,State - SIKKIM (11),67,1724,934,790,1410,764,646,314,170,144
C3713,11,0,State - SIKKIM (11),68,1760,950,810,1445,788,657,315,162,153
C3713,11,0,State - SIKKIM (11),69,1741,918,823,1422,757,665,319,161,158
C3713,11,0,State - SIKKIM (11),70,2489,1380,1109,2012,1136,876,477,244,233
C3713,11,0,State - SIKKIM (11),71,1455,837,618,1201,698,503,254,139,115
C3713,11,0,State - SIKKIM (11),72,1340,774,566,1138,655,483,202,119,83
C3713,11,0,State - SIKKIM (11),73,1152,655,497,999,579,420,153,76,77
C3713,11,0,State - SIKKIM (11),74,1125,658,467,930,556,374,195,102,93
C3713,11,0,State - SIKKIM (11),75,1329,744,585,1070,606,464,259,138,121
C3713,11,0,State - SIKKIM (11),76,985,557,428,807,470,337,178,87,91
C3713,11,0,State - SIKKIM (11),77,784,455,329,657,393,264,127,62,65
C3713,11,0,State - SIKKIM (11),78,753,420,333,652,364,288,101,56,45
C3713,11,0,State - SIKKIM (11),79,665,380,285,550,317,233,115,63,52
C3713,11,0,State - SIKKIM (11),80,888,482,406,747,413,334,141,69,72
C3713,11,0,State - SIKKIM (11),81,490,266,224,397,226,171,93,40,53
C3713,11,0,State - SIKKIM (11),82,415,246,169,328,194,134,87,52,35
C3713,11,0,State - SIKKIM (11),83,380,203,177,320,175,145,60,28,32
C3713,11,0,State - SIKKIM (11),84,391,225,166,326,197,129,65,28,37
C3713,11,0,State - SIKKIM (11),85,385,221,164,323,188,135,62,33,29
C3713,11,0,State - SIKKIM (11),86,240,134,106,184,105,79,56,29,27
C3713,11,0,State - SIKKIM (11),87,193,99,94,151,77,74,42,22,20
C3713,11,0,State - SIKKIM (11),88,164,88,76,131,71,60,33,17,16
C3713,11,0,State - SIKKIM (11),89,129,70,59,104,61,43,25,9,16
C3713,11,0,State - SIKKIM (11),90,179,91,88,148,76,72,31,15,16
C3713,11,0,State - SIKKIM (11),91,115,70,45,100,63,37,15,7,8
C3713,11,0,State - SIKKIM (11),92,129,78,51,103,67,36,26,11,15
C3713,11,0,State - SIKKIM (11),93,55,27,28,41,20,21,14,7,7
C3713,11,0,State - SIKKIM (11),94,95,54,41,75,43,32,20,11,9
C3713,11,0,State - SIKKIM (11),95,95,58,37,71,41,30,24,17,7
C3713,11,0,State - SIKKIM (11),96,68,30,38,48,20,28,20,10,10
C3713,11,0,State - SIKKIM (11),97,50,30,20,39,24,15,11,6,5
C3713,11,0,State - SIKKIM (11),98,55,27,28,42,21,21,13,6,7
C3713,11,0,State - SIKKIM (11),99,31,21,10,24,17,7,7,4,3
C3713,11,0,State - SIKKIM (11),100+,95,58,37,75,48,27,20,10,10
C3713,11,0,State - SIKKIM (11),Age not stated,1176,637,539,987,531,456,189,106,83
C3713,12,0,State - ARUNACHAL PRADESH (12),All ages,1383727,713912,669815,1066358,546011,520347,317369,167901,149468
C3713,12,0,State - ARUNACHAL PRADESH (12),0,23229,11799,11430,18347,9309,9038,4882,2490,2392
C3713,12,0,State - ARUNACHAL PRADESH (12),1,30140,15296,14844,23941,12081,11860,6199,3215,2984
C3713,12,0,State - ARUNACHAL PRADESH (12),2,28930,14628,14302,23871,12085,11786,5059,2543,2516
C3713,12,0,State - ARUNACHAL PRADESH (12),3,29950,15191,14759,24526,12402,12124,5424,2789,2635
C3713,12,0,State - ARUNACHAL PRADESH (12),4,30630,15550,15080,25088,12716,12372,5542,2834,2708
C3713,12,0,State - ARUNACHAL PRADESH (12),5,34389,17508,16881,27932,14202,13730,6457,3306,3151
C3713,12,0,State - ARUNACHAL PRADESH (12),6,34920,17652,17268,28584,14446,14138,6336,3206,3130
C3713,12,0,State - ARUNACHAL PRADESH (12),7,34077,17142,16935,27301,13811,13490,6776,3331,3445
C3713,12,0,State - ARUNACHAL PRADESH (12),8,35939,18189,17750,29123,14781,14342,6816,3408,3408
C3713,12,0,State - ARUNACHAL PRADESH (12),9,31798,16208,15590,25408,12997,12411,6390,3211,3179
C3713,12,0,State - ARUNACHAL PRADESH (12),10,39407,20115,19292,31540,16093,15447,7867,4022,3845
C3713,12,0,State - ARUNACHAL PRADESH (12),11,33595,17170,16425,26291,13515,12776,7304,3655,3649
C3713,12,0,State - ARUNACHAL PRADESH (12),12,38453,19251,19202,30343,15243,15100,8110,4008,4102
C3713,12,0,State - ARUNACHAL PRADESH (12),13,32977,16365,16612,25209,12612,12597,7768,3753,4015
C3713,12,0,State - ARUNACHAL PRADESH (12),14,34927,17538,17389,26643,13517,13126,8284,4021,4263
C3713,12,0,State - ARUNACHAL PRADESH (12),15,35678,18039,17639,27029,13807,13222,8649,4232,4417
C3713,12,0,State - ARUNACHAL PRADESH (12),16,32577,16310,16267,24106,12239,11867,8471,4071,4400
C3713,12,0,State - ARUNACHAL PRADESH (12),17,27940,14261,13679,20297,10484,9813,7643,3777,3866
C3713,12,0,State - ARUNACHAL PRADESH (12),18,34053,17304,16749,25615,12988,12627,8438,4316,4122
C3713,12,0,State - ARUNACHAL PRADESH (12),19,25720,12759,12961,19017,9443,9574,6703,3316,3387
C3713,12,0,State - ARUNACHAL PRADESH (12),20,34641,17035,17606,26630,13140,13490,8011,3895,4116
C3713,12,0,State - ARUNACHAL PRADESH (12),21,24130,11860,12270,17843,8853,8990,6287,3007,3280
C3713,12,0,State - ARUNACHAL PRADESH (12),22,25395,12798,12597,18723,9460,9263,6672,3338,3334
C3713,12,0,State - ARUNACHAL PRADESH (12),23,22246,11496,10750,16144,8259,7885,6102,3237,2865
C3713,12,0,State - ARUNACHAL PRADESH (12),24,25284,12844,12440,18551,9311,9240,6733,3533,3200
C3713,12,0,State - ARUNACHAL PRADESH (12),25,32057,16172,15885,23848,11975,11873,8209,4197,4012
C3713,12,0,State - ARUNACHAL PRADESH (12),26,24682,12682,12000,17984,9094,8890,6698,3588,3110
C3713,12,0,State - ARUNACHAL PRADESH (12),27,21489,11248,10241,15659,8109,7550,5830,3139,2691
C3713,12,0,State - ARUNACHAL PRADESH (12),28,25450,12925,12525,18717,9351,9366,6733,3574,3159
C3713,12,0,State - ARUNACHAL PRADESH (12),29,20036,10339,9697,14723,7445,7278,5313,2894,2419
C3713,12,0,State - ARUNACHAL PRADESH (12),30,35727,18073,17654,27124,13591,13533,8603,4482,4121
C3713,12,0,State - ARUNACHAL PRADESH (12),31,17836,9561,8275,12924,6847,6077,4912,2714,2198
C3713,12,0,State - ARUNACHAL PRADESH (12),32,18080,9521,8559,13130,6815,6315,4950,2706,2244
C3713,12,0,State - ARUNACHAL PRADESH (12),33,13096,6845,6251,9380,4810,4570,3716,2035,1681
C3713,12,0,State - ARUNACHAL PRADESH (12),34,16432,8462,7970,11734,5943,5791,4698,2519,2179
C3713,12,0,State - ARUNACHAL PRADESH (12),35,29448,15227,14221,21760,11175,10585,7688,4052,3636
C3713,12,0,State - ARUNACHAL PRADESH (12),36,17038,8762,8276,12247,6202,6045,4791,2560,2231
C3713,12,0,State - ARUNACHAL PRADESH (12),37,13798,7033,6765,10004,5038,4966,3794,1995,1799
C3713,12,0,State - ARUNACHAL PRADESH (12),38,18276,9029,9247,13371,6510,6861,4905,2519,2386
C3713,12,0,State - ARUNACHAL PRADESH (12),39,15831,8160,7671,11766,5901,5865,4065,2259,1806
C3713,12,0,State - ARUNACHAL PRADESH (12),40,31467,16639,14828,23900,12460,11440,7567,4179,3388
C3713,12,0,State - ARUNACHAL PRADESH (12),41,13758,7620,6138,9934,5366,4568,3824,2254,1570
C3713,12,0,State - ARUNACHAL PRADESH (12),42,13369,7476,5893,9472,5097,4375,3897,2379,1518
C3713,12,0,State - ARUNACHAL PRADESH (12),43,9248,5147,4101,6595,3532,3063,2653,1615,1038
C3713,12,0,State - ARUNACHAL PRADESH (12),44,10761,5979,4782,7841,4176,3665,2920,1803,1117
C3713,12,0,State - ARUNACHAL PRADESH (12),45,21854,11860,9994,16221,8552,7669,5633,3308,2325
C3713,12,0,State - ARUNACHAL PRADESH (12),46,11335,6361,4974,8285,4510,3775,3050,1851,1199
C3713,12,0,State - ARUNACHAL PRADESH (12),47,8710,4860,3850,6509,3476,3033,2201,1384,817
C3713,12,0,State - ARUNACHAL PRADESH (12),48,11891,6512,5379,9012,4733,4279,2879,1779,1100
C3713,12,0,State - ARUNACHAL PRADESH (12),49,9889,5580,4309,7754,4194,3560,2135,1386,749
C3713,12,0,State - ARUNACHAL PRADESH (12),50,20203,11266,8937,16021,8775,7246,4182,2491,1691
C3713,12,0,State - ARUNACHAL PRADESH (12),51,8051,4732,3319,6257,3513,2744,1794,1219,575
C3713,12,0,State - ARUNACHAL PRADESH (12),52,7007,4197,2810,5442,3116,2326,1565,1081,484
C3713,12,0,State - ARUNACHAL PRADESH (12),53,4864,2822,2042,3768,2046,1722,1096,776,320
C3713,12,0,State - ARUNACHAL PRADESH (12),54,5985,3470,2515,4761,2598,2163,1224,872,352
C3713,12,0,State - ARUNACHAL PRADESH (12),55,10474,5839,4635,8437,4541,3896,2037,1298,739
C3713,12,0,State - ARUNACHAL PRADESH (12),56,5683,3388,2295,4597,2616,1981,1086,772,314
C3713,12,0,State - ARUNACHAL PRADESH (12),57,4042,2420,1622,3292,1855,1437,750,565,185
C3713,12,0,State - ARUNACHAL PRADESH (12),58,4822,2689,2133,4039,2143,1896,783,546,237
C3713,12,0,State - ARUNACHAL PRADESH (12),59,4865,2660,2205,4194,2246,1948,671,414,257
C3713,12,0,State - ARUNACHAL PRADESH (12),60,12101,6418,5683,10534,5531,5003,1567,887,680
C3713,12,0,State - ARUNACHAL PRADESH (12),61,4519,2449,2070,3956,2126,1830,563,323,240
C3713,12,0,State - ARUNACHAL PRADESH (12),62,3501,1862,1639,3074,1604,1470,427,258,169
C3713,12,0,State - ARUNACHAL PRADESH (12),63,2450,1304,1146,2150,1121,1029,300,183,117
C3713,12,0,State - ARUNACHAL PRADESH (12),64,2874,1459,1415,2548,1277,1271,326,182,144
C3713,12,0,State - ARUNACHAL PRADESH (12),65,6207,3164,3043,5472,2767,2705,735,397,338
C3713,12,0,State - ARUNACHAL PRADESH (12),66,2516,1273,1243,2264,1148,1116,252,125,127
C3713,12,0,State - ARUNACHAL PRADESH (12),67,1798,961,837,1608,850,758,190,111,79
C3713,12,0,State - ARUNACHAL PRADESH (12),68,2155,1108,1047,1957,988,969,198,120,78
C3713,12,0,State - ARUNACHAL PRADESH (12),69,2297,1136,1161,2045,1002,1043,252,134,118
C3713,12,0,State - ARUNACHAL PRADESH (12),70,5734,2975,2759,5176,2703,2473,558,272,286
C3713,12,0,State - ARUNACHAL PRADESH (12),71,1865,999,866,1689,910,779,176,89,87
C3713,12,0,State - ARUNACHAL PRADESH (12),72,1226,634,592,1128,586,542,98,48,50
C3713,12,0,State - ARUNACHAL PRADESH (12),73,779,391,388,701,351,350,78,40,38
C3713,12,0,State - ARUNACHAL PRADESH (12),74,1043,548,495,953,498,455,90,50,40
C3713,12,0,State - ARUNACHAL PRADESH (12),75,2174,1141,1033,1958,1033,925,216,108,108
C3713,12,0,State - ARUNACHAL PRADESH (12),76,903,481,422,812,433,379,91,48,43
C3713,12,0,State - ARUNACHAL PRADESH (12),77,601,326,275,553,296,257,48,30,18
C3713,12,0,State - ARUNACHAL PRADESH (12),78,691,365,326,618,324,294,73,41,32
C3713,12,0,State - ARUNACHAL PRADESH (12),79,766,374,392,714,349,365,52,25,27
C3713,12,0,State - ARUNACHAL PRADESH (12),80,1950,1008,942,1785,925,860,165,83,82
C3713,12,0,State - ARUNACHAL PRADESH (12),81,661,335,326,592,300,292,69,35,34
C3713,12,0,State - ARUNACHAL PRADESH (12),82,443,222,221,392,198,194,51,24,27
C3713,12,0,State - ARUNACHAL PRADESH (12),83,254,135,119,217,113,104,37,22,15
C3713,12,0,State - ARUNACHAL PRADESH (12),84,365,171,194,320,158,162,45,13,32
C3713,12,0,State - ARUNACHAL PRADESH (12),85,671,341,330,591,306,285,80,35,45
C3713,12,0,State - ARUNACHAL PRADESH (12),86,300,150,150,253,131,122,47,19,28
C3713,12,0,State - ARUNACHAL PRADESH (12),87,200,92,108,160,74,86,40,18,22
C3713,12,0,State - ARUNACHAL PRADESH (12),88,227,127,100,181,102,79,46,25,21
C3713,12,0,State - ARUNACHAL PRADESH (12),89,207,101,106,183,91,92,24,10,14
C3713,12,0,State - ARUNACHAL PRADESH (12),90,571,298,273,495,259,236,76,39,37
C3713,12,0,State - ARUNACHAL PRADESH (12),91,190,93,97,155,73,82,35,20,15
C3713,12,0,State - ARUNACHAL PRADESH (12),92,145,69,76,121,57,64,24,12,12
C3713,12,0,State - ARUNACHAL PRADESH (12),93,94,46,48,71,34,37,23,12,11
C3713,12,0,State - ARUNACHAL PRADESH (12),94,129,64,65,110,51,59,19,13,6
C3713,12,0,State - ARUNACHAL PRADESH (12),95,186,88,98,154,73,81,32,15,17
C3713,12,0,State - ARUNACHAL PRADESH (12),96,98,51,47,82,39,43,16,12,4
C3713,12,0,State - ARUNACHAL PRADESH (12),97,93,48,45,79,41,38,14,7,7
C3713,12,0,State - ARUNACHAL PRADESH (12),98,111,58,53,95,50,45,16,8,8
C3713,12,0,State - ARUNACHAL PRADESH (12),99,51,30,21,41,24,17,10,6,4
C3713,12,0,State - ARUNACHAL PRADESH (12),100+,493,294,199,374,209,165,119,85,34
C3713,12,0,State - ARUNACHAL PRADESH (12),Age not stated,1509,859,650,1193,661,532,316,198,118
C3713,13,0,State - NAGALAND (13),All ages,1978502,1024649,953853,1407536,725472,682064,570966,299177,271789
C3713,13,0,State - NAGALAND (13),0,33464,17103,16361,24485,12523,11962,8979,4580,4399
C3713,13,0,State - NAGALAND (13),1,40143,20579,19564,29915,15340,14575,10228,5239,4989
C3713,13,0,State - NAGALAND (13),2,40173,20781,19392,30348,15735,14613,9825,5046,4779
C3713,13,0,State - NAGALAND (13),3,40812,20888,19924,30598,15791,14807,10214,5097,5117
C3713,13,0,State - NAGALAND (13),4,42670,21940,20730,31915,16592,15323,10755,5348,5407
C3713,13,0,State - NAGALAND (13),5,45634,23692,21942,34036,17775,16261,11598,5917,5681
C3713,13,0,State - NAGALAND (13),6,48175,24802,23373,36185,18727,17458,11990,6075,5915
C3713,13,0,State - NAGALAND (13),7,47314,24604,22710,35118,18330,16788,12196,6274,5922
C3713,13,0,State - NAGALAND (13),8,46619,24166,22453,34795,18029,16766,11824,6137,5687
C3713,13,0,State - NAGALAND (13),9,45357,23383,21974,33490,17259,16231,11867,6124,5743
C3713,13,0,State - NAGALAND (13),10,54020,28025,25995,40412,21140,19272,13608,6885,6723
C3713,13,0,State - NAGALAND (13),11,49059,25536,23523,35806,18749,17057,13253,6787,6466
C3713,13,0,State - NAGALAND (13),12,50676,26301,24375,37210,19355,17855,13466,6946,6520
C3713,13,0,State - NAGALAND (13),13,47547,24785,22762,34002,17795,16207,13545,6990,6555
C3713,13,0,State - NAGALAND (13),14,47369,24590,22779,33719,17619,16100,13650,6971,6679
C3713,13,0,State - NAGALAND (13),15,50125,26094,24031,36172,18914,17258,13953,7180,6773
C3713,13,0,State - NAGALAND (13),16,48251,24771,23480,34251,17583,16668,14000,7188,6812
C3713,13,0,State - NAGALAND (13),17,42900,21890,21010,29742,15280,14462,13158,6610,6548
C3713,13,0,State - NAGALAND (13),18,48929,25021,23908,34757,17757,17000,14172,7264,6908
C3713,13,0,State - NAGALAND (13),19,39417,20218,19199,27004,13825,13179,12413,6393,6020
C3713,13,0,State - NAGALAND (13),20,49489,25085,24404,35402,18109,17293,14087,6976,7111
C3713,13,0,State - NAGALAND (13),21,40598,20721,19877,27792,14277,13515,12806,6444,6362
C3713,13,0,State - NAGALAND (13),22,39366,19965,19401,26534,13491,13043,12832,6474,6358
C3713,13,0,State - NAGALAND (13),23,36104,18346,17758,24129,12187,11942,11975,6159,5816
C3713,13,0,State - NAGALAND (13),24,38806,19652,19154,25724,12880,12844,13082,6772,6310
C3713,13,0,State - NAGALAND (13),25,42349,21469,20880,28201,14253,13948,14148,7216,6932
C3713,13,0,State - NAGALAND (13),26,38213,19430,18783,25255,12706,12549,12958,6724,6234
C3713,13,0,State - NAGALAND (13),27,31835,16145,15690,20677,10289,10388,11158,5856,5302
C3713,13,0,State - NAGALAND (13),28,36525,18214,18311,24461,11967,12494,12064,6247,5817
C3713,13,0,State - NAGALAND (13),29,27979,14340,13639,18537,9373,9164,9442,4967,4475
C3713,13,0,State - NAGALAND (13),30,43783,22038,21745,30760,15399,15361,13023,6639,6384
C3713,13,0,State - NAGALAND (13),31,29904,15500,14404,19784,10261,9523,10120,5239,4881
C3713,13,0,State - NAGALAND (13),32,28632,14613,14019,19036,9571,9465,9596,5042,4554
C3713,13,0,State - NAGALAND (13),33,22931,11839,11092,14947,7600,7347,7984,4239,3745
C3713,13,0,State - NAGALAND (13),34,24674,12515,12159,15965,7951,8014,8709,4564,4145
C3713,13,0,State - NAGALAND (13),35,33990,17084,16906,22778,11261,11517,11212,5823,5389
C3713,13,0,State - NAGALAND (13),36,26559,13384,13175,17714,8732,8982,8845,4652,4193
C3713,13,0,State - NAGALAND (13),37,21210,10743,10467,14279,7103,7176,6931,3640,3291
C3713,13,0,State - NAGALAND (13),38,26864,13291,13573,18684,9035,9649,8180,4256,3924
C3713,13,0,State - NAGALAND (13),39,19575,10193,9382,13715,6936,6779,5860,3257,2603
C3713,13,0,State - NAGALAND (13),40,35932,18578,17354,26080,13283,12797,9852,5295,4557
C3713,13,0,State - NAGALAND (13),41,22094,11866,10228,15211,8023,7188,6883,3843,3040
C3713,13,0,State - NAGALAND (13),42,20827,10938,9889,14362,7352,7010,6465,3586,2879
C3713,13,0,State - NAGALAND (13),43,15714,8401,7313,10641,5533,5108,5073,2868,2205
C3713,13,0,State - NAGALAND (13),44,14694,7870,6824,9735,5020,4715,4959,2850,2109
C3713,13,0,State - NAGALAND (13),45,25633,13544,12089,17802,9249,8553,7831,4295,3536
C3713,13,0,State - NAGALAND (13),46,18182,10059,8123,12504,6823,5681,5678,3236,2442
C3713,13,0,State - NAGALAND (13),47,14467,7990,6477,9954,5348,4606,4513,2642,1871
C3713,13,0,State - NAGALAND (13),48,16582,8940,7642,11793,6184,5609,4789,2756,2033
C3713,13,0,State - NAGALAND (13),49,12883,7224,5659,9292,5040,4252,3591,2184,1407
C3713,13,0,State - NAGALAND (13),50,23688,12798,10890,17552,9283,8269,6136,3515,2621
C3713,13,0,State - NAGALAND (13),51,13033,7291,5742,9347,5108,4239,3686,2183,1503
C3713,13,0,State - NAGALAND (13),52,11072,6131,4941,7900,4248,3652,3172,1883,1289
C3713,13,0,State - NAGALAND (13),53,8862,4918,3944,6199,3307,2892,2663,1611,1052
C3713,13,0,State - NAGALAND (13),54,9204,4996,4208,6520,3430,3090,2684,1566,1118
C3713,13,0,State - NAGALAND (13),55,12757,6787,5970,9287,4789,4498,3470,1998,1472
C3713,13,0,State - NAGALAND (13),56,9355,5135,4220,6767,3646,3121,2588,1489,1099
C3713,13,0,State - NAGALAND (13),57,6904,3838,3066,5012,2707,2305,1892,1131,761
C3713,13,0,State - NAGALAND (13),58,8145,4455,3690,6096,3250,2846,2049,1205,844
C3713,13,0,State - NAGALAND (13),59,6237,3526,2711,4589,2506,2083,1648,1020,628
C3713,13,0,State - NAGALAND (13),60,13709,7302,6407,10722,5603,5119,2987,1699,1288
C3713,13,0,State - NAGALAND (13),61,7227,4013,3214,5546,3035,2511,1681,978,703
C3713,13,0,State - NAGALAND (13),62,5987,3177,2810,4628,2416,2212,1359,761,598
C3713,13,0,State - NAGALAND (13),63,5047,2760,2287,3825,2018,1807,1222,742,480
C3713,13,0,State - NAGALAND (13),64,4549,2431,2118,3480,1826,1654,1069,605,464
C3713,13,0,State - NAGALAND (13),65,7842,4109,3733,6113,3198,2915,1729,911,818
C3713,13,0,State - NAGALAND (13),66,4829,2556,2273,3738,1972,1766,1091,584,507
C3713,13,0,State - NAGALAND (13),67,3703,2028,1675,2831,1532,1299,872,496,376
C3713,13,0,State - NAGALAND (13),68,4509,2333,2176,3587,1819,1768,922,514,408
C3713,13,0,State - NAGALAND (13),69,3360,1775,1585,2670,1409,1261,690,366,324
C3713,13,0,State - NAGALAND (13),70,7126,3641,3485,5930,3043,2887,1196,598,598
C3713,13,0,State - NAGALAND (13),71,3607,1929,1678,2932,1562,1370,675,367,308
C3713,13,0,State - NAGALAND (13),72,2613,1440,1173,2142,1165,977,471,275,196
C3713,13,0,State - NAGALAND (13),73,2104,1142,962,1682,916,766,422,226,196
C3713,13,0,State - NAGALAND (13),74,2143,1108,1035,1667,864,803,476,244,232
C3713,13,0,State - NAGALAND (13),75,3638,1871,1767,2961,1510,1451,677,361,316
C3713,13,0,State - NAGALAND (13),76,2176,1181,995,1782,973,809,394,208,186
C3713,13,0,State - NAGALAND (13),77,1455,813,642,1178,675,503,277,138,139
C3713,13,0,State - NAGALAND (13),78,1824,1006,818,1506,832,674,318,174,144
C3713,13,0,State - NAGALAND (13),79,1472,764,708,1202,616,586,270,148,122
C3713,13,0,State - NAGALAND (13),80,3064,1577,1487,2580,1356,1224,484,221,263
C3713,13,0,State - NAGALAND (13),81,1447,785,662,1198,652,546,249,133,116
C3713,13,0,State - NAGALAND (13),82,979,523,456,781,446,335,198,77,121
C3713,13,0,State - NAGALAND (13),83,748,404,344,597,335,262,151,69,82
C3713,13,0,State - NAGALAND (13),84,784,439,345,604,340,264,180,99,81
C3713,13,0,State - NAGALAND (13),85,1099,544,555,891,450,441,208,94,114
C3713,13,0,State - NAGALAND (13),86,708,382,326,577,320,257,131,62,69
C3713,13,0,State - NAGALAND (13),87,549,283,266,441,230,211,108,53,55
C3713,13,0,State - NAGALAND (13),88,490,255,235,387,205,182,103,50,53
C3713,13,0,State - NAGALAND (13),89,455,263,192,359,210,149,96,53,43
C3713,13,0,State - NAGALAND (13),90,840,458,382,708,396,312,132,62,70
C3713,13,0,State - NAGALAND (13),91,409,215,194,324,177,147,85,38,47
C3713,13,0,State - NAGALAND (13),92,374,204,170,290,166,124,84,38,46
C3713,13,0,State - NAGALAND (13),93,269,154,115,197,115,82,72,39,33
C3713,13,0,State - NAGALAND (13),94,227,124,103,174,98,76,53,26,27
C3713,13,0,State - NAGALAND (13),95,316,185,131,242,151,91,74,34,40
C3713,13,0,State - NAGALAND (13),96,216,127,89,161,98,63,55,29,26
C3713,13,0,State - NAGALAND (13),97,178,98,80,132,70,62,46,28,18
C3713,13,0,State - NAGALAND (13),98,197,118,79,151,93,58,46,25,21
C3713,13,0,State - NAGALAND (13),99,109,63,46,84,49,35,25,14,11
C3713,13,0,State - NAGALAND (13),100+,348,199,149,285,171,114,63,28,35
C3713,13,0,State - NAGALAND (13),Age not stated,1471,849,622,1274,732,542,197,117,80
C3713,14,0,State - MANIPUR (14),All ages,2855794,1438586,1417208,2021640,1026884,994756,834154,411702,422452
C3713,14,0,State - MANIPUR (14),0,44178,22852,21326,30751,16089,14662,13427,6763,6664
C3713,14,0,State - MANIPUR (14),1,58404,30580,27824,42156,22074,20082,16248,8506,7742
C3713,14,0,State - MANIPUR (14),2,49167,25449,23718,36213,18762,17451,12954,6687,6267
C3713,14,0,State - MANIPUR (14),3,52179,26997,25182,38460,19985,18475,13719,7012,6707
C3713,14,0,State - MANIPUR (14),4,52754,27282,25472,38825,20184,18641,13929,7098,6831
C3713,14,0,State - MANIPUR (14),5,59079,30408,28671,43475,22425,21050,15604,7983,7621
C3713,14,0,State - MANIPUR (14),6,59596,30916,28680,44066,22924,21142,15530,7992,7538
C3713,14,0,State - MANIPUR (14),7,59467,30285,29182,44012,22522,21490,15455,7763,7692
C3713,14,0,State - MANIPUR (14),8,59412,30471,28941,44147,22722,21425,15265,7749,7516
C3713,14,0,State - MANIPUR (14),9,53689,27686,26003,39720,20519,19201,13969,7167,6802
C3713,14,0,State - MANIPUR (14),10,67741,35162,32579,50337,26125,24212,17404,9037,8367
C3713,14,0,State - MANIPUR (14),11,59530,30781,28749,43713,22732,20981,15817,8049,7768
C3713,14,0,State - MANIPUR (14),12,64919,33380,31539,48016,24906,23110,16903,8474,8429
C3713,14,0,State - MANIPUR (14),13,60556,30843,29713,44150,22690,21460,16406,8153,8253
C3713,14,0,State - MANIPUR (14),14,61017,30980,30037,44626,22761,21865,16391,8219,8172
C3713,14,0,State - MANIPUR (14),15,62680,31912,30768,46177,23624,22553,16503,8288,8215
C3713,14,0,State - MANIPUR (14),16,56560,28529,28031,42105,21324,20781,14455,7205,7250
C3713,14,0,State - MANIPUR (14),17,52601,26464,26137,38640,19511,19129,13961,6953,7008
C3713,14,0,State - MANIPUR (14),18,64850,32559,32291,48729,24691,24038,16121,7868,8253
C3713,14,0,State - MANIPUR (14),19,50317,25031,25286,37388,18756,18632,12929,6275,6654
C3713,14,0,State - MANIPUR (14),20,66692,33066,33626,50115,25021,25094,16577,8045,8532
C3713,14,0,State - MANIPUR (14),21,52468,26170,26298,38322,19257,19065,14146,6913,7233
C3713,14,0,State - MANIPUR (14),22,55541,27607,27934,39907,20163,19744,15634,7444,8190
C3713,14,0,State - MANIPUR (14),23,52447,25875,26572,37488,18566,18922,14959,7309,7650
C3713,14,0,State - MANIPUR (14),24,54634,26869,27765,38907,19216,19691,15727,7653,8074
C3713,14,0,State - MANIPUR (14),25,64930,31578,33352,46185,22703,23482,18745,8875,9870
C3713,14,0,State - MANIPUR (14),26,54564,27060,27504,38244,19140,19104,16320,7920,8400
C3713,14,0,State - MANIPUR (14),27,51322,25353,25969,35441,17635,17806,15881,7718,8163
C3713,14,0,State - MANIPUR (14),28,56135,27383,28752,38984,19180,19804,17151,8203,8948
C3713,14,0,State - MANIPUR (14),29,43526,21514,22012,30033,14968,15065,13493,6546,6947
C3713,14,0,State - MANIPUR (14),30,67254,33111,34143,47537,23714,23823,19717,9397,10320
C3713,14,0,State - MANIPUR (14),31,41008,20758,20250,28214,14448,13766,12794,6310,6484
C3713,14,0,State - MANIPUR (14),32,41438,20557,20881,28191,14039,14152,13247,6518,6729
C3713,14,0,State - MANIPUR (14),33,34322,17192,17130,22950,11612,11338,11372,5580,5792
C3713,14,0,State - MANIPUR (14),34,36932,18060,18872,25030,12330,12700,11902,5730,6172
C3713,14,0,State - MANIPUR (14),35,52295,25983,26312,36093,18172,17921,16202,7811,8391
C3713,14,0,State - MANIPUR (14),36,38510,19168,19342,25992,13092,12900,12518,6076,6442
C3713,14,0,State - MANIPUR (14),37,34719,17360,17359,23416,11777,11639,11303,5583,5720
C3713,14,0,State - MANIPUR (14),38,41115,19911,21204,28299,13790,14509,12816,6121,6695
C3713,14,0,State - MANIPUR (14),39,31814,15597,16217,21825,10808,11017,9989,4789,5200
C3713,14,0,State - MANIPUR (14),40,53614,26581,27033,38092,19050,19042,15522,7531,7991
C3713,14,0,State - MANIPUR (14),41,32370,16756,15614,22116,11521,10595,10254,5235,5019
C3713,14,0,State - MANIPUR (14),42,32073,16164,15909,21714,11053,10661,10359,5111,5248
C3713,14,0,State - MANIPUR (14),43,26217,13161,13056,17518,8913,8605,8699,4248,4451
C3713,14,0,State - MANIPUR (14),44,26555,13234,13321,17667,8905,8762,8888,4329,4559
C3713,14,0,State - MANIPUR (14),45,41160,20511,20649,28413,14257,14156,12747,6254,6493
C3713,14,0,State - MANIPUR (14),46,28381,14461,13920,19169,9753,9416,9212,4708,4504
C3713,14,0,State - MANIPUR (14),47,25588,13031,12557,17248,8852,8396,8340,4179,4161
C3713,14,0,State - MANIPUR (14),48,28877,14314,14563,19716,9803,9913,9161,4511,4650
C3713,14,0,State - MANIPUR (14),49,23024,11600,11424,15655,7995,7660,7369,3605,3764
C3713,14,0,State - MANIPUR (14),50,41480,20465,21015,28749,14511,14238,12731,5954,6777
C3713,14,0,State - MANIPUR (14),51,21452,11217,10235,14357,7627,6730,7095,3590,3505
C3713,14,0,State - MANIPUR (14),52,20963,10658,10305,13872,7124,6748,7091,3534,3557
C3713,14,0,State - MANIPUR (14),53,17319,8799,8520,11225,5684,5541,6094,3115,2979
C3713,14,0,State - MANIPUR (14),54,19063,9459,9604,12382,6159,6223,6681,3300,3381
C3713,14,0,State - MANIPUR (14),55,26785,13051,13734,17762,8799,8963,9023,4252,4771
C3713,14,0,State - MANIPUR (14),56,18395,9574,8821,12269,6476,5793,6126,3098,3028
C3713,14,0,State - MANIPUR (14),57,14805,7666,7139,9720,5059,4661,5085,2607,2478
C3713,14,0,State - MANIPUR (14),58,16328,8268,8060,10989,5580,5409,5339,2688,2651
C3713,14,0,State - MANIPUR (14),59,13186,6850,6336,8861,4641,4220,4325,2209,2116
C3713,14,0,State - MANIPUR (14),60,28447,14057,14390,19687,9920,9767,8760,4137,4623
C3713,14,0,State - MANIPUR (14),61,12650,6606,6044,8543,4485,4058,4107,2121,1986
C3713,14,0,State - MANIPUR (14),62,11197,5774,5423,7349,3838,3511,3848,1936,1912
C3713,14,0,State - MANIPUR (14),63,9570,5005,4565,6261,3327,2934,3309,1678,1631
C3713,14,0,State - MANIPUR (14),64,10033,5125,4908,6383,3305,3078,3650,1820,1830
C3713,14,0,State - MANIPUR (14),65,16886,8150,8736,11130,5512,5618,5756,2638,3118
C3713,14,0,State - MANIPUR (14),66,8767,4498,4269,5703,2963,2740,3064,1535,1529
C3713,14,0,State - MANIPUR (14),67,7175,3703,3472,4852,2537,2315,2323,1166,1157
C3713,14,0,State - MANIPUR (14),68,7510,3718,3792,5109,2549,2560,2401,1169,1232
C3713,14,0,State - MANIPUR (14),69,6310,3149,3161,4212,2116,2096,2098,1033,1065
C3713,14,0,State - MANIPUR (14),70,15204,7239,7965,10261,5008,5253,4943,2231,2712
C3713,14,0,State - MANIPUR (14),71,5901,2994,2907,3950,2033,1917,1951,961,990
C3713,14,0,State - MANIPUR (14),72,4863,2391,2472,3123,1554,1569,1740,837,903
C3713,14,0,State - MANIPUR (14),73,3823,1956,1867,2472,1279,1193,1351,677,674
C3713,14,0,State - MANIPUR (14),74,4462,2196,2266,2782,1427,1355,1680,769,911
C3713,14,0,State - MANIPUR (14),75,7923,3869,4054,5097,2503,2594,2826,1366,1460
C3713,14,0,State - MANIPUR (14),76,4232,2128,2104,2672,1379,1293,1560,749,811
C3713,14,0,State - MANIPUR (14),77,3030,1639,1391,1881,1055,826,1149,584,565
C3713,14,0,State - MANIPUR (14),78,3554,1725,1829,2277,1148,1129,1277,577,700
C3713,14,0,State - MANIPUR (14),79,2689,1302,1387,1729,876,853,960,426,534
C3713,14,0,State - MANIPUR (14),80,6626,3129,3497,4261,2111,2150,2365,1018,1347
C3713,14,0,State - MANIPUR (14),81,2644,1297,1347,1664,846,818,980,451,529
C3713,14,0,State - MANIPUR (14),82,1983,972,1011,1225,628,597,758,344,414
C3713,14,0,State - MANIPUR (14),83,1561,823,738,951,518,433,610,305,305
C3713,14,0,State - MANIPUR (14),84,1719,846,873,996,503,493,723,343,380
C3713,14,0,State - MANIPUR (14),85,2412,1200,1212,1461,741,720,951,459,492
C3713,14,0,State - MANIPUR (14),86,1327,663,664,794,422,372,533,241,292
C3713,14,0,State - MANIPUR (14),87,974,508,466,584,328,256,390,180,210
C3713,14,0,State - MANIPUR (14),88,837,409,428,518,264,254,319,145,174
C3713,14,0,State - MANIPUR (14),89,658,325,333,416,220,196,242,105,137
C3713,14,0,State - MANIPUR (14),90,1264,561,703,822,383,439,442,178,264
C3713,14,0,State - MANIPUR (14),91,530,269,261,313,175,138,217,94,123
C3713,14,0,State - MANIPUR (14),92,395,197,198,249,122,127,146,75,71
C3713,14,0,State - MANIPUR (14),93,296,142,154,162,77,85,134,65,69
C3713,14,0,State - MANIPUR (14),94,268,121,147,165,82,83,103,39,64
C3713,14,0,State - MANIPUR (14),95,424,180,244,240,113,127,184,67,117
C3713,14,0,State - MANIPUR (14),96,266,143,123,147,88,59,119,55,64
C3713,14,0,State - MANIPUR (14),97,218,100,118,124,57,67,94,43,51
C3713,14,0,State - MANIPUR (14),98,249,117,132,154,71,83,95,46,49
C3713,14,0,State - MANIPUR (14),99,127,53,74,87,38,49,40,15,25
C3713,14,0,State - MANIPUR (14),100+,1016,516,500,809,421,388,207,95,112
C3713,14,0,State - MANIPUR (14),Age not stated,7777,4232,3545,5652,3143,2509,2125,1089,1036
C3713,15,0,State - MIZORAM (15),All ages,1097206,555339,541867,525435,269135,256300,571771,286204,285567
C3713,15,0,State - MIZORAM (15),0,23899,12017,11882,12868,6505,6363,11031,5512,5519
C3713,15,0,State - MIZORAM (15),1,28745,14711,14034,15755,8061,7694,12990,6650,6340
C3713,15,0,State - MIZORAM (15),2,22656,11504,11152,12817,6461,6356,9839,5043,4796
C3713,15,0,State - MIZORAM (15),3,23235,11844,11391,12990,6618,6372,10245,5226,5019
C3713,15,0,State - MIZORAM (15),4,22698,11465,11233,12542,6432,6110,10156,5033,5123
C3713,15,0,State - MIZORAM (15),5,23855,12056,11799,13420,6754,6666,10435,5302,5133
C3713,15,0,State - MIZORAM (15),6,23443,11964,11479,12992,6658,6334,10451,5306,5145
C3713,15,0,State - MIZORAM (15),7,24090,12123,11967,13359,6725,6634,10731,5398,5333
C3713,15,0,State - MIZORAM (15),8,23435,11951,11484,12933,6635,6298,10502,5316,5186
C3713,15,0,State - MIZORAM (15),9,22965,11794,11171,12192,6301,5891,10773,5493,5280
C3713,15,0,State - MIZORAM (15),10,25316,12805,12511,13489,6855,6634,11827,5950,5877
C3713,15,0,State - MIZORAM (15),11,23390,11958,11432,12093,6280,5813,11297,5678,5619
C3713,15,0,State - MIZORAM (15),12,22986,11701,11285,11887,6023,5864,11099,5678,5421
C3713,15,0,State - MIZORAM (15),13,22730,11631,11099,11569,5971,5598,11161,5660,5501
C3713,15,0,State - MIZORAM (15),14,22559,11431,11128,11050,5707,5343,11509,5724,5785
C3713,15,0,State - MIZORAM (15),15,22365,11437,10928,10614,5543,5071,11751,5894,5857
C3713,15,0,State - MIZORAM (15),16,22353,11424,10929,10330,5410,4920,12023,6014,6009
C3713,15,0,State - MIZORAM (15),17,21574,10973,10601,9710,5128,4582,11864,5845,6019
C3713,15,0,State - MIZORAM (15),18,22772,11468,11304,10128,5223,4905,12644,6245,6399
C3713,15,0,State - MIZORAM (15),19,21279,10605,10674,9475,4696,4779,11804,5909,5895
C3713,15,0,State - MIZORAM (15),20,24540,12268,12272,11380,5695,5685,13160,6573,6587
C3713,15,0,State - MIZORAM (15),21,21924,10828,11096,9900,4934,4966,12024,5894,6130
C3713,15,0,State - MIZORAM (15),22,22112,10866,11246,10160,4948,5212,11952,5918,6034
C3713,15,0,State - MIZORAM (15),23,21264,10569,10695,9600,4764,4836,11664,5805,5859
C3713,15,0,State - MIZORAM (15),24,21868,10981,10887,9929,4973,4956,11939,6008,5931
C3713,15,0,State - MIZORAM (15),25,22596,11417,11179,10536,5260,5276,12060,6157,5903
C3713,15,0,State - MIZORAM (15),26,21913,10835,11078,9931,4974,4957,11982,5861,6121
C3713,15,0,State - MIZORAM (15),27,19612,9850,9762,8766,4462,4304,10846,5388,5458
C3713,15,0,State - MIZORAM (15),28,20870,10267,10603,9320,4636,4684,11550,5631,5919
C3713,15,0,State - MIZORAM (15),29,17355,9021,8334,7831,4110,3721,9524,4911,4613
C3713,15,0,State - MIZORAM (15),30,21257,10857,10400,9891,5115,4776,11366,5742,5624
C3713,15,0,State - MIZORAM (15),31,18274,9190,9084,8039,4140,3899,10235,5050,5185
C3713,15,0,State - MIZORAM (15),32,16952,8498,8454,7232,3722,3510,9720,4776,4944
C3713,15,0,State - MIZORAM (15),33,16000,7982,8018,6858,3450,3408,9142,4532,4610
C3713,15,0,State - MIZORAM (15),34,15891,7814,8077,6720,3374,3346,9171,4440,4731
C3713,15,0,State - MIZORAM (15),35,18094,9242,8852,8062,4189,3873,10032,5053,4979
C3713,15,0,State - MIZORAM (15),36,14964,7565,7399,6457,3359,3098,8507,4206,4301
C3713,15,0,State - MIZORAM (15),37,13682,6945,6737,5901,3093,2808,7781,3852,3929
C3713,15,0,State - MIZORAM (15),38,14682,7366,7316,6312,3244,3068,8370,4122,4248
C3713,15,0,State - MIZORAM (15),39,10962,5699,5263,4897,2576,2321,6065,3123,2942
C3713,15,0,State - MIZORAM (15),40,14083,7371,6712,6402,3403,2999,7681,3968,3713
C3713,15,0,State - MIZORAM (15),41,11047,5710,5337,4749,2510,2239,6298,3200,3098
C3713,15,0,State - MIZORAM (15),42,11601,5946,5655,4687,2419,2268,6914,3527,3387
C3713,15,0,State - MIZORAM (15),43,9356,4826,4530,3872,1976,1896,5484,2850,2634
C3713,15,0,State - MIZORAM (15),44,12093,6117,5976,5108,2617,2491,6985,3500,3485
C3713,15,0,State - MIZORAM (15),45,12605,6399,6206,5454,2828,2626,7151,3571,3580
C3713,15,0,State - MIZORAM (15),46,11347,5659,5688,4831,2511,2320,6516,3148,3368
C3713,15,0,State - MIZORAM (15),47,10247,5226,5021,4351,2274,2077,5896,2952,2944
C3713,15,0,State - MIZORAM (15),48,10725,5429,5296,4667,2388,2279,6058,3041,3017
C3713,15,0,State - MIZORAM (15),49,8251,4315,3936,3742,1982,1760,4509,2333,2176
C3713,15,0,State - MIZORAM (15),50,11269,5704,5565,5408,2811,2597,5861,2893,2968
C3713,15,0,State - MIZORAM (15),51,9399,4809,4590,4275,2240,2035,5124,2569,2555
C3713,15,0,State - MIZORAM (15),52,8650,4400,4250,3882,1997,1885,4768,2403,2365
C3713,15,0,State - MIZORAM (15),53,7591,3929,3662,3392,1788,1604,4199,2141,2058
C3713,15,0,State - MIZORAM (15),54,7347,3714,3633,3301,1702,1599,4046,2012,2034
C3713,15,0,State - MIZORAM (15),55,7522,3872,3650,3583,1866,1717,3939,2006,1933
C3713,15,0,State - MIZORAM (15),56,6946,3621,3325,3273,1771,1502,3673,1850,1823
C3713,15,0,State - MIZORAM (15),57,5645,2918,2727,2644,1415,1229,3001,1503,1498
C3713,15,0,State - MIZORAM (15),58,6162,3153,3009,2867,1501,1366,3295,1652,1643
C3713,15,0,State - MIZORAM (15),59,4902,2575,2327,2236,1217,1019,2666,1358,1308
C3713,15,0,State - MIZORAM (15),60,6638,3317,3321,3327,1699,1628,3311,1618,1693
C3713,15,0,State - MIZORAM (15),61,4816,2422,2394,2353,1210,1143,2463,1212,1251
C3713,15,0,State - MIZORAM (15),62,4421,2213,2208,2074,1095,979,2347,1118,1229
C3713,15,0,State - MIZORAM (15),63,4650,2424,2226,2143,1162,981,2507,1262,1245
C3713,15,0,State - MIZORAM (15),64,3955,1981,1974,1839,944,895,2116,1037,1079
C3713,15,0,State - MIZORAM (15),65,4282,2080,2202,2202,1151,1051,2080,929,1151
C3713,15,0,State - MIZORAM (15),66,3350,1684,1666,1567,802,765,1783,882,901
C3713,15,0,State - MIZORAM (15),67,2895,1467,1428,1411,730,681,1484,737,747
C3713,15,0,State - MIZORAM (15),68,3190,1594,1596,1496,784,712,1694,810,884
C3713,15,0,State - MIZORAM (15),69,2453,1289,1164,1202,638,564,1251,651,600
C3713,15,0,State - MIZORAM (15),70,3551,1760,1791,1775,893,882,1776,867,909
C3713,15,0,State - MIZORAM (15),71,2443,1267,1176,1148,622,526,1295,645,650
C3713,15,0,State - MIZORAM (15),72,2093,1091,1002,926,489,437,1167,602,565
C3713,15,0,State - MIZORAM (15),73,2027,1043,984,890,482,408,1137,561,576
C3713,15,0,State - MIZORAM (15),74,1906,947,959,833,421,412,1073,526,547
C3713,15,0,State - MIZORAM (15),75,2308,1135,1173,1087,558,529,1221,577,644
C3713,15,0,State - MIZORAM (15),76,1617,819,798,780,429,351,837,390,447
C3713,15,0,State - MIZORAM (15),77,1504,729,775,628,324,304,876,405,471
C3713,15,0,State - MIZORAM (15),78,1322,696,626,630,334,296,692,362,330
C3713,15,0,State - MIZORAM (15),79,1033,505,528,474,231,243,559,274,285
C3713,15,0,State - MIZORAM (15),80,1585,771,814,759,369,390,826,402,424
C3713,15,0,State - MIZORAM (15),81,1064,534,530,451,239,212,613,295,318
C3713,15,0,State - MIZORAM (15),82,778,403,375,351,194,157,427,209,218
C3713,15,0,State - MIZORAM (15),83,699,344,355,273,132,141,426,212,214
C3713,15,0,State - MIZORAM (15),84,662,300,362,302,138,164,360,162,198
C3713,15,0,State - MIZORAM (15),85,633,292,341,300,136,164,333,156,177
C3713,15,0,State - MIZORAM (15),86,518,227,291,245,101,144,273,126,147
C3713,15,0,State - MIZORAM (15),87,381,188,193,167,78,89,214,110,104
C3713,15,0,State - MIZORAM (15),88,337,158,179,148,71,77,189,87,102
C3713,15,0,State - MIZORAM (15),89,248,103,145,104,38,66,144,65,79
C3713,15,0,State - MIZORAM (15),90,347,152,195,186,86,100,161,66,95
C3713,15,0,State - MIZORAM (15),91,173,73,100,70,32,38,103,41,62
C3713,15,0,State - MIZORAM (15),92,126,60,66,55,30,25,71,30,41
C3713,15,0,State - MIZORAM (15),93,106,53,53,44,20,24,62,33,29
C3713,15,0,State - MIZORAM (15),94,77,36,41,40,19,21,37,17,20
C3713,15,0,State - MIZORAM (15),95,96,37,59,48,22,26,48,15,33
C3713,15,0,State - MIZORAM (15),96,68,32,36,23,6,17,45,26,19
C3713,15,0,State - MIZORAM (15),97,50,26,24,23,7,16,27,19,8
C3713,15,0,State - MIZORAM (15),98,66,27,39,38,14,24,28,13,15
C3713,15,0,State - MIZORAM (15),99,42,17,25,24,10,14,18,7,11
C3713,15,0,State - MIZORAM (15),100+,118,49,69,60,21,39,58,28,30
C3713,15,0,State - MIZORAM (15),Age not stated,633,379,254,280,154,126,353,225,128
C3713,16,0,State - TRIPURA (16),All ages,3673917,1874376,1799541,2712464,1387173,1325291,961453,487203,474250
C3713,16,0,State - TRIPURA (16),0,56275,28650,27625,44516,22570,21946,11759,6080,5679
C3713,16,0,State - TRIPURA (16),1,64108,32563,31545,51064,25883,25181,13044,6680,6364
C3713,16,0,State - TRIPURA (16),2,65012,33442,31570,52839,27195,25644,12173,6247,5926
C3713,16,0,State - TRIPURA (16),3,69528,35467,34061,55720,28377,27343,13808,7090,6718
C3713,16,0,State - TRIPURA (16),4,67643,34383,33260,53881,27359,26522,13762,7024,6738
C3713,16,0,State - TRIPURA (16),5,69220,35258,33962,54901,27966,26935,14319,7292,7027
C3713,16,0,State - TRIPURA (16),6,66228,34245,31983,52388,27050,25338,13840,7195,6645
C3713,16,0,State - TRIPURA (16),7,66430,33918,32512,52331,26766,25565,14099,7152,6947
C3713,16,0,State - TRIPURA (16),8,68449,34968,33481,53871,27492,26379,14578,7476,7102
C3713,16,0,State - TRIPURA (16),9,67408,34152,33256,52939,26775,26164,14469,7377,7092
C3713,16,0,State - TRIPURA (16),10,74446,38244,36202,59237,30415,28822,15209,7829,7380
C3713,16,0,State - TRIPURA (16),11,70154,35830,34324,55018,28076,26942,15136,7754,7382
C3713,16,0,State - TRIPURA (16),12,74234,38045,36189,59293,30412,28881,14941,7633,7308
C3713,16,0,State - TRIPURA (16),13,69374,35375,33999,54998,28164,26834,14376,7211,7165
C3713,16,0,State - TRIPURA (16),14,69482,35507,33975,54448,27837,26611,15034,7670,7364
C3713,16,0,State - TRIPURA (16),15,71020,36298,34722,55643,28476,27167,15377,7822,7555
C3713,16,0,State - TRIPURA (16),16,71534,36901,34633,55345,28666,26679,16189,8235,7954
C3713,16,0,State - TRIPURA (16),17,67462,35616,31846,51403,27424,23979,16059,8192,7867
C3713,16,0,State - TRIPURA (16),18,77535,38564,38971,59769,29626,30143,17766,8938,8828
C3713,16,0,State - TRIPURA (16),19,70278,33757,36521,52728,25185,27543,17550,8572,8978
C3713,16,0,State - TRIPURA (16),20,86562,41080,45482,66408,31462,34946,20154,9618,10536
C3713,16,0,State - TRIPURA (16),21,71419,35264,36155,53743,26595,27148,17676,8669,9007
C3713,16,0,State - TRIPURA (16),22,75497,37557,37940,57346,28687,28659,18151,8870,9281
C3713,16,0,State - TRIPURA (16),23,68459,34324,34135,50667,25388,25279,17792,8936,8856
C3713,16,0,State - TRIPURA (16),24,71240,35554,35686,52712,26334,26378,18528,9220,9308
C3713,16,0,State - TRIPURA (16),25,86486,42174,44312,65493,32038,33455,20993,10136,10857
C3713,16,0,State - TRIPURA (16),26,72158,36262,35896,53265,26957,26308,18893,9305,9588
C3713,16,0,State - TRIPURA (16),27,65499,34399,31100,47123,25007,22116,18376,9392,8984
C3713,16,0,State - TRIPURA (16),28,65574,33738,31836,48091,24788,23303,17483,8950,8533
C3713,16,0,State - TRIPURA (16),29,54432,28486,25946,38888,20599,18289,15544,7887,7657
C3713,16,0,State - TRIPURA (16),30,83384,42615,40769,61772,31826,29946,21612,10789,10823
C3713,16,0,State - TRIPURA (16),31,56722,29609,27113,40540,21461,19079,16182,8148,8034
C3713,16,0,State - TRIPURA (16),32,56165,29365,26800,39853,21142,18711,16312,8223,8089
C3713,16,0,State - TRIPURA (16),33,44456,23509,20947,30715,16460,14255,13741,7049,6692
C3713,16,0,State - TRIPURA (16),34,46262,24133,22129,31988,16842,15146,14274,7291,6983
C3713,16,0,State - TRIPURA (16),35,75829,38025,37804,55173,28073,27100,20656,9952,10704
C3713,16,0,State - TRIPURA (16),36,58302,29918,28384,41102,21364,19738,17200,8554,8646
C3713,16,0,State - TRIPURA (16),37,47530,24739,22791,32600,17234,15366,14930,7505,7425
C3713,16,0,State - TRIPURA (16),38,52705,26855,25850,36693,18861,17832,16012,7994,8018
C3713,16,0,State - TRIPURA (16),39,44976,23514,21462,30561,16126,14435,14415,7388,7027
C3713,16,0,State - TRIPURA (16),40,72033,36394,35639,51858,26322,25536,20175,10072,10103
C3713,16,0,State - TRIPURA (16),41,48497,25052,23445,33357,17363,15994,15140,7689,7451
C3713,16,0,State - TRIPURA (16),42,46900,24638,22262,31502,16669,14833,15398,7969,7429
C3713,16,0,State - TRIPURA (16),43,35737,19062,16675,23514,12577,10937,12223,6485,5738
C3713,16,0,State - TRIPURA (16),44,35584,18947,16637,23824,12662,11162,11760,6285,5475
C3713,16,0,State - TRIPURA (16),45,63824,31870,31954,45407,22693,22714,18417,9177,9240
C3713,16,0,State - TRIPURA (16),46,41816,21583,20233,28399,14837,13562,13417,6746,6671
C3713,16,0,State - TRIPURA (16),47,33261,17638,15623,21613,11532,10081,11648,6106,5542
C3713,16,0,State - TRIPURA (16),48,36906,19676,17230,24451,13071,11380,12455,6605,5850
C3713,16,0,State - TRIPURA (16),49,29662,15950,13712,19427,10530,8897,10235,5420,4815
C3713,16,0,State - TRIPURA (16),50,54377,27446,26931,38850,19663,19187,15527,7783,7744
C3713,16,0,State - TRIPURA (16),51,34631,18721,15910,23226,12711,10515,11405,6010,5395
C3713,16,0,State - TRIPURA (16),52,30115,16588,13527,19498,10728,8770,10617,5860,4757
C3713,16,0,State - TRIPURA (16),53,21160,11990,9170,12986,7400,5586,8174,4590,3584
C3713,16,0,State - TRIPURA (16),54,21903,11882,10021,13742,7480,6262,8161,4402,3759
C3713,16,0,State - TRIPURA (16),55,39778,19859,19919,27585,13772,13813,12193,6087,6106
C3713,16,0,State - TRIPURA (16),56,25130,13454,11676,16560,8856,7704,8570,4598,3972
C3713,16,0,State - TRIPURA (16),57,17703,9778,7925,10961,5921,5040,6742,3857,2885
C3713,16,0,State - TRIPURA (16),58,18027,9990,8037,11317,6056,5261,6710,3934,2776
C3713,16,0,State - TRIPURA (16),59,16236,8768,7468,10524,5461,5063,5712,3307,2405
C3713,16,0,State - TRIPURA (16),60,37813,18205,19608,27477,13253,14224,10336,4952,5384
C3713,16,0,State - TRIPURA (16),61,21016,10808,10208,14523,7377,7146,6493,3431,3062
C3713,16,0,State - TRIPURA (16),62,16700,8774,7926,11084,5708,5376,5616,3066,2550
C3713,16,0,State - TRIPURA (16),63,10494,5901,4593,6766,3713,3053,3728,2188,1540
C3713,16,0,State - TRIPURA (16),64,11106,5923,5183,7445,3889,3556,3661,2034,1627
C3713,16,0,State - TRIPURA (16),65,28872,13722,15150,21216,10228,10988,7656,3494,4162
C3713,16,0,State - TRIPURA (16),66,15103,7623,7480,10881,5478,5403,4222,2145,2077
C3713,16,0,State - TRIPURA (16),67,9601,5086,4515,6591,3487,3104,3010,1599,1411
C3713,16,0,State - TRIPURA (16),68,8620,4447,4173,5861,2966,2895,2759,1481,1278
C3713,16,0,State - TRIPURA (16),69,8284,4166,4118,5877,2908,2969,2407,1258,1149
C3713,16,0,State - TRIPURA (16),70,24416,11217,13199,18310,8621,9689,6106,2596,3510
C3713,16,0,State - TRIPURA (16),71,11626,5713,5913,8474,4241,4233,3152,1472,1680
C3713,16,0,State - TRIPURA (16),72,7560,3942,3618,5208,2749,2459,2352,1193,1159
C3713,16,0,State - TRIPURA (16),73,4300,2372,1928,2792,1537,1255,1508,835,673
C3713,16,0,State - TRIPURA (16),74,4422,2291,2131,2980,1550,1430,1442,741,701
C3713,16,0,State - TRIPURA (16),75,13121,5986,7135,9458,4431,5027,3663,1555,2108
C3713,16,0,State - TRIPURA (16),76,6843,3240,3603,4756,2318,2438,2087,922,1165
C3713,16,0,State - TRIPURA (16),77,3853,1890,1963,2619,1300,1319,1234,590,644
C3713,16,0,State - TRIPURA (16),78,3171,1617,1554,2164,1116,1048,1007,501,506
C3713,16,0,State - TRIPURA (16),79,3098,1526,1572,2168,1093,1075,930,433,497
C3713,16,0,State - TRIPURA (16),80,10027,4273,5754,7449,3327,4122,2578,946,1632
C3713,16,0,State - TRIPURA (16),81,4558,2115,2443,3325,1582,1743,1233,533,700
C3713,16,0,State - TRIPURA (16),82,2595,1284,1311,1827,936,891,768,348,420
C3713,16,0,State - TRIPURA (16),83,1360,683,677,936,481,455,424,202,222
C3713,16,0,State - TRIPURA (16),84,1387,685,702,970,508,462,417,177,240
C3713,16,0,State - TRIPURA (16),85,3957,1694,2263,2880,1279,1601,1077,415,662
C3713,16,0,State - TRIPURA (16),86,2099,922,1177,1512,698,814,587,224,363
C3713,16,0,State - TRIPURA (16),87,1148,536,612,816,398,418,332,138,194
C3713,16,0,State - TRIPURA (16),88,740,359,381,532,260,272,208,99,109
C3713,16,0,State - TRIPURA (16),89,918,411,507,683,315,368,235,96,139
C3713,16,0,State - TRIPURA (16),90,2948,1072,1876,2266,859,1407,682,213,469
C3713,16,0,State - TRIPURA (16),91,1172,465,707,857,363,494,315,102,213
C3713,16,0,State - TRIPURA (16),92,694,325,369,516,244,272,178,81,97
C3713,16,0,State - TRIPURA (16),93,391,181,210,282,139,143,109,42,67
C3713,16,0,State - TRIPURA (16),94,503,251,252,354,193,161,149,58,91
C3713,16,0,State - TRIPURA (16),95,1210,515,695,924,417,507,286,98,188
C3713,16,0,State - TRIPURA (16),96,647,318,329,483,247,236,164,71,93
C3713,16,0,State - TRIPURA (16),97,426,210,216,331,171,160,95,39,56
C3713,16,0,State - TRIPURA (16),98,482,236,246,376,186,190,106,50,56
C3713,16,0,State - TRIPURA (16),99,395,156,239,319,132,187,76,24,52
C3713,16,0,State - TRIPURA (16),100+,1868,780,1088,1475,645,830,393,135,258
C3713,16,0,State - TRIPURA (16),Age not stated,1616,867,749,1035,568,467,581,299,282
C3713,17,0,State - MEGHALAYA (17),All ages,2966889,1491832,1475057,2371439,1194260,1177179,595450,297572,297878
C3713,17,0,State - MEGHALAYA (17),0,81293,41353,39940,70120,35606,34514,11173,5747,5426
C3713,17,0,State - MEGHALAYA (17),1,86262,43842,42420,75103,38144,36959,11159,5698,5461
C3713,17,0,State - MEGHALAYA (17),2,78719,39792,38927,68524,34594,33930,10195,5198,4997
C3713,17,0,State - MEGHALAYA (17),3,79413,40228,39185,68457,34554,33903,10956,5674,5282
C3713,17,0,State - MEGHALAYA (17),4,80467,40631,39836,69259,34933,34326,11208,5698,5510
C3713,17,0,State - MEGHALAYA (17),5,81201,41342,39859,69598,35409,34189,11603,5933,5670
C3713,17,0,State - MEGHALAYA (17),6,81181,41458,39723,69531,35511,34020,11650,5947,5703
C3713,17,0,State - MEGHALAYA (17),7,77705,39338,38367,66250,33508,32742,11455,5830,5625
C3713,17,0,State - MEGHALAYA (17),8,76293,38410,37883,64976,32724,32252,11317,5686,5631
C3713,17,0,State - MEGHALAYA (17),9,72802,37037,35765,61403,31195,30208,11399,5842,5557
C3713,17,0,State - MEGHALAYA (17),10,84369,42976,41393,70949,36145,34804,13420,6831,6589
C3713,17,0,State - MEGHALAYA (17),11,76711,39148,37563,63542,32440,31102,13169,6708,6461
C3713,17,0,State - MEGHALAYA (17),12,77594,39303,38291,64241,32635,31606,13353,6668,6685
C3713,17,0,State - MEGHALAYA (17),13,72085,36051,36034,58806,29415,29391,13279,6636,6643
C3713,17,0,State - MEGHALAYA (17),14,71847,35995,35852,57822,29149,28673,14025,6846,7179
C3713,17,0,State - MEGHALAYA (17),15,70691,35883,34808,56408,29040,27368,14283,6843,7440
C3713,17,0,State - MEGHALAYA (17),16,69215,35098,34117,54240,27816,26424,14975,7282,7693
C3713,17,0,State - MEGHALAYA (17),17,62310,31749,30561,48330,24934,23396,13980,6815,7165
C3713,17,0,State - MEGHALAYA (17),18,67173,33933,33240,51943,26273,25670,15230,7660,7570
C3713,17,0,State - MEGHALAYA (17),19,56799,28053,28746,43211,21075,22136,13588,6978,6610
C3713,17,0,State - MEGHALAYA (17),20,66229,32348,33881,50930,24563,26367,15299,7785,7514
C3713,17,0,State - MEGHALAYA (17),21,54953,26999,27954,41396,20049,21347,13557,6950,6607
C3713,17,0,State - MEGHALAYA (17),22,56033,27430,28603,42986,20943,22043,13047,6487,6560
C3713,17,0,State - MEGHALAYA (17),23,51948,25285,26663,39547,19128,20419,12401,6157,6244
C3713,17,0,State - MEGHALAYA (17),24,55849,27078,28771,42784,20689,22095,13065,6389,6676
C3713,17,0,State - MEGHALAYA (17),25,60881,30024,30857,47537,23398,24139,13344,6626,6718
C3713,17,0,State - MEGHALAYA (17),26,53262,26427,26835,40517,20169,20348,12745,6258,6487
C3713,17,0,State - MEGHALAYA (17),27,46646,23290,23356,35124,17561,17563,11522,5729,5793
C3713,17,0,State - MEGHALAYA (17),28,49710,24597,25113,37619,18491,19128,12091,6106,5985
C3713,17,0,State - MEGHALAYA (17),29,40782,20338,20444,31053,15345,15708,9729,4993,4736
C3713,17,0,State - MEGHALAYA (17),30,55294,28698,26596,43095,22415,20680,12199,6283,5916
C3713,17,0,State - MEGHALAYA (17),31,38218,19552,18666,28324,14491,13833,9894,5061,4833
C3713,17,0,State - MEGHALAYA (17),32,35358,17612,17746,26302,13051,13251,9056,4561,4495
C3713,17,0,State - MEGHALAYA (17),33,27790,13692,14098,20386,9980,10406,7404,3712,3692
C3713,17,0,State - MEGHALAYA (17),34,32997,16232,16765,24655,12097,12558,8342,4135,4207
C3713,17,0,State - MEGHALAYA (17),35,45232,23224,22008,34879,18073,16806,10353,5151,5202
C3713,17,0,State - MEGHALAYA (17),36,35316,17785,17531,26619,13495,13124,8697,4290,4407
C3713,17,0,State - MEGHALAYA (17),37,29041,14364,14677,21932,10845,11087,7109,3519,3590
C3713,17,0,State - MEGHALAYA (17),38,35030,16984,18046,26555,12964,13591,8475,4020,4455
C3713,17,0,State - MEGHALAYA (17),39,30087,14963,15124,23069,11513,11556,7018,3450,3568
C3713,17,0,State - MEGHALAYA (17),40,44359,22885,21474,35051,18127,16924,9308,4758,4550
C3713,17,0,State - MEGHALAYA (17),41,29023,14655,14368,21902,11156,10746,7121,3499,3622
C3713,17,0,State - MEGHALAYA (17),42,27836,13980,13856,20786,10393,10393,7050,3587,3463
C3713,17,0,State - MEGHALAYA (17),43,21573,10668,10905,16018,7879,8139,5555,2789,2766
C3713,17,0,State - MEGHALAYA (17),44,22659,11189,11470,17297,8540,8757,5362,2649,2713
C3713,17,0,State - MEGHALAYA (17),45,35469,18108,17361,27648,14176,13472,7821,3932,3889
C3713,17,0,State - MEGHALAYA (17),46,25518,13020,12498,19284,9834,9450,6234,3186,3048
C3713,17,0,State - MEGHALAYA (17),47,19958,10257,9701,15226,7833,7393,4732,2424,2308
C3713,17,0,State - MEGHALAYA (17),48,22632,11482,11150,17207,8728,8479,5425,2754,2671
C3713,17,0,State - MEGHALAYA (17),49,19538,10176,9362,15197,7862,7335,4341,2314,2027
C3713,17,0,State - MEGHALAYA (17),50,30839,16041,14798,24525,12889,11636,6314,3152,3162
C3713,17,0,State - MEGHALAYA (17),51,17674,9225,8449,13386,7055,6331,4288,2170,2118
C3713,17,0,State - MEGHALAYA (17),52,15321,7948,7373,11377,5947,5430,3944,2001,1943
C3713,17,0,State - MEGHALAYA (17),53,11855,5993,5862,8601,4383,4218,3254,1610,1644
C3713,17,0,State - MEGHALAYA (17),54,13054,6703,6351,9790,5092,4698,3264,1611,1653
C3713,17,0,State - MEGHALAYA (17),55,16910,8583,8327,13179,6760,6419,3731,1823,1908
C3713,17,0,State - MEGHALAYA (17),56,13171,6769,6402,9763,5092,4671,3408,1677,1731
C3713,17,0,State - MEGHALAYA (17),57,9379,4828,4551,6934,3543,3391,2445,1285,1160
C3713,17,0,State - MEGHALAYA (17),58,10348,5225,5123,7855,3947,3908,2493,1278,1215
C3713,17,0,State - MEGHALAYA (17),59,10301,5287,5014,8090,4171,3919,2211,1116,1095
C3713,17,0,State - MEGHALAYA (17),60,18577,9325,9252,15101,7631,7470,3476,1694,1782
C3713,17,0,State - MEGHALAYA (17),61,9893,4954,4939,7658,3865,3793,2235,1089,1146
C3713,17,0,State - MEGHALAYA (17),62,8092,4062,4030,6252,3197,3055,1840,865,975
C3713,17,0,State - MEGHALAYA (17),63,6797,3461,3336,5079,2625,2454,1718,836,882
C3713,17,0,State - MEGHALAYA (17),64,7349,3619,3730,5812,2911,2901,1537,708,829
C3713,17,0,State - MEGHALAYA (17),65,12665,6219,6446,10350,5193,5157,2315,1026,1289
C3713,17,0,State - MEGHALAYA (17),66,6861,3347,3514,5447,2700,2747,1414,647,767
C3713,17,0,State - MEGHALAYA (17),67,5031,2457,2574,4017,1998,2019,1014,459,555
C3713,17,0,State - MEGHALAYA (17),68,5662,2754,2908,4500,2214,2286,1162,540,622
C3713,17,0,State - MEGHALAYA (17),69,5555,2705,2850,4469,2210,2259,1086,495,591
C3713,17,0,State - MEGHALAYA (17),70,10576,4952,5624,8802,4232,4570,1774,720,1054
C3713,17,0,State - MEGHALAYA (17),71,4914,2356,2558,3791,1865,1926,1123,491,632
C3713,17,0,State - MEGHALAYA (17),72,3224,1536,1688,2475,1197,1278,749,339,410
C3713,17,0,State - MEGHALAYA (17),73,2284,1073,1211,1661,797,864,623,276,347
C3713,17,0,State - MEGHALAYA (17),74,2700,1244,1456,2070,990,1080,630,254,376
C3713,17,0,State - MEGHALAYA (17),75,4791,2172,2619,3760,1770,1990,1031,402,629
C3713,17,0,State - MEGHALAYA (17),76,2739,1266,1473,2074,995,1079,665,271,394
C3713,17,0,State - MEGHALAYA (17),77,1646,768,878,1200,592,608,446,176,270
C3713,17,0,State - MEGHALAYA (17),78,1821,811,1010,1380,623,757,441,188,253
C3713,17,0,State - MEGHALAYA (17),79,1848,831,1017,1441,664,777,407,167,240
C3713,17,0,State - MEGHALAYA (17),80,3812,1687,2125,3093,1430,1663,719,257,462
C3713,17,0,State - MEGHALAYA (17),81,1731,781,950,1310,627,683,421,154,267
C3713,17,0,State - MEGHALAYA (17),82,1041,490,551,742,363,379,299,127,172
C3713,17,0,State - MEGHALAYA (17),83,744,325,419,531,248,283,213,77,136
C3713,17,0,State - MEGHALAYA (17),84,889,400,489,647,308,339,242,92,150
C3713,17,0,State - MEGHALAYA (17),85,1381,578,803,1057,469,588,324,109,215
C3713,17,0,State - MEGHALAYA (17),86,753,311,442,539,235,304,214,76,138
C3713,17,0,State - MEGHALAYA (17),87,532,232,300,367,174,193,165,58,107
C3713,17,0,State - MEGHALAYA (17),88,479,206,273,324,145,179,155,61,94
C3713,17,0,State - MEGHALAYA (17),89,518,229,289,395,182,213,123,47,76
C3713,17,0,State - MEGHALAYA (17),90,1050,426,624,872,364,508,178,62,116
C3713,17,0,State - MEGHALAYA (17),91,435,179,256,332,143,189,103,36,67
C3713,17,0,State - MEGHALAYA (17),92,293,140,153,218,106,112,75,34,41
C3713,17,0,State - MEGHALAYA (17),93,214,89,125,156,71,85,58,18,40
C3713,17,0,State - MEGHALAYA (17),94,251,129,122,196,102,94,55,27,28
C3713,17,0,State - MEGHALAYA (17),95,315,137,178,240,109,131,75,28,47
C3713,17,0,State - MEGHALAYA (17),96,275,131,144,200,91,109,75,40,35
C3713,17,0,State - MEGHALAYA (17),97,188,85,103,143,63,80,45,22,23
C3713,17,0,State - MEGHALAYA (17),98,202,100,102,156,74,82,46,26,20
C3713,17,0,State - MEGHALAYA (17),99,151,79,72,123,63,60,28,16,12
C3713,17,0,State - MEGHALAYA (17),100+,623,293,330,540,256,284,83,37,46
C3713,17,0,State - MEGHALAYA (17),Age not stated,5784,3329,2455,4781,2601,2180,1003,728,275
C3713,18,0,State - ASSAM (18),All ages,31205576,15939443,15266133,26807034,13678989,13128045,4398542,2260454,2138088
C3713,18,0,State - ASSAM (18),0,548850,280888,267962,494493,252952,241541,54357,27936,26421
C3713,18,0,State - ASSAM (18),1,626156,319440,306716,559937,285474,274463,66219,33966,32253
C3713,18,0,State - ASSAM (18),2,669558,340330,329228,607304,308328,298976,62254,32002,30252
C3713,18,0,State - ASSAM (18),3,691614,350169,341445,626584,316776,309808,65030,33393,31637
C3713,18,0,State - ASSAM (18),4,676655,344095,332560,611992,311082,300910,64663,33013,31650
C3713,18,0,State - ASSAM (18),5,724716,371004,353712,654072,334471,319601,70644,36533,34111
C3713,18,0,State - ASSAM (18),6,700581,357559,343022,632941,322503,310438,67640,35056,32584
C3713,18,0,State - ASSAM (18),7,737356,374789,362567,663221,336763,326458,74135,38026,36109
C3713,18,0,State - ASSAM (18),8,734886,374655,360231,663098,337833,325265,71788,36822,34966
C3713,18,0,State - ASSAM (18),9,646800,328339,318461,577865,293048,284817,68935,35291,33644
C3713,18,0,State - ASSAM (18),10,765960,395123,370837,685290,353182,332108,80670,41941,38729
C3713,18,0,State - ASSAM (18),11,650207,332178,318029,574824,293479,281345,75383,38699,36684
C3713,18,0,State - ASSAM (18),12,744871,383476,361395,664292,341845,322447,80579,41631,38948
C3713,18,0,State - ASSAM (18),13,663109,337035,326074,586858,298094,288764,76251,38941,37310
C3713,18,0,State - ASSAM (18),14,667580,341569,326011,588502,301164,287338,79078,40405,38673
C3713,18,0,State - ASSAM (18),15,673552,352466,321086,593308,311253,282055,80244,41213,39031
C3713,18,0,State - ASSAM (18),16,627495,333980,293515,548844,293427,255417,78651,40553,38098
C3713,18,0,State - ASSAM (18),17,527775,283757,244018,452394,244607,207787,75381,39150,36231
C3713,18,0,State - ASSAM (18),18,690902,358886,332016,600103,312032,288071,90799,46854,43945
C3713,18,0,State - ASSAM (18),19,548857,266400,282457,469442,227173,242269,79415,39227,40188
C3713,18,0,State - ASSAM (18),20,729741,345112,384629,632118,297873,334245,97623,47239,50384
C3713,18,0,State - ASSAM (18),21,522991,252850,270141,442722,213458,229264,80269,39392,40877
C3713,18,0,State - ASSAM (18),22,632825,310640,322185,541510,265335,276175,91315,45305,46010
C3713,18,0,State - ASSAM (18),23,504378,249979,254399,424968,210407,214561,79410,39572,39838
C3713,18,0,State - ASSAM (18),24,519470,256999,262471,436285,216038,220247,83185,40961,42224
C3713,18,0,State - ASSAM (18),25,793337,375426,417911,686194,324807,361387,107143,50619,56524
C3713,18,0,State - ASSAM (18),26,580548,286366,294182,493689,244052,249637,86859,42314,44545
C3713,18,0,State - ASSAM (18),27,475582,243678,231904,397943,204958,192985,77639,38720,38919
C3713,18,0,State - ASSAM (18),28,565236,286068,279168,476957,242109,234848,88279,43959,44320
C3713,18,0,State - ASSAM (18),29,400444,201504,198940,331727,167137,164590,68717,34367,34350
C3713,18,0,State - ASSAM (18),30,821144,403689,417455,704084,347187,356897,117060,56502,60558
C3713,18,0,State - ASSAM (18),31,411671,208708,202963,343049,174133,168916,68622,34575,34047
C3713,18,0,State - ASSAM (18),32,440245,225436,214809,364947,187594,177353,75298,37842,37456
C3713,18,0,State - ASSAM (18),33,312877,161668,151209,257292,133237,124055,55585,28431,27154
C3713,18,0,State - ASSAM (18),34,344123,174746,169377,280138,142469,137669,63985,32277,31708
C3713,18,0,State - ASSAM (18),35,790349,398155,392194,671510,340226,331284,118839,57929,60910
C3713,18,0,State - ASSAM (18),36,454009,231204,222805,380266,194582,185684,73743,36622,37121
C3713,18,0,State - ASSAM (18),37,300095,155189,144906,243908,126527,117381,56187,28662,27525
C3713,18,0,State - ASSAM (18),38,403479,206802,196677,331037,169551,161486,72442,37251,35191
C3713,18,0,State - ASSAM (18),39,312541,162329,150212,253030,131144,121886,59511,31185,28326
C3713,18,0,State - ASSAM (18),40,737018,379934,357084,625775,322680,303095,111243,57254,53989
C3713,18,0,State - ASSAM (18),41,335655,178638,157017,276171,146883,129288,59484,31755,27729
C3713,18,0,State - ASSAM (18),42,316221,170560,145661,253974,137015,116959,62247,33545,28702
C3713,18,0,State - ASSAM (18),43,213164,115053,98111,168031,90590,77441,45133,24463,20670
C3713,18,0,State - ASSAM (18),44,229148,121278,107870,183097,96378,86719,46051,24900,21151
C3713,18,0,State - ASSAM (18),45,619212,317336,301876,522658,267854,254804,96554,49482,47072
C3713,18,0,State - ASSAM (18),46,303680,161721,141959,250390,133351,117039,53290,28370,24920
C3713,18,0,State - ASSAM (18),47,195196,106889,88307,154206,84258,69948,40990,22631,18359
C3713,18,0,State - ASSAM (18),48,270184,147725,122459,217979,118711,99268,52205,29014,23191
C3713,18,0,State - ASSAM (18),49,206977,112410,94567,165731,89283,76448,41246,23127,18119
C3713,18,0,State - ASSAM (18),50,539437,276550,262887,457082,233067,224015,82355,43483,38872
C3713,18,0,State - ASSAM (18),51,225801,123411,102390,185583,100493,85090,40218,22918,17300
C3713,18,0,State - ASSAM (18),52,175108,100157,74951,138327,78640,59687,36781,21517,15264
C3713,18,0,State - ASSAM (18),53,116250,67873,48377,88848,51314,37534,27402,16559,10843
C3713,18,0,State - ASSAM (18),54,135767,74269,61498,105152,56480,48672,30615,17789,12826
C3713,18,0,State - ASSAM (18),55,358078,181925,176153,302743,152656,150087,55335,29269,26066
C3713,18,0,State - ASSAM (18),56,172648,94084,78564,141708,76521,65187,30940,17563,13377
C3713,18,0,State - ASSAM (18),57,92982,53654,39328,71879,40875,31004,21103,12779,8324
C3713,18,0,State - ASSAM (18),58,118179,66589,51590,94036,52373,41663,24143,14216,9927
C3713,18,0,State - ASSAM (18),59,114938,61990,52948,92394,49116,43278,22544,12874,9670
C3713,18,0,State - ASSAM (18),60,382072,184618,197454,329483,159047,170436,52589,25571,27018
C3713,18,0,State - ASSAM (18),61,151622,78449,73173,127591,65356,62235,24031,13093,10938
C3713,18,0,State - ASSAM (18),62,101076,54680,46396,81249,43517,37732,19827,11163,8664
C3713,18,0,State - ASSAM (18),63,65652,37248,28404,50665,28307,22358,14987,8941,6046
C3713,18,0,State - ASSAM (18),64,75276,39568,35708,60053,31112,28941,15223,8456,6767
C3713,18,0,State - ASSAM (18),65,244849,116745,128104,210714,100587,110127,34135,16158,17977
C3713,18,0,State - ASSAM (18),66,98720,50723,47997,83161,42471,40690,15559,8252,7307
C3713,18,0,State - ASSAM (18),67,48327,27200,21127,38184,21280,16904,10143,5920,4223
C3713,18,0,State - ASSAM (18),68,54284,29302,24982,43263,23131,20132,11021,6171,4850
C3713,18,0,State - ASSAM (18),69,57462,30003,27459,47121,24369,22752,10341,5634,4707
C3713,18,0,State - ASSAM (18),70,216345,104845,111500,188813,92064,96749,27532,12781,14751
C3713,18,0,State - ASSAM (18),71,76531,39522,37009,65605,33778,31827,10926,5744,5182
C3713,18,0,State - ASSAM (18),72,40572,22826,17746,32729,18326,14403,7843,4500,3343
C3713,18,0,State - ASSAM (18),73,24017,13950,10067,18587,10734,7853,5430,3216,2214
C3713,18,0,State - ASSAM (18),74,27812,15302,12510,21854,11965,9889,5958,3337,2621
C3713,18,0,State - ASSAM (18),75,93847,47312,46535,80135,40844,39291,13712,6468,7244
C3713,18,0,State - ASSAM (18),76,37591,20122,17469,31223,16898,14325,6368,3224,3144
C3713,18,0,State - ASSAM (18),77,16004,9228,6776,12491,7225,5266,3513,2003,1510
C3713,18,0,State - ASSAM (18),78,18074,10185,7889,13992,7928,6064,4082,2257,1825
C3713,18,0,State - ASSAM (18),79,18836,9752,9084,15213,7943,7270,3623,1809,1814
C3713,18,0,State - ASSAM (18),80,69842,32477,37365,60718,28630,32088,9124,3847,5277
C3713,18,0,State - ASSAM (18),81,25003,12453,12550,21480,10760,10720,3523,1693,1830
C3713,18,0,State - ASSAM (18),82,11375,6393,4982,9108,5151,3957,2267,1242,1025
C3713,18,0,State - ASSAM (18),83,7026,3978,3048,5438,3124,2314,1588,854,734
C3713,18,0,State - ASSAM (18),84,8378,4531,3847,6581,3628,2953,1797,903,894
C3713,18,0,State - ASSAM (18),85,23503,11557,11946,19919,10020,9899,3584,1537,2047
C3713,18,0,State - ASSAM (18),86,9809,4996,4813,8128,4171,3957,1681,825,856
C3713,18,0,State - ASSAM (18),87,4259,2312,1947,3299,1825,1474,960,487,473
C3713,18,0,State - ASSAM (18),88,3953,2198,1755,3150,1774,1376,803,424,379
C3713,18,0,State - ASSAM (18),89,4908,2395,2513,4069,2014,2055,839,381,458
C3713,18,0,State - ASSAM (18),90,18583,8233,10350,16414,7396,9018,2169,837,1332
C3713,18,0,State - ASSAM (18),91,6895,3262,3633,6050,2886,3164,845,376,469
C3713,18,0,State - ASSAM (18),92,3235,1723,1512,2693,1444,1249,542,279,263
C3713,18,0,State - ASSAM (18),93,2227,1206,1021,1807,1001,806,420,205,215
C3713,18,0,State - ASSAM (18),94,2706,1423,1283,2266,1197,1069,440,226,214
C3713,18,0,State - ASSAM (18),95,6749,3377,3372,5893,2995,2898,856,382,474
C3713,18,0,State - ASSAM (18),96,3511,1891,1620,3033,1659,1374,478,232,246
C3713,18,0,State - ASSAM (18),97,1846,1054,792,1486,849,637,360,205,155
C3713,18,0,State - ASSAM (18),98,2445,1323,1122,2037,1120,917,408,203,205
C3713,18,0,State - ASSAM (18),99,2100,1076,1024,1876,969,907,224,107,117
C3713,18,0,State - ASSAM (18),100+,11222,5379,5843,9942,4794,5148,1280,585,695
C3713,18,0,State - ASSAM (18),Age not stated,18824,9894,8930,15019,7852,7167,3805,2042,1763
C3713,19,0,State - WEST BENGAL (19),All ages,91276115,46809027,44467088,62183113,31844945,30338168,29093002,14964082,14128920
C3713,19,0,State - WEST BENGAL (19),0,1282793,658033,624760,956689,490080,466609,326104,167953,158151
C3713,19,0,State - WEST BENGAL (19),1,1399278,717355,681923,1022745,523724,499021,376533,193631,182902
C3713,19,0,State - WEST BENGAL (19),2,1507433,770215,737218,1119825,571400,548425,387608,198815,188793
C3713,19,0,State - WEST BENGAL (19),3,1584098,801170,782928,1178181,595158,583023,405917,206012,199905
C3713,19,0,State - WEST BENGAL (19),4,1559541,797089,762452,1155503,589802,565701,404038,207287,196751
C3713,19,0,State - WEST BENGAL (19),5,1679808,862822,816986,1241368,636191,605177,438440,226631,211809
C3713,19,0,State - WEST BENGAL (19),6,1568515,803712,764803,1146399,586300,560099,422116,217412,204704
C3713,19,0,State - WEST BENGAL (19),7,1665309,849029,816280,1215059,618025,597034,450250,231004,219246
C3713,19,0,State - WEST BENGAL (19),8,1722903,882730,840173,1270834,649812,621022,452069,232918,219151
C3713,19,0,State - WEST BENGAL (19),9,1611274,818470,792804,1174983,595030,579953,436291,223440,212851
C3713,19,0,State - WEST BENGAL (19),10,1964078,1010766,953312,1429417,733978,695439,534661,276788,257873
C3713,19,0,State - WEST BENGAL (19),11,1691201,865049,826152,1219828,621269,598559,471373,243780,227593
C3713,19,0,State - WEST BENGAL (19),12,1908789,984295,924494,1399849,719512,680337,508940,264783,244157
C3713,19,0,State - WEST BENGAL (19),13,1759893,887191,872702,1289824,648450,641374,470069,238741,231328
C3713,19,0,State - WEST BENGAL (19),14,1832562,930205,902357,1338176,677819,660357,494386,252386,242000
C3713,19,0,State - WEST BENGAL (19),15,1856644,959715,896929,1344769,695320,649449,511875,264395,247480
C3713,19,0,State - WEST BENGAL (19),16,1787844,939171,848673,1285154,679426,605728,502690,259745,242945
C3713,19,0,State - WEST BENGAL (19),17,1617440,870750,746690,1136534,619049,517485,480906,251701,229205
C3713,19,0,State - WEST BENGAL (19),18,2121174,1103257,1017917,1509693,789137,720556,611481,314120,297361
C3713,19,0,State - WEST BENGAL (19),19,1674929,829432,845497,1166545,576672,589873,508384,252760,255624
C3713,19,0,State - WEST BENGAL (19),20,2162272,1043157,1119115,1520366,731030,789336,641906,312127,329779
C3713,19,0,State - WEST BENGAL (19),21,1582756,803764,778992,1086201,552784,533417,496555,250980,245575
C3713,19,0,State - WEST BENGAL (19),22,1911605,979828,931777,1333190,686998,646192,578415,292830,285585
C3713,19,0,State - WEST BENGAL (19),23,1519179,782313,736866,1037207,538336,498871,481972,243977,237995
C3713,19,0,State - WEST BENGAL (19),24,1582510,813568,768942,1065757,553524,512233,516753,260044,256709
C3713,19,0,State - WEST BENGAL (19),25,2103646,1026692,1076954,1450370,711863,738507,653276,314829,338447
C3713,19,0,State - WEST BENGAL (19),26,1676373,852456,823917,1129803,579281,550522,546570,273175,273395
C3713,19,0,State - WEST BENGAL (19),27,1411721,732977,678744,942077,493311,448766,469644,239666,229978
C3713,19,0,State - WEST BENGAL (19),28,1669390,858415,810975,1110766,573738,537028,558624,284677,273947
C3713,19,0,State - WEST BENGAL (19),29,1136779,574364,562415,721980,365302,356678,414799,209062,205737
C3713,19,0,State - WEST BENGAL (19),30,2273370,1122177,1151193,1520840,750657,770183,752530,371520,381010
C3713,19,0,State - WEST BENGAL (19),31,1090649,549559,541090,698859,351044,347815,391790,198515,193275
C3713,19,0,State - WEST BENGAL (19),32,1387090,709939,677151,894592,458139,436453,492498,251800,240698
C3713,19,0,State - WEST BENGAL (19),33,996895,519093,477802,642397,335550,306847,354498,183543,170955
C3713,19,0,State - WEST BENGAL (19),34,1093586,563891,529695,695582,359793,335789,398004,204098,193906
C3713,19,0,State - WEST BENGAL (19),35,2235739,1104185,1131554,1490717,735448,755269,745022,368737,376285
C3713,19,0,State - WEST BENGAL (19),36,1379467,685605,693862,913909,453739,460170,465558,231866,233692
C3713,19,0,State - WEST BENGAL (19),37,1041670,528305,513365,682882,346032,336850,358788,182273,176515
C3713,19,0,State - WEST BENGAL (19),38,1380060,703659,676401,898761,457994,440767,481299,245665,235634
C3713,19,0,State - WEST BENGAL (19),39,975710,501607,474103,610432,312864,297568,365278,188743,176535
C3713,19,0,State - WEST BENGAL (19),40,2282162,1164722,1117440,1522812,771000,751812,759350,393722,365628
C3713,19,0,State - WEST BENGAL (19),41,1082291,562412,519879,713671,368368,345303,368620,194044,174576
C3713,19,0,State - WEST BENGAL (19),42,1188935,640040,548895,767093,414209,352884,421842,225831,196011
C3713,19,0,State - WEST BENGAL (19),43,797847,428723,369124,516424,279038,237386,281423,149685,131738
C3713,19,0,State - WEST BENGAL (19),44,801825,423707,378118,504731,267982,236749,297094,155725,141369
C3713,19,0,State - WEST BENGAL (19),45,1970941,1004383,966558,1297440,659111,638329,673501,345272,328229
C3713,19,0,State - WEST BENGAL (19),46,1029019,537208,491811,671402,350732,320670,357617,186476,171141
C3713,19,0,State - WEST BENGAL (19),47,714091,386701,327390,451863,246300,205563,262228,140401,121827
C3713,19,0,State - WEST BENGAL (19),48,979413,534323,445090,621351,341495,279856,358062,192828,165234
C3713,19,0,State - WEST BENGAL (19),49,642255,351597,290658,380421,209896,170525,261834,141701,120133
C3713,19,0,State - WEST BENGAL (19),50,1713807,891607,822200,1118663,580598,538065,595144,311009,284135
C3713,19,0,State - WEST BENGAL (19),51,799702,441198,358504,517004,286447,230557,282698,154751,127947
C3713,19,0,State - WEST BENGAL (19),52,725859,411010,314849,451261,257314,193947,274598,153696,120902
C3713,19,0,State - WEST BENGAL (19),53,492859,282548,210311,297886,172699,125187,194973,109849,85124
C3713,19,0,State - WEST BENGAL (19),54,525653,290869,234784,309099,172263,136836,216554,118606,97948
C3713,19,0,State - WEST BENGAL (19),55,1277976,645549,632427,837266,418421,418845,440710,227128,213582
C3713,19,0,State - WEST BENGAL (19),56,695295,375674,319621,441362,237516,203846,253933,138158,115775
C3713,19,0,State - WEST BENGAL (19),57,415069,235625,179444,250875,142165,108710,164194,93460,70734
C3713,19,0,State - WEST BENGAL (19),58,500934,281633,219301,303460,170113,133347,197474,111520,85954
C3713,19,0,State - WEST BENGAL (19),59,379376,208422,170954,215906,117985,97921,163470,90437,73033
C3713,19,0,State - WEST BENGAL (19),60,1202351,582619,619732,794621,381226,413395,407730,201393,206337
C3713,19,0,State - WEST BENGAL (19),61,523167,271593,251574,336331,172628,163703,186836,98965,87871
C3713,19,0,State - WEST BENGAL (19),62,435561,232224,203337,272037,142477,129560,163524,89747,73777
C3713,19,0,State - WEST BENGAL (19),63,287755,161065,126690,169297,93337,75960,118458,67728,50730
C3713,19,0,State - WEST BENGAL (19),64,296620,158900,137720,174160,91848,82312,122460,67052,55408
C3713,19,0,State - WEST BENGAL (19),65,898364,418497,479867,605898,277868,328030,292466,140629,151837
C3713,19,0,State - WEST BENGAL (19),66,405725,204958,200767,267770,132864,134906,137955,72094,65861
C3713,19,0,State - WEST BENGAL (19),67,231432,129025,102407,144226,78784,65442,87206,50241,36965
C3713,19,0,State - WEST BENGAL (19),68,252324,135268,117056,153063,80087,72976,99261,55181,44080
C3713,19,0,State - WEST BENGAL (19),69,195148,103532,91616,109457,56262,53195,85691,47270,38421
C3713,19,0,State - WEST BENGAL (19),70,687259,315300,371959,456471,205579,250892,230788,109721,121067
C3713,19,0,State - WEST BENGAL (19),71,262665,131532,131133,166290,80727,85563,96375,50805,45570
C3713,19,0,State - WEST BENGAL (19),72,202442,107835,94607,121342,63270,58072,81100,44565,36535
C3713,19,0,State - WEST BENGAL (19),73,119215,67637,51578,66941,37142,29799,52274,30495,21779
C3713,19,0,State - WEST BENGAL (19),74,119026,64577,54449,65887,34940,30947,53139,29637,23502
C3713,19,0,State - WEST BENGAL (19),75,343821,156758,187063,224256,100583,123673,119565,56175,63390
C3713,19,0,State - WEST BENGAL (19),76,162944,80184,82760,101825,49067,52758,61119,31117,30002
C3713,19,0,State - WEST BENGAL (19),77,79802,43347,36455,46216,24488,21728,33586,18859,14727
C3713,19,0,State - WEST BENGAL (19),78,87738,46268,41470,49497,25568,23929,38241,20700,17541
C3713,19,0,State - WEST BENGAL (19),79,65462,33659,31803,34239,17355,16884,31223,16304,14919
C3713,19,0,State - WEST BENGAL (19),80,228869,98784,130085,146650,62922,83728,82219,35862,46357
C3713,19,0,State - WEST BENGAL (19),81,90090,42256,47834,55639,25623,30016,34451,16633,17818
C3713,19,0,State - WEST BENGAL (19),82,57947,29798,28149,33306,17129,16177,24641,12669,11972
C3713,19,0,State - WEST BENGAL (19),83,33747,18229,15518,18275,9896,8379,15472,8333,7139
C3713,19,0,State - WEST BENGAL (19),84,35150,18125,17025,18735,9744,8991,16415,8381,8034
C3713,19,0,State - WEST BENGAL (19),85,94774,41652,53122,60820,26855,33965,33954,14797,19157
C3713,19,0,State - WEST BENGAL (19),86,44017,20847,23170,26432,12508,13924,17585,8339,9246
C3713,19,0,State - WEST BENGAL (19),87,21645,11390,10255,11889,6260,5629,9756,5130,4626
C3713,19,0,State - WEST BENGAL (19),88,20218,10481,9737,11289,5933,5356,8929,4548,4381
C3713,19,0,State - WEST BENGAL (19),89,16391,7667,8724,8752,4081,4671,7639,3586,4053
C3713,19,0,State - WEST BENGAL (19),90,57910,22493,35417,37557,14704,22853,20353,7789,12564
C3713,19,0,State - WEST BENGAL (19),91,29723,13396,16327,16334,7156,9178,13389,6240,7149
C3713,19,0,State - WEST BENGAL (19),92,18745,9125,9620,10289,5005,5284,8456,4120,4336
C3713,19,0,State - WEST BENGAL (19),93,8372,4230,4142,4942,2521,2421,3430,1709,1721
C3713,19,0,State - WEST BENGAL (19),94,9312,4579,4733,5603,2815,2788,3709,1764,1945
C3713,19,0,State - WEST BENGAL (19),95,23480,9848,13632,15903,6746,9157,7577,3102,4475
C3713,19,0,State - WEST BENGAL (19),96,11756,5341,6415,7449,3483,3966,4307,1858,2449
C3713,19,0,State - WEST BENGAL (19),97,7124,3551,3573,4437,2279,2158,2687,1272,1415
C3713,19,0,State - WEST BENGAL (19),98,9436,4474,4962,5895,2808,3087,3541,1666,1875
C3713,19,0,State - WEST BENGAL (19),99,5669,2414,3255,3502,1446,2056,2167,968,1199
C3713,19,0,State - WEST BENGAL (19),100+,59186,27856,31330,33157,15331,17826,26029,12525,13504
C3713,19,0,State - WEST BENGAL (19),Age not stated,112451,63752,48699,48381,26367,22014,64070,37385,26685
C3713,20,0,State - JHARKHAND (20),All ages,32988134,16930315,16057819,25055073,12776486,12278587,7933061,4153829,3779232
C3713,20,0,State - JHARKHAND (20),0,625189,323923,301266,510676,263411,247265,114513,60512,54001
C3713,20,0,State - JHARKHAND (20),1,682388,353600,328788,549999,283702,266297,132389,69898,62491
C3713,20,0,State - JHARKHAND (20),2,759463,389275,370188,616397,314712,301685,143066,74563,68503
C3713,20,0,State - JHARKHAND (20),3,811016,409861,401155,657802,330909,326893,153214,78952,74262
C3713,20,0,State - JHARKHAND (20),4,770241,394475,375766,621831,316719,305112,148410,77756,70654
C3713,20,0,State - JHARKHAND (20),5,864161,447878,416283,697995,359873,338122,166166,88005,78161
C3713,20,0,State - JHARKHAND (20),6,877037,448135,428902,712807,362168,350639,164230,85967,78263
C3713,20,0,State - JHARKHAND (20),7,790068,401517,388551,627727,316787,310940,162341,84730,77611
C3713,20,0,State - JHARKHAND (20),8,922118,471739,450379,749801,381550,368251,172317,90189,82128
C3713,20,0,State - JHARKHAND (20),9,685041,348610,336431,544338,275203,269135,140703,73407,67296
C3713,20,0,State - JHARKHAND (20),10,1004485,521422,483063,810373,418955,391418,194112,102467,91645
C3713,20,0,State - JHARKHAND (20),11,692162,356346,335816,539767,276537,263230,152395,79809,72586
C3713,20,0,State - JHARKHAND (20),12,940691,486510,454181,753599,388684,364915,187092,97826,89266
C3713,20,0,State - JHARKHAND (20),13,719929,364081,355848,558536,282063,276473,161393,82018,79375
C3713,20,0,State - JHARKHAND (20),14,747129,384268,362861,574917,295807,279110,172212,88461,83751
C3713,20,0,State - JHARKHAND (20),15,762402,408766,353636,585032,316022,269010,177370,92744,84626
C3713,20,0,State - JHARKHAND (20),16,671906,362192,309714,497767,270845,226922,174139,91347,82792
C3713,20,0,State - JHARKHAND (20),17,510735,278341,232394,359890,198094,161796,150845,80247,70598
C3713,20,0,State - JHARKHAND (20),18,764258,414989,349269,565403,307946,257457,198855,107043,91812
C3713,20,0,State - JHARKHAND (20),19,495967,250599,245368,351275,175414,175861,144692,75185,69507
C3713,20,0,State - JHARKHAND (20),20,776043,385606,390437,579638,285703,293935,196405,99903,96502
C3713,20,0,State - JHARKHAND (20),21,470767,244422,226345,331846,172016,159830,138921,72406,66515
C3713,20,0,State - JHARKHAND (20),22,638032,331708,306324,469817,243861,225956,168215,87847,80368
C3713,20,0,State - JHARKHAND (20),23,450151,222319,227832,320918,155690,165228,129233,66629,62604
C3713,20,0,State - JHARKHAND (20),24,492629,247208,245421,350040,173814,176226,142589,73394,69195
C3713,20,0,State - JHARKHAND (20),25,830762,421509,409253,628375,321653,306722,202387,99856,102531
C3713,20,0,State - JHARKHAND (20),26,523214,269643,253571,376679,193231,183448,146535,76412,70123
C3713,20,0,State - JHARKHAND (20),27,397765,202817,194948,281926,141653,140273,115839,61164,54675
C3713,20,0,State - JHARKHAND (20),28,572986,282370,290616,426260,206092,220168,146726,76278,70448
C3713,20,0,State - JHARKHAND (20),29,327912,165975,161937,229189,114265,114924,98723,51710,47013
C3713,20,0,State - JHARKHAND (20),30,888857,453884,434973,677889,347799,330090,210968,106085,104883
C3713,20,0,State - JHARKHAND (20),31,323096,166082,157014,226888,115176,111712,96208,50906,45302
C3713,20,0,State - JHARKHAND (20),32,470684,236317,234367,347669,171697,175972,123015,64620,58395
C3713,20,0,State - JHARKHAND (20),33,298022,144963,153059,214456,100892,113564,83566,44071,39495
C3713,20,0,State - JHARKHAND (20),34,326637,164620,162017,230369,113729,116640,96268,50891,45377
C3713,20,0,State - JHARKHAND (20),35,817018,433413,383605,614394,329082,285312,202624,104331,98293
C3713,20,0,State - JHARKHAND (20),36,395308,204511,190797,288958,149147,139811,106350,55364,50986
C3713,20,0,State - JHARKHAND (20),37,263292,130395,132897,186721,90754,95967,76571,39641,36930
C3713,20,0,State - JHARKHAND (20),38,406920,194102,212818,302650,141286,161364,104270,52816,51454
C3713,20,0,State - JHARKHAND (20),39,254226,130254,123972,178033,89681,88352,76193,40573,35620
C3713,20,0,State - JHARKHAND (20),40,783364,414526,368838,595072,315918,279154,188292,98608,89684
C3713,20,0,State - JHARKHAND (20),41,263807,141260,122547,185367,98329,87038,78440,42931,35509
C3713,20,0,State - JHARKHAND (20),42,324983,166338,158645,238410,119313,119097,86573,47025,39548
C3713,20,0,State - JHARKHAND (20),43,197448,95690,101758,139554,64996,74558,57894,30694,27200
C3713,20,0,State - JHARKHAND (20),44,218904,112607,106297,153913,77992,75921,64991,34615,30376
C3713,20,0,State - JHARKHAND (20),45,656770,348652,308118,496038,265079,230959,160732,83573,77159
C3713,20,0,State - JHARKHAND (20),46,264647,139429,125218,189679,99366,90313,74968,40063,34905
C3713,20,0,State - JHARKHAND (20),47,174974,88820,86154,121721,60032,61689,53253,28788,24465
C3713,20,0,State - JHARKHAND (20),48,269010,133228,135782,198030,95706,102324,70980,37522,33458
C3713,20,0,State - JHARKHAND (20),49,168693,88837,79856,116622,60396,56226,52071,28441,23630
C3713,20,0,State - JHARKHAND (20),50,569654,301815,267839,435505,233545,201960,134149,68270,65879
C3713,20,0,State - JHARKHAND (20),51,175656,95152,80504,122311,65738,56573,53345,29414,23931
C3713,20,0,State - JHARKHAND (20),52,181323,94151,87172,129677,65817,63860,51646,28334,23312
C3713,20,0,State - JHARKHAND (20),53,117123,58452,58671,78443,36933,41510,38680,21519,17161
C3713,20,0,State - JHARKHAND (20),54,142425,71112,71313,95708,45919,49789,46717,25193,21524
C3713,20,0,State - JHARKHAND (20),55,435644,211507,224137,333613,161256,172357,102031,50251,51780
C3713,20,0,State - JHARKHAND (20),56,170726,87140,83586,121188,59843,61345,49538,27297,22241
C3713,20,0,State - JHARKHAND (20),57,106647,54318,52329,71620,33247,38373,35027,21071,13956
C3713,20,0,State - JHARKHAND (20),58,155299,73683,81616,112638,49476,63162,42661,24207,18454
C3713,20,0,State - JHARKHAND (20),59,116918,60956,55962,81492,39962,41530,35426,20994,14432
C3713,20,0,State - JHARKHAND (20),60,484065,235735,248330,385802,188073,197729,98263,47662,50601
C3713,20,0,State - JHARKHAND (20),61,146744,74855,71889,109143,54095,55048,37601,20760,16841
C3713,20,0,State - JHARKHAND (20),62,151324,75878,75446,116879,56454,60425,34445,19424,15021
C3713,20,0,State - JHARKHAND (20),63,84893,42292,42601,61514,28434,33080,23379,13858,9521
C3713,20,0,State - JHARKHAND (20),64,90456,45805,44651,66571,32442,34129,23885,13363,10522
C3713,20,0,State - JHARKHAND (20),65,345835,169504,176331,282207,138351,143856,63628,31153,32475
C3713,20,0,State - JHARKHAND (20),66,106128,54772,51356,82601,41842,40759,23527,12930,10597
C3713,20,0,State - JHARKHAND (20),67,54363,28579,25784,40268,20026,20242,14095,8553,5542
C3713,20,0,State - JHARKHAND (20),68,74461,36302,38159,56861,26141,30720,17600,10161,7439
C3713,20,0,State - JHARKHAND (20),69,54610,28695,25915,40155,20236,19919,14455,8459,5996
C3713,20,0,State - JHARKHAND (20),70,254698,129853,124845,207734,106230,101504,46964,23623,23341
C3713,20,0,State - JHARKHAND (20),71,59909,31800,28109,45319,23492,21827,14590,8308,6282
C3713,20,0,State - JHARKHAND (20),72,44454,23781,20673,33108,17116,15992,11346,6665,4681
C3713,20,0,State - JHARKHAND (20),73,22751,12042,10709,15691,7734,7957,7060,4308,2752
C3713,20,0,State - JHARKHAND (20),74,25296,13402,11894,17669,9029,8640,7627,4373,3254
C3713,20,0,State - JHARKHAND (20),75,95043,46796,48247,75589,37333,38256,19454,9463,9991
C3713,20,0,State - JHARKHAND (20),76,28287,14509,13778,20659,10241,10418,7628,4268,3360
C3713,20,0,State - JHARKHAND (20),77,13115,6792,6323,9115,4403,4712,4000,2389,1611
C3713,20,0,State - JHARKHAND (20),78,17545,8439,9106,12771,5784,6987,4774,2655,2119
C3713,20,0,State - JHARKHAND (20),79,13964,7006,6958,9952,4897,5055,4012,2109,1903
C3713,20,0,State - JHARKHAND (20),80,69829,34468,35361,55864,28057,27807,13965,6411,7554
C3713,20,0,State - JHARKHAND (20),81,15894,8210,7684,11890,6141,5749,4004,2069,1935
C3713,20,0,State - JHARKHAND (20),82,9432,4819,4613,6823,3410,3413,2609,1409,1200
C3713,20,0,State - JHARKHAND (20),83,5279,2766,2513,3520,1751,1769,1759,1015,744
C3713,20,0,State - JHARKHAND (20),84,5942,3151,2791,3992,2080,1912,1950,1071,879
C3713,20,0,State - JHARKHAND (20),85,21434,10757,10677,16262,8372,7890,5172,2385,2787
C3713,20,0,State - JHARKHAND (20),86,6404,3403,3001,4465,2377,2088,1939,1026,913
C3713,20,0,State - JHARKHAND (20),87,2924,1522,1402,1935,988,947,989,534,455
C3713,20,0,State - JHARKHAND (20),88,3474,1737,1737,2458,1177,1281,1016,560,456
C3713,20,0,State - JHARKHAND (20),89,3130,1562,1568,2195,1084,1111,935,478,457
C3713,20,0,State - JHARKHAND (20),90,14835,7183,7652,11599,5754,5845,3236,1429,1807
C3713,20,0,State - JHARKHAND (20),91,3733,1895,1838,2767,1390,1377,966,505,461
C3713,20,0,State - JHARKHAND (20),92,2617,1334,1283,1884,970,914,733,364,369
C3713,20,0,State - JHARKHAND (20),93,1453,768,685,1031,540,491,422,228,194
C3713,20,0,State - JHARKHAND (20),94,1830,961,869,1270,653,617,560,308,252
C3713,20,0,State - JHARKHAND (20),95,5401,2760,2641,4102,2144,1958,1299,616,683
C3713,20,0,State - JHARKHAND (20),96,2067,1033,1034,1470,733,737,597,300,297
C3713,20,0,State - JHARKHAND (20),97,1152,616,536,775,408,367,377,208,169
C3713,20,0,State - JHARKHAND (20),98,1872,903,969,1396,673,723,476,230,246
C3713,20,0,State - JHARKHAND (20),99,1171,570,601,926,454,472,245,116,129
C3713,20,0,State - JHARKHAND (20),100+,8864,4490,4374,6629,3367,3262,2235,1123,1112
C3713,20,0,State - JHARKHAND (20),Age not stated,116734,62252,54482,56964,30125,26839,59770,32127,27643
C3713,21,0,State - ODISHA (21),All ages,41974218,21212136,20762082,34970562,17586203,17384359,7003656,3625933,3377723
C3713,21,0,State - ODISHA (21),0,670909,345960,324949,575704,296513,279191,95205,49447,45758
C3713,21,0,State - ODISHA (21),1,769827,399084,370743,653406,338153,315253,116421,60931,55490
C3713,21,0,State - ODISHA (21),2,707887,363209,344678,609222,311665,297557,98665,51544,47121
C3713,21,0,State - ODISHA (21),3,750616,381316,369300,647529,327951,319578,103087,53365,49722
C3713,21,0,State - ODISHA (21),4,753790,388558,365232,650308,334284,316024,103482,54274,49208
C3713,21,0,State - ODISHA (21),5,828111,429353,398758,711530,368153,343377,116581,61200,55381
C3713,21,0,State - ODISHA (21),6,792054,409017,383037,678171,349113,329058,113883,59904,53979
C3713,21,0,State - ODISHA (21),7,828124,419291,408833,707591,356969,350622,120533,62322,58211
C3713,21,0,State - ODISHA (21),8,850364,433510,416854,731656,371645,360011,118708,61865,56843
C3713,21,0,State - ODISHA (21),9,776115,394168,381947,665994,336636,329358,110121,57532,52589
C3713,21,0,State - ODISHA (21),10,913606,468214,445392,782284,399530,382754,131322,68684,62638
C3713,21,0,State - ODISHA (21),11,839933,428712,411221,715742,364263,351479,124191,64449,59742
C3713,21,0,State - ODISHA (21),12,916799,467103,449696,783706,398499,385207,133093,68604,64489
C3713,21,0,State - ODISHA (21),13,839473,420237,419236,713333,356242,357091,126140,63995,62145
C3713,21,0,State - ODISHA (21),14,838814,419269,419545,710331,354009,356322,128483,65260,63223
C3713,21,0,State - ODISHA (21),15,869586,436883,432703,732658,366479,366179,136928,70404,66524
C3713,21,0,State - ODISHA (21),16,775052,388035,387017,644802,320852,323950,130250,67183,63067
C3713,21,0,State - ODISHA (21),17,692046,346739,345307,566815,281802,285013,125231,64937,60294
C3713,21,0,State - ODISHA (21),18,906416,460498,445918,746384,375829,370555,160032,84669,75363
C3713,21,0,State - ODISHA (21),19,682298,340529,341769,549512,272027,277485,132786,68502,64284
C3713,21,0,State - ODISHA (21),20,978031,470195,507836,807728,385238,422490,170303,84957,85346
C3713,21,0,State - ODISHA (21),21,676995,338625,338370,544698,271516,273182,132297,67109,65188
C3713,21,0,State - ODISHA (21),22,801401,403387,398014,653946,328127,325819,147455,75260,72195
C3713,21,0,State - ODISHA (21),23,669413,331531,337882,542659,266780,275879,126754,64751,62003
C3713,21,0,State - ODISHA (21),24,657687,327201,330486,529816,262002,267814,127871,65199,62672
C3713,21,0,State - ODISHA (21),25,996710,471972,524738,826671,390377,436294,170039,81595,88444
C3713,21,0,State - ODISHA (21),26,703464,352927,350537,573553,287802,285751,129911,65125,64786
C3713,21,0,State - ODISHA (21),27,610902,310830,300072,494764,252445,242319,116138,58385,57753
C3713,21,0,State - ODISHA (21),28,762125,381733,380392,624349,311982,312367,137776,69751,68025
C3713,21,0,State - ODISHA (21),29,500836,255414,245422,399653,203778,195875,101183,51636,49547
C3713,21,0,State - ODISHA (21),30,1056492,504205,552287,873764,414805,458959,182728,89400,93328
C3713,21,0,State - ODISHA (21),31,487817,247063,240754,389955,197045,192910,97862,50018,47844
C3713,21,0,State - ODISHA (21),32,605079,302942,302137,490100,244089,246011,114979,58853,56126
C3713,21,0,State - ODISHA (21),33,457133,231376,225757,368742,185872,182870,88391,45504,42887
C3713,21,0,State - ODISHA (21),34,496470,256647,239823,397628,205392,192236,98842,51255,47587
C3713,21,0,State - ODISHA (21),35,1023976,502684,521292,844756,414515,430241,179220,88169,91051
C3713,21,0,State - ODISHA (21),36,583520,294474,289046,479010,241442,237568,104510,53032,51478
C3713,21,0,State - ODISHA (21),37,425817,216369,209448,340434,172609,167825,85383,43760,41623
C3713,21,0,State - ODISHA (21),38,601446,298289,303157,491751,242310,249441,109695,55979,53716
C3713,21,0,State - ODISHA (21),39,416429,216869,199560,331440,171716,159724,84989,45153,39836
C3713,21,0,State - ODISHA (21),40,1018408,505346,513062,847321,418295,429026,171087,87051,84036
C3713,21,0,State - ODISHA (21),41,457342,242420,214922,371358,196223,175135,85984,46197,39787
C3713,21,0,State - ODISHA (21),42,505738,268307,237431,410743,216755,193988,94995,51552,43443
C3713,21,0,State - ODISHA (21),43,347450,181339,166111,277713,144041,133672,69737,37298,32439
C3713,21,0,State - ODISHA (21),44,362536,190508,172028,289178,151070,138108,73358,39438,33920
C3713,21,0,State - ODISHA (21),45,866482,437220,429262,719471,361769,357702,147011,75451,71560
C3713,21,0,State - ODISHA (21),46,443599,233358,210241,363332,190363,172969,80267,42995,37272
C3713,21,0,State - ODISHA (21),47,310696,164935,145761,247684,130263,117421,63012,34672,28340
C3713,21,0,State - ODISHA (21),48,430826,225442,205384,351120,181866,169254,79706,43576,36130
C3713,21,0,State - ODISHA (21),49,282427,151411,131016,223992,118476,105516,58435,32935,25500
C3713,21,0,State - ODISHA (21),50,784920,388647,396273,656535,323596,332939,128385,65051,63334
C3713,21,0,State - ODISHA (21),51,320576,173338,147238,262447,140294,122153,58129,33044,25085
C3713,21,0,State - ODISHA (21),52,307743,166334,141409,250453,133846,116607,57290,32488,24802
C3713,21,0,State - ODISHA (21),53,204224,109710,94514,162602,85332,77270,41622,24378,17244
C3713,21,0,State - ODISHA (21),54,230349,119495,110854,184025,93461,90564,46324,26034,20290
C3713,21,0,State - ODISHA (21),55,585492,277931,307561,494312,231736,262576,91180,46195,44985
C3713,21,0,State - ODISHA (21),56,290454,151823,138631,241982,123881,118101,48472,27942,20530
C3713,21,0,State - ODISHA (21),57,182426,96710,85716,147809,76101,71708,34617,20609,14008
C3713,21,0,State - ODISHA (21),58,244495,123835,120660,203544,100443,103101,40951,23392,17559
C3713,21,0,State - ODISHA (21),59,180853,93992,86861,147983,75250,72733,32870,18742,14128
C3713,21,0,State - ODISHA (21),60,668928,314904,354024,579147,272098,307049,89781,42806,46975
C3713,21,0,State - ODISHA (21),61,259961,133010,126951,225087,114198,110889,34874,18812,16062
C3713,21,0,State - ODISHA (21),62,250283,132177,118106,216761,113588,103173,33522,18589,14933
C3713,21,0,State - ODISHA (21),63,145395,79149,66246,122150,65439,56711,23245,13710,9535
C3713,21,0,State - ODISHA (21),64,149494,78395,71099,126299,65369,60930,23195,13026,10169
C3713,21,0,State - ODISHA (21),65,471553,222967,248586,415207,196368,218839,56346,26599,29747
C3713,21,0,State - ODISHA (21),66,180654,92898,87756,158121,80815,77306,22533,12083,10450
C3713,21,0,State - ODISHA (21),67,100529,54942,45587,85494,46062,39432,15035,8880,6155
C3713,21,0,State - ODISHA (21),68,127510,66099,61411,109162,55693,53469,18348,10406,7942
C3713,21,0,State - ODISHA (21),69,99279,50943,48336,83686,42341,41345,15593,8602,6991
C3713,21,0,State - ODISHA (21),70,425210,200417,224793,373162,176361,196801,52048,24056,27992
C3713,21,0,State - ODISHA (21),71,129231,64878,64353,112549,56082,56467,16682,8796,7886
C3713,21,0,State - ODISHA (21),72,102291,54730,47561,87947,46866,41081,14344,7864,6480
C3713,21,0,State - ODISHA (21),73,53272,29753,23519,44583,24525,20058,8689,5228,3461
C3713,21,0,State - ODISHA (21),74,58066,30857,27209,48278,25431,22847,9788,5426,4362
C3713,21,0,State - ODISHA (21),75,184523,87822,96701,160600,76780,83820,23923,11042,12881
C3713,21,0,State - ODISHA (21),76,70813,36424,34389,61276,31389,29887,9537,5035,4502
C3713,21,0,State - ODISHA (21),77,35533,19652,15881,29953,16351,13602,5580,3301,2279
C3713,21,0,State - ODISHA (21),78,41127,22078,19049,34778,18571,16207,6349,3507,2842
C3713,21,0,State - ODISHA (21),79,32804,17318,15486,27470,14461,13009,5334,2857,2477
C3713,21,0,State - ODISHA (21),80,141427,69255,72172,122907,60944,61963,18520,8311,10209
C3713,21,0,State - ODISHA (21),81,41267,21294,19973,35671,18363,17308,5596,2931,2665
C3713,21,0,State - ODISHA (21),82,25662,14518,11144,21533,12240,9293,4129,2278,1851
C3713,21,0,State - ODISHA (21),83,13678,8104,5574,11108,6567,4541,2570,1537,1033
C3713,21,0,State - ODISHA (21),84,14779,8458,6321,11997,6970,5027,2782,1488,1294
C3713,21,0,State - ODISHA (21),85,43142,22656,20486,36809,19582,17227,6333,3074,3259
C3713,21,0,State - ODISHA (21),86,15954,8677,7277,13422,7348,6074,2532,1329,1203
C3713,21,0,State - ODISHA (21),87,7998,4658,3340,6487,3843,2644,1511,815,696
C3713,21,0,State - ODISHA (21),88,7728,4363,3365,6286,3590,2696,1442,773,669
C3713,21,0,State - ODISHA (21),89,6630,3463,3167,5375,2825,2550,1255,638,617
C3713,21,0,State - ODISHA (21),90,26921,12830,14091,23069,11176,11893,3852,1654,2198
C3713,21,0,State - ODISHA (21),91,7554,3737,3817,6321,3155,3166,1233,582,651
C3713,21,0,State - ODISHA (21),92,4852,2588,2264,3953,2133,1820,899,455,444
C3713,21,0,State - ODISHA (21),93,2751,1492,1259,2149,1185,964,602,307,295
C3713,21,0,State - ODISHA (21),94,2998,1587,1411,2414,1305,1109,584,282,302
C3713,21,0,State - ODISHA (21),95,7956,3878,4078,6685,3275,3410,1271,603,668
C3713,21,0,State - ODISHA (21),96,3368,1776,1592,2757,1478,1279,611,298,313
C3713,21,0,State - ODISHA (21),97,2187,1179,1008,1768,971,797,419,208,211
C3713,21,0,State - ODISHA (21),98,3067,1562,1505,2557,1314,1243,510,248,262
C3713,21,0,State - ODISHA (21),99,1784,861,923,1518,750,768,266,111,155
C3713,21,0,State - ODISHA (21),100+,16289,7921,8368,13157,6414,6743,3132,1507,1625
C3713,21,0,State - ODISHA (21),Age not stated,119171,61347,57824,95210,48470,46740,23961,12877,11084
C3713,22,0,State - CHHATTISGARH (22),All ages,25545198,12832895,12712303,19607961,9797426,9810535,5937237,3035469,2901768
C3713,22,0,State - CHHATTISGARH (22),0,498242,253745,244497,397630,201824,195806,100612,51921,48691
C3713,22,0,State - CHHATTISGARH (22),1,468402,238726,229676,367378,186399,180979,101024,52327,48697
C3713,22,0,State - CHHATTISGARH (22),2,504467,255727,248740,403709,203976,199733,100758,51751,49007
C3713,22,0,State - CHHATTISGARH (22),3,547284,273363,273921,441240,219410,221830,106044,53953,52091
C3713,22,0,State - CHHATTISGARH (22),4,522670,265409,257261,417730,211186,206544,104940,54223,50717
C3713,22,0,State - CHHATTISGARH (22),5,563788,289080,274708,451422,230326,221096,112366,58754,53612
C3713,22,0,State - CHHATTISGARH (22),6,556836,283885,272951,445832,226465,219367,111004,57420,53584
C3713,22,0,State - CHHATTISGARH (22),7,539435,273006,266429,426476,215027,211449,112959,57979,54980
C3713,22,0,State - CHHATTISGARH (22),8,573965,292487,281478,461310,233876,227434,112655,58611,54044
C3713,22,0,State - CHHATTISGARH (22),9,524734,265621,259113,421397,212102,209295,103337,53519,49818
C3713,22,0,State - CHHATTISGARH (22),10,642376,328502,313874,515851,262420,253431,126525,66082,60443
C3713,22,0,State - CHHATTISGARH (22),11,570607,290403,280204,455140,230619,224521,115467,59784,55683
C3713,22,0,State - CHHATTISGARH (22),12,590890,299695,291195,470643,237551,233092,120247,62144,58103
C3713,22,0,State - CHHATTISGARH (22),13,534300,267634,266666,420147,209475,210672,114153,58159,55994
C3713,22,0,State - CHHATTISGARH (22),14,545840,274951,270889,427846,215009,212837,117994,59942,58052
C3713,22,0,State - CHHATTISGARH (22),15,549690,279910,269780,429113,217719,211394,120577,62191,58386
C3713,22,0,State - CHHATTISGARH (22),16,541224,273513,267711,420916,211746,209170,120308,61767,58541
C3713,22,0,State - CHHATTISGARH (22),17,473687,241275,232412,360911,183115,177796,112776,58160,54616
C3713,22,0,State - CHHATTISGARH (22),18,586627,301756,284871,450790,230617,220173,135837,71139,64698
C3713,22,0,State - CHHATTISGARH (22),19,448614,222997,225617,336321,166137,170184,112293,56860,55433
C3713,22,0,State - CHHATTISGARH (22),20,597426,291123,306303,452906,219509,233397,144520,71614,72906
C3713,22,0,State - CHHATTISGARH (22),21,431371,221076,210295,317647,163454,154193,113724,57622,56102
C3713,22,0,State - CHHATTISGARH (22),22,509061,259030,250031,379496,193969,185527,129565,65061,64504
C3713,22,0,State - CHHATTISGARH (22),23,423959,208314,215645,311941,152205,159736,112018,56109,55909
C3713,22,0,State - CHHATTISGARH (22),24,427680,213835,213845,311939,156025,155914,115741,57810,57931
C3713,22,0,State - CHHATTISGARH (22),25,545177,277843,267334,406995,209435,197560,138182,68408,69774
C3713,22,0,State - CHHATTISGARH (22),26,420174,217227,202947,305899,158879,147020,114275,58348,55927
C3713,22,0,State - CHHATTISGARH (22),27,362048,186718,175330,261612,134986,126626,100436,51732,48704
C3713,22,0,State - CHHATTISGARH (22),28,447832,221163,226669,333343,163296,170047,114489,57867,56622
C3713,22,0,State - CHHATTISGARH (22),29,282069,146287,135782,200333,103931,96402,81736,42356,39380
C3713,22,0,State - CHHATTISGARH (22),30,590911,294827,296084,443851,221733,222118,147060,73094,73966
C3713,22,0,State - CHHATTISGARH (22),31,264699,137213,127486,186806,96290,90516,77893,40923,36970
C3713,22,0,State - CHHATTISGARH (22),32,373807,183092,190715,277889,134110,143779,95918,48982,46936
C3713,22,0,State - CHHATTISGARH (22),33,285862,134137,151725,213079,97358,115721,72783,36779,36004
C3713,22,0,State - CHHATTISGARH (22),34,299779,148754,151025,218376,106965,111411,81403,41789,39614
C3713,22,0,State - CHHATTISGARH (22),35,556017,289102,266915,416408,218908,197500,139609,70194,69415
C3713,22,0,State - CHHATTISGARH (22),36,334500,171267,163233,248592,127397,121195,85908,43870,42038
C3713,22,0,State - CHHATTISGARH (22),37,265970,131385,134585,196052,95605,100447,69918,35780,34138
C3713,22,0,State - CHHATTISGARH (22),38,383869,177268,206601,294721,133600,161121,89148,43668,45480
C3713,22,0,State - CHHATTISGARH (22),39,239058,122243,116815,173643,87832,85811,65415,34411,31004
C3713,22,0,State - CHHATTISGARH (22),40,598939,306697,292242,458509,236392,222117,140430,70305,70125
C3713,22,0,State - CHHATTISGARH (22),41,229989,122850,107139,164386,87354,77032,65603,35496,30107
C3713,22,0,State - CHHATTISGARH (22),42,309440,156202,153238,232643,115738,116905,76797,40464,36333
C3713,22,0,State - CHHATTISGARH (22),43,229703,107066,122637,171238,76435,94803,58465,30631,27834
C3713,22,0,State - CHHATTISGARH (22),44,208482,103587,104895,152376,74295,78081,56106,29292,26814
C3713,22,0,State - CHHATTISGARH (22),45,506454,271157,235297,387349,211052,176297,119105,60105,59000
C3713,22,0,State - CHHATTISGARH (22),46,238024,125360,112664,175036,92020,83016,62988,33340,29648
C3713,22,0,State - CHHATTISGARH (22),47,182272,91811,90461,132773,65063,67710,49499,26748,22751
C3713,22,0,State - CHHATTISGARH (22),48,259596,126306,133290,197840,93937,103903,61756,32369,29387
C3713,22,0,State - CHHATTISGARH (22),49,148028,78340,69688,105325,54372,50953,42703,23968,18735
C3713,22,0,State - CHHATTISGARH (22),50,441449,231544,209905,341340,181945,159395,100109,49599,50510
C3713,22,0,State - CHHATTISGARH (22),51,140319,75658,64661,99649,52874,46775,40670,22784,17886
C3713,22,0,State - CHHATTISGARH (22),52,166405,84191,82214,123918,60842,63076,42487,23349,19138
C3713,22,0,State - CHHATTISGARH (22),53,121370,56769,64601,88962,38571,50391,32408,18198,14210
C3713,22,0,State - CHHATTISGARH (22),54,123404,62164,61240,87709,42414,45295,35695,19750,15945
C3713,22,0,State - CHHATTISGARH (22),55,322778,163324,159454,251342,128279,123063,71436,35045,36391
C3713,22,0,State - CHHATTISGARH (22),56,136906,70443,66463,101909,51199,50710,34997,19244,15753
C3713,22,0,State - CHHATTISGARH (22),57,98039,47078,50961,73211,33005,40206,24828,14073,10755
C3713,22,0,State - CHHATTISGARH (22),58,140706,63111,77595,109392,46254,63138,31314,16857,14457
C3713,22,0,State - CHHATTISGARH (22),59,90924,45382,45542,67190,32208,34982,23734,13174,10560
C3713,22,0,State - CHHATTISGARH (22),60,353052,164568,188484,284468,134262,150206,68584,30306,38278
C3713,22,0,State - CHHATTISGARH (22),61,105834,52443,53391,80927,39381,41546,24907,13062,11845
C3713,22,0,State - CHHATTISGARH (22),62,123142,57256,65886,98424,44676,53748,24718,12580,12138
C3713,22,0,State - CHHATTISGARH (22),63,84255,37809,46446,65219,27691,37528,19036,10118,8918
C3713,22,0,State - CHHATTISGARH (22),64,77459,36880,40579,59283,27494,31789,18176,9386,8790
C3713,22,0,State - CHHATTISGARH (22),65,273277,125362,147915,223950,104357,119593,49327,21005,28322
C3713,22,0,State - CHHATTISGARH (22),66,86521,40834,45687,68562,32087,36475,17959,8747,9212
C3713,22,0,State - CHHATTISGARH (22),67,53324,24807,28517,41711,18478,23233,11613,6329,5284
C3713,22,0,State - CHHATTISGARH (22),68,73642,31248,42394,59029,23869,35160,14613,7379,7234
C3713,22,0,State - CHHATTISGARH (22),69,47046,22085,24961,36150,16401,19749,10896,5684,5212
C3713,22,0,State - CHHATTISGARH (22),70,227661,103994,123667,188047,87243,100804,39614,16751,22863
C3713,22,0,State - CHHATTISGARH (22),71,51736,25006,26730,40132,19027,21105,11604,5979,5625
C3713,22,0,State - CHHATTISGARH (22),72,43623,21099,22524,34256,16003,18253,9367,5096,4271
C3713,22,0,State - CHHATTISGARH (22),73,25060,11835,13225,18790,8193,10597,6270,3642,2628
C3713,22,0,State - CHHATTISGARH (22),74,24920,12315,12605,18223,8581,9642,6697,3734,2963
C3713,22,0,State - CHHATTISGARH (22),75,93850,42462,51388,76515,34914,41601,17335,7548,9787
C3713,22,0,State - CHHATTISGARH (22),76,26791,12433,14358,20472,9248,11224,6319,3185,3134
C3713,22,0,State - CHHATTISGARH (22),77,14355,6725,7630,10831,4667,6164,3524,2058,1466
C3713,22,0,State - CHHATTISGARH (22),78,18390,7890,10500,14286,5705,8581,4104,2185,1919
C3713,22,0,State - CHHATTISGARH (22),79,13192,6035,7157,10031,4411,5620,3161,1624,1537
C3713,22,0,State - CHHATTISGARH (22),80,70488,31268,39220,58526,26573,31953,11962,4695,7267
C3713,22,0,State - CHHATTISGARH (22),81,14788,6753,8035,11573,5343,6230,3215,1410,1805
C3713,22,0,State - CHHATTISGARH (22),82,9407,4477,4930,7252,3396,3856,2155,1081,1074
C3713,22,0,State - CHHATTISGARH (22),83,5605,2700,2905,4109,1891,2218,1496,809,687
C3713,22,0,State - CHHATTISGARH (22),84,5723,2749,2974,4160,1970,2190,1563,779,784
C3713,22,0,State - CHHATTISGARH (22),85,21005,9490,11515,16777,7767,9010,4228,1723,2505
C3713,22,0,State - CHHATTISGARH (22),86,5790,2700,3090,4360,2020,2340,1430,680,750
C3713,22,0,State - CHHATTISGARH (22),87,3100,1430,1670,2270,1017,1253,830,413,417
C3713,22,0,State - CHHATTISGARH (22),88,3573,1590,1983,2790,1198,1592,783,392,391
C3713,22,0,State - CHHATTISGARH (22),89,3093,1399,1694,2345,1051,1294,748,348,400
C3713,22,0,State - CHHATTISGARH (22),90,14163,6149,8014,11673,5275,6398,2490,874,1616
C3713,22,0,State - CHHATTISGARH (22),91,3711,1709,2002,2907,1356,1551,804,353,451
C3713,22,0,State - CHHATTISGARH (22),92,2863,1413,1450,2211,1072,1139,652,341,311
C3713,22,0,State - CHHATTISGARH (22),93,1901,885,1016,1450,653,797,451,232,219
C3713,22,0,State - CHHATTISGARH (22),94,2247,1124,1123,1671,833,838,576,291,285
C3713,22,0,State - CHHATTISGARH (22),95,5048,2344,2704,4031,1929,2102,1017,415,602
C3713,22,0,State - CHHATTISGARH (22),96,2296,1157,1139,1754,883,871,542,274,268
C3713,22,0,State - CHHATTISGARH (22),97,1532,746,786,1151,563,588,381,183,198
C3713,22,0,State - CHHATTISGARH (22),98,2290,1110,1180,1829,871,958,461,239,222
C3713,22,0,State - CHHATTISGARH (22),99,1151,533,618,979,461,518,172,72,100
C3713,22,0,State - CHHATTISGARH (22),100+,7005,3347,3658,5423,2639,2784,1582,708,874
C3713,22,0,State - CHHATTISGARH (22),Age not stated,23115,12107,11008,13987,7242,6745,9128,4865,4263
C3713,23,0,State - MADHYA PRADESH (23),All ages,72626809,37612306,35014503,52557404,27149388,25408016,20069405,10462918,9606487
C3713,23,0,State - MADHYA PRADESH (23),0,1410287,733148,677139,1091300,566458,524842,318987,166690,152297
C3713,23,0,State - MADHYA PRADESH (23),1,1445277,756113,689164,1097511,572407,525104,347766,183706,164060
C3713,23,0,State - MADHYA PRADESH (23),2,1513349,783964,729385,1174259,606924,567335,339090,177040,162050
C3713,23,0,State - MADHYA PRADESH (23),3,1562682,802830,759852,1212825,620960,591865,349857,181870,167987
C3713,23,0,State - MADHYA PRADESH (23),4,1539691,798192,741499,1187665,615447,572218,352026,182745,169281
C3713,23,0,State - MADHYA PRADESH (23),5,1671006,889096,781910,1279975,679417,600558,391031,209679,181352
C3713,23,0,State - MADHYA PRADESH (23),6,1667103,872829,794274,1282196,668380,613816,384907,204449,180458
C3713,23,0,State - MADHYA PRADESH (23),7,1611608,833279,778329,1225059,630495,594564,386549,202784,183765
C3713,23,0,State - MADHYA PRADESH (23),8,1794192,930043,864149,1395824,718948,676876,398368,211095,187273
C3713,23,0,State - MADHYA PRADESH (23),9,1522546,784446,738100,1164521,595003,569518,358025,189443,168582
C3713,23,0,State - MADHYA PRADESH (23),10,1981094,1030242,950852,1523856,786305,737551,457238,243937,213301
C3713,23,0,State - MADHYA PRADESH (23),11,1619727,835981,783746,1223336,626084,597252,396391,209897,186494
C3713,23,0,State - MADHYA PRADESH (23),12,1819616,948499,871117,1390806,719800,671006,428810,228699,200111
C3713,23,0,State - MADHYA PRADESH (23),13,1551079,798035,753044,1158366,593136,565230,392713,204899,187814
C3713,23,0,State - MADHYA PRADESH (23),14,1592985,826572,766413,1184671,612776,571895,408314,213796,194518
C3713,23,0,State - MADHYA PRADESH (23),15,1613080,858450,754630,1190005,632822,557183,423075,225628,197447
C3713,23,0,State - MADHYA PRADESH (23),16,1551453,827357,724096,1136887,606419,530468,414566,220938,193628
C3713,23,0,State - MADHYA PRADESH (23),17,1293143,694205,598938,911781,490475,421306,381362,203730,177632
C3713,23,0,State - MADHYA PRADESH (23),18,1741842,943897,797945,1256756,680746,576010,485086,263151,221935
C3713,23,0,State - MADHYA PRADESH (23),19,1247271,656163,591108,864291,451885,412406,382980,204278,178702
C3713,23,0,State - MADHYA PRADESH (23),20,1771303,936168,835135,1268802,672993,595809,502501,263175,239326
C3713,23,0,State - MADHYA PRADESH (23),21,1191915,652578,539337,806752,447551,359201,385163,205027,180136
C3713,23,0,State - MADHYA PRADESH (23),22,1439163,785732,653431,1008035,558224,449811,431128,227508,203620
C3713,23,0,State - MADHYA PRADESH (23),23,1156612,583939,572673,796240,397329,398911,360372,186610,173762
C3713,23,0,State - MADHYA PRADESH (23),24,1168586,595671,572915,798930,405531,393399,369656,190140,179516
C3713,23,0,State - MADHYA PRADESH (23),25,1568221,854734,713487,1102256,618358,483898,465965,236376,229589
C3713,23,0,State - MADHYA PRADESH (23),26,1185802,625036,560766,806738,428753,377985,379064,196283,182781
C3713,23,0,State - MADHYA PRADESH (23),27,921586,476151,445435,614090,316704,297386,307496,159447,148049
C3713,23,0,State - MADHYA PRADESH (23),28,1338682,639659,699023,956871,447611,509260,381811,192048,189763
C3713,23,0,State - MADHYA PRADESH (23),29,773215,392745,380470,510903,256028,254875,262312,136717,125595
C3713,23,0,State - MADHYA PRADESH (23),30,1790488,959962,830526,1273826,697552,576274,516662,262410,254252
C3713,23,0,State - MADHYA PRADESH (23),31,754733,401108,353625,492256,262846,229410,262477,138262,124215
C3713,23,0,State - MADHYA PRADESH (23),32,1064536,535057,529479,750400,372988,377412,314136,162069,152067
C3713,23,0,State - MADHYA PRADESH (23),33,798561,362721,435840,566622,245265,321357,231939,117456,114483
C3713,23,0,State - MADHYA PRADESH (23),34,806642,391857,414785,555865,262856,293009,250777,129001,121776
C3713,23,0,State - MADHYA PRADESH (23),35,1594231,901015,693216,1115555,650001,465554,478676,251014,227662
C3713,23,0,State - MADHYA PRADESH (23),36,926094,486897,439197,643214,341351,301863,282880,145546,137334
C3713,23,0,State - MADHYA PRADESH (23),37,655372,322140,333232,449925,218061,231864,205447,104079,101368
C3713,23,0,State - MADHYA PRADESH (23),38,1065443,471480,593963,781761,335943,445818,283682,135537,148145
C3713,23,0,State - MADHYA PRADESH (23),39,620531,311932,308599,417152,205113,212039,203379,106819,96560
C3713,23,0,State - MADHYA PRADESH (23),40,1653892,913128,740764,1185652,668440,517212,468240,244688,223552
C3713,23,0,State - MADHYA PRADESH (23),41,626993,342744,284249,409341,225510,183831,217652,117234,100418
C3713,23,0,State - MADHYA PRADESH (23),42,809644,413170,396474,567496,286994,280502,242148,126176,115972
C3713,23,0,State - MADHYA PRADESH (23),43,582880,259953,322927,407096,170641,236455,175784,89312,86472
C3713,23,0,State - MADHYA PRADESH (23),44,541065,264893,276172,367673,175834,191839,173392,89059,84333
C3713,23,0,State - MADHYA PRADESH (23),45,1336613,750959,585654,939639,544103,395536,396974,206856,190118
C3713,23,0,State - MADHYA PRADESH (23),46,635559,335793,299766,424142,224519,199623,211417,111274,100143
C3713,23,0,State - MADHYA PRADESH (23),47,440610,218512,222098,289924,137966,151958,150686,80546,70140
C3713,23,0,State - MADHYA PRADESH (23),48,717006,328715,388291,515281,225124,290157,201725,103591,98134
C3713,23,0,State - MADHYA PRADESH (23),49,393173,204819,188354,256524,129007,127517,136649,75812,60837
C3713,23,0,State - MADHYA PRADESH (23),50,1208045,677297,530748,870883,501884,368999,337162,175413,161749
C3713,23,0,State - MADHYA PRADESH (23),51,406336,229953,176383,259599,147639,111960,146737,82314,64423
C3713,23,0,State - MADHYA PRADESH (23),52,437366,228498,208868,297828,151151,146677,139538,77347,62191
C3713,23,0,State - MADHYA PRADESH (23),53,317952,146656,171296,211544,87718,123826,106408,58938,47470
C3713,23,0,State - MADHYA PRADESH (23),54,324673,164118,160555,207670,99666,108004,117003,64452,52551
C3713,23,0,State - MADHYA PRADESH (23),55,840822,447921,392901,601882,327878,274004,238940,120043,118897
C3713,23,0,State - MADHYA PRADESH (23),56,370205,194836,175369,247616,128720,118896,122589,66116,56473
C3713,23,0,State - MADHYA PRADESH (23),57,230250,110872,119378,151968,67353,84615,78282,43519,34763
C3713,23,0,State - MADHYA PRADESH (23),58,379400,158994,220406,277176,106032,171144,102224,52962,49262
C3713,23,0,State - MADHYA PRADESH (23),59,237400,117620,119780,158471,74031,84440,78929,43589,35340
C3713,23,0,State - MADHYA PRADESH (23),60,955608,486214,469394,716374,374131,342243,239234,112083,127151
C3713,23,0,State - MADHYA PRADESH (23),61,302499,156884,145615,206079,106593,99486,96420,50291,46129
C3713,23,0,State - MADHYA PRADESH (23),62,315668,154244,161424,228969,108561,120408,86699,45683,41016
C3713,23,0,State - MADHYA PRADESH (23),63,217609,97418,120191,150803,60632,90171,66806,36786,30020
C3713,23,0,State - MADHYA PRADESH (23),64,196026,94703,101323,134945,61950,72995,61081,32753,28328
C3713,23,0,State - MADHYA PRADESH (23),65,715505,350038,365467,542550,271773,270777,172955,78265,94690
C3713,23,0,State - MADHYA PRADESH (23),66,241674,119503,122171,172100,84765,87335,69574,34738,34836
C3713,23,0,State - MADHYA PRADESH (23),67,129516,62555,66961,89933,40503,49430,39583,22052,17531
C3713,23,0,State - MADHYA PRADESH (23),68,206667,84165,122502,155660,58062,97598,51007,26103,24904
C3713,23,0,State - MADHYA PRADESH (23),69,133699,63744,69955,94142,42595,51547,39557,21149,18408
C3713,23,0,State - MADHYA PRADESH (23),70,663358,325824,337534,514799,259194,255605,148559,66630,81929
C3713,23,0,State - MADHYA PRADESH (23),71,172534,85959,86575,121904,60634,61270,50630,25325,25305
C3713,23,0,State - MADHYA PRADESH (23),72,124263,62682,61581,89656,43703,45953,34607,18979,15628
C3713,23,0,State - MADHYA PRADESH (23),73,73410,34123,39287,50626,21168,29458,22784,12955,9829
C3713,23,0,State - MADHYA PRADESH (23),74,73856,36658,37198,49789,23469,26320,24067,13189,10878
C3713,23,0,State - MADHYA PRADESH (23),75,290157,136526,153631,220907,105969,114938,69250,30557,38693
C3713,23,0,State - MADHYA PRADESH (23),76,90639,42978,47661,63899,30125,33774,26740,12853,13887
C3713,23,0,State - MADHYA PRADESH (23),77,40918,20154,20764,27584,12419,15165,13334,7735,5599
C3713,23,0,State - MADHYA PRADESH (23),78,58829,25016,33813,42547,16416,26131,16282,8600,7682
C3713,23,0,State - MADHYA PRADESH (23),79,42812,20133,22679,29914,13585,16329,12898,6548,6350
C3713,23,0,State - MADHYA PRADESH (23),80,239703,109960,129743,186491,88243,98248,53212,21717,31495
C3713,23,0,State - MADHYA PRADESH (23),81,59282,27465,31817,42265,19917,22348,17017,7548,9469
C3713,23,0,State - MADHYA PRADESH (23),82,31691,16124,15567,22385,11239,11146,9306,4885,4421
C3713,23,0,State - MADHYA PRADESH (23),83,18729,9088,9641,12416,5695,6721,6313,3393,2920
C3713,23,0,State - MADHYA PRADESH (23),84,19761,9792,9969,12948,6352,6596,6813,3440,3373
C3713,23,0,State - MADHYA PRADESH (23),85,74941,35015,39926,55492,26914,28578,19449,8101,11348
C3713,23,0,State - MADHYA PRADESH (23),86,23807,11330,12477,16129,7775,8354,7678,3555,4123
C3713,23,0,State - MADHYA PRADESH (23),87,10003,5080,4923,6433,3150,3283,3570,1930,1640
C3713,23,0,State - MADHYA PRADESH (23),88,12841,5760,7081,8971,3830,5141,3870,1930,1940
C3713,23,0,State - MADHYA PRADESH (23),89,10903,5029,5874,7387,3367,4020,3516,1662,1854
C3713,23,0,State - MADHYA PRADESH (23),90,56407,24487,31920,43249,19493,23756,13158,4994,8164
C3713,23,0,State - MADHYA PRADESH (23),91,15400,6706,8694,10945,4919,6026,4455,1787,2668
C3713,23,0,State - MADHYA PRADESH (23),92,8545,4146,4399,5981,2858,3123,2564,1288,1276
C3713,23,0,State - MADHYA PRADESH (23),93,5573,2610,2963,3709,1705,2004,1864,905,959
C3713,23,0,State - MADHYA PRADESH (23),94,6539,3148,3391,4366,2074,2292,2173,1074,1099
C3713,23,0,State - MADHYA PRADESH (23),95,18617,8513,10104,13683,6454,7229,4934,2059,2875
C3713,23,0,State - MADHYA PRADESH (23),96,7800,3704,4096,5334,2567,2767,2466,1137,1329
C3713,23,0,State - MADHYA PRADESH (23),97,4369,2173,2196,2897,1452,1445,1472,721,751
C3713,23,0,State - MADHYA PRADESH (23),98,6831,3184,3647,4925,2292,2633,1906,892,1014
C3713,23,0,State - MADHYA PRADESH (23),99,4155,1784,2371,3099,1343,1756,1056,441,615
C3713,23,0,State - MADHYA PRADESH (23),100+,32172,14937,17235,22321,10472,11849,9851,4465,5386
C3713,23,0,State - MADHYA PRADESH (23),Age not stated,82862,43376,39486,47310,24875,22435,35552,18501,17051
C3713,24,0,State - GUJARAT (24),All ages,60439692,31491260,28948432,34694609,17799159,16895450,25745083,13692101,12052982
C3713,24,0,State - GUJARAT (24),0,960867,510124,450743,594190,312044,282146,366677,198080,168597
C3713,24,0,State - GUJARAT (24),1,1119545,593467,526078,684512,359290,325222,435033,234177,200856
C3713,24,0,State - GUJARAT (24),2,1116718,585751,530967,700225,363272,336953,416493,222479,194014
C3713,24,0,State - GUJARAT (24),3,1123762,583036,540726,706278,362268,344010,417484,220768,196716
C3713,24,0,State - GUJARAT (24),4,1139440,599512,539928,715688,371984,343704,423752,227528,196224
C3713,24,0,State - GUJARAT (24),5,1185366,636862,548504,731180,387165,344015,454186,249697,204489
C3713,24,0,State - GUJARAT (24),6,1131564,606632,524932,692830,365432,327398,438734,241200,197534
C3713,24,0,State - GUJARAT (24),7,1206246,642667,563579,737692,386470,351222,468554,256197,212357
C3713,24,0,State - GUJARAT (24),8,1178323,629448,548875,739884,388990,350894,438439,240458,197981
C3713,24,0,State - GUJARAT (24),9,1134337,610792,523545,707049,373999,333050,427288,236793,190495
C3713,24,0,State - GUJARAT (24),10,1311960,704106,607854,812478,427486,384992,499482,276620,222862
C3713,24,0,State - GUJARAT (24),11,1236591,663546,573045,762497,402077,360420,474094,261469,212625
C3713,24,0,State - GUJARAT (24),12,1245225,663603,581622,772750,404555,368195,472475,259048,213427
C3713,24,0,State - GUJARAT (24),13,1180511,626998,553513,726657,380707,345950,453854,246291,207563
C3713,24,0,State - GUJARAT (24),14,1175158,625581,549577,713499,374554,338945,461659,251027,210632
C3713,24,0,State - GUJARAT (24),15,1221988,656901,565087,740679,391524,349155,481309,265377,215932
C3713,24,0,State - GUJARAT (24),16,1148027,612601,535426,685110,359632,325478,462917,252969,209948
C3713,24,0,State - GUJARAT (24),17,1100940,592392,508548,636868,334951,301917,464072,257441,206631
C3713,24,0,State - GUJARAT (24),18,1297444,702316,595128,743403,388891,354512,554041,313425,240616
C3713,24,0,State - GUJARAT (24),19,1097361,581900,515461,600474,306576,293898,496887,275324,221563
C3713,24,0,State - GUJARAT (24),20,1398383,735875,662508,784696,400745,383951,613687,335130,278557
C3713,24,0,State - GUJARAT (24),21,1089080,583022,506058,581673,305750,275923,507407,277272,230135
C3713,24,0,State - GUJARAT (24),22,1179944,636266,543678,641469,341862,299607,538475,294404,244071
C3713,24,0,State - GUJARAT (24),23,1052828,542554,510274,563156,283533,279623,489672,259021,230651
C3713,24,0,State - GUJARAT (24),24,1060487,548410,512077,558120,281871,276249,502367,266539,235828
C3713,24,0,State - GUJARAT (24),25,1331560,725062,606498,708851,392078,316773,622709,332984,289725
C3713,24,0,State - GUJARAT (24),26,1046281,554557,491724,542981,285644,257337,503300,268913,234387
C3713,24,0,State - GUJARAT (24),27,929968,488975,440993,475827,247993,227834,454141,240982,213159
C3713,24,0,State - GUJARAT (24),28,1123466,560989,562477,611928,296495,315433,511538,264494,247044
C3713,24,0,State - GUJARAT (24),29,847547,437700,409847,427954,217193,210761,419593,220507,199086
C3713,24,0,State - GUJARAT (24),30,1413815,756358,657457,772307,414502,357805,641508,341856,299652
C3713,24,0,State - GUJARAT (24),31,813586,431557,382029,410143,216685,193458,403443,214872,188571
C3713,24,0,State - GUJARAT (24),32,959612,495302,464310,526862,267949,258913,432750,227353,205397
C3713,24,0,State - GUJARAT (24),33,771186,374644,396542,426599,198821,227778,344587,175823,168764
C3713,24,0,State - GUJARAT (24),34,812329,409163,403166,431954,211511,220443,380375,197652,182723
C3713,24,0,State - GUJARAT (24),35,1262762,704216,558546,696307,395855,300452,566455,308361,258094
C3713,24,0,State - GUJARAT (24),36,827772,436444,391328,448074,235445,212629,379698,200999,178699
C3713,24,0,State - GUJARAT (24),37,684864,350720,334144,369148,188109,181039,315716,162611,153105
C3713,24,0,State - GUJARAT (24),38,895890,423384,472506,516380,235587,280793,379510,187797,191713
C3713,24,0,State - GUJARAT (24),39,669937,343571,326366,349968,175820,174148,319969,167751,152218
C3713,24,0,State - GUJARAT (24),40,1260943,671435,589508,725157,388263,336894,535786,283172,252614
C3713,24,0,State - GUJARAT (24),41,647040,345008,302032,334720,178678,156042,312320,166330,145990
C3713,24,0,State - GUJARAT (24),42,776197,401005,375192,438645,224561,214084,337552,176444,161108
C3713,24,0,State - GUJARAT (24),43,584549,276946,307603,329121,148121,181000,255428,128825,126603
C3713,24,0,State - GUJARAT (24),44,596747,299482,297265,321543,156734,164809,275204,142748,132456
C3713,24,0,State - GUJARAT (24),45,1076760,586607,490153,610662,342125,268537,466098,244482,221616
C3713,24,0,State - GUJARAT (24),46,600694,314547,286147,322841,168529,154312,277853,146018,131835
C3713,24,0,State - GUJARAT (24),47,502074,254410,247664,265983,131748,134235,236091,122662,113429
C3713,24,0,State - GUJARAT (24),48,652405,306700,345705,381643,170663,210980,270762,136037,134725
C3713,24,0,State - GUJARAT (24),49,482080,249608,232472,249407,125763,123644,232673,123845,108828
C3713,24,0,State - GUJARAT (24),50,977597,514051,463546,575205,305124,270081,402392,208927,193465
C3713,24,0,State - GUJARAT (24),51,453595,248659,204936,233983,127882,106101,219612,120777,98835
C3713,24,0,State - GUJARAT (24),52,490853,257247,233606,278844,142854,135990,212009,114393,97616
C3713,24,0,State - GUJARAT (24),53,378031,185502,192529,207730,93979,113751,170301,91523,78778
C3713,24,0,State - GUJARAT (24),54,397107,203814,193293,208905,102735,106170,188202,101079,87123
C3713,24,0,State - GUJARAT (24),55,695613,362131,333482,408459,215696,192763,287154,146435,140719
C3713,24,0,State - GUJARAT (24),56,383662,202397,181265,207321,107546,99775,176341,94851,81490
C3713,24,0,State - GUJARAT (24),57,294418,150186,144232,158530,76579,81951,135888,73607,62281
C3713,24,0,State - GUJARAT (24),58,386459,173828,212631,232053,94686,137367,154406,79142,75264
C3713,24,0,State - GUJARAT (24),59,294795,149546,145249,155509,75047,80462,139286,74499,64787
C3713,24,0,State - GUJARAT (24),60,730129,356624,373505,456698,224734,231964,273431,131890,141541
C3713,24,0,State - GUJARAT (24),61,284292,146896,137396,155322,79313,76009,128970,67583,61387
C3713,24,0,State - GUJARAT (24),62,288337,143489,144848,173395,83989,89406,114942,59500,55442
C3713,24,0,State - GUJARAT (24),63,218392,103410,114982,124494,53910,70584,93898,49500,44398
C3713,24,0,State - GUJARAT (24),64,206602,100840,105762,113134,52403,60731,93468,48437,45031
C3713,24,0,State - GUJARAT (24),65,509712,239371,270341,324075,155190,168885,185637,84181,101456
C3713,24,0,State - GUJARAT (24),66,199332,99181,100151,113853,55768,58085,85479,43413,42066
C3713,24,0,State - GUJARAT (24),67,134935,66782,68153,74939,34569,40370,59996,32213,27783
C3713,24,0,State - GUJARAT (24),68,182352,76492,105860,113957,42109,71848,68395,34383,34012
C3713,24,0,State - GUJARAT (24),69,143741,68176,75565,80445,35974,44471,63296,32202,31094
C3713,24,0,State - GUJARAT (24),70,464620,206352,258268,311048,140688,170360,153572,65664,87908
C3713,24,0,State - GUJARAT (24),71,149830,73543,76287,85992,41703,44289,63838,31840,31998
C3713,24,0,State - GUJARAT (24),72,124793,60820,63973,75203,35383,39820,49590,25437,24153
C3713,24,0,State - GUJARAT (24),73,80045,38119,41926,44947,19451,25496,35098,18668,16430
C3713,24,0,State - GUJARAT (24),74,80389,38688,41701,42535,19377,23158,37854,19311,18543
C3713,24,0,State - GUJARAT (24),75,210973,91520,119453,135577,59714,75863,75396,31806,43590
C3713,24,0,State - GUJARAT (24),76,76990,36185,40805,43354,19892,23462,33636,16293,17343
C3713,24,0,State - GUJARAT (24),77,48111,23509,24602,24967,11215,13752,23144,12294,10850
C3713,24,0,State - GUJARAT (24),78,57683,24438,33245,33447,12395,21052,24236,12043,12193
C3713,24,0,State - GUJARAT (24),79,46239,20689,25550,24659,10327,14332,21580,10362,11218
C3713,24,0,State - GUJARAT (24),80,174171,69765,104406,116549,47949,68600,57622,21816,35806
C3713,24,0,State - GUJARAT (24),81,48468,21305,27163,28214,12295,15919,20254,9010,11244
C3713,24,0,State - GUJARAT (24),82,32177,15057,17120,18578,8528,10050,13599,6529,7070
C3713,24,0,State - GUJARAT (24),83,20589,9469,11120,10701,4547,6154,9888,4922,4966
C3713,24,0,State - GUJARAT (24),84,20424,9174,11250,10099,4470,5629,10325,4704,5621
C3713,24,0,State - GUJARAT (24),85,60571,25062,35509,37639,16293,21346,22932,8769,14163
C3713,24,0,State - GUJARAT (24),86,19836,8895,10941,10633,4798,5835,9203,4097,5106
C3713,24,0,State - GUJARAT (24),87,10717,4984,5733,5225,2363,2862,5492,2621,2871
C3713,24,0,State - GUJARAT (24),88,11414,4860,6554,6153,2460,3693,5261,2400,2861
C3713,24,0,State - GUJARAT (24),89,10540,4388,6152,5487,2226,3261,5053,2162,2891
C3713,24,0,State - GUJARAT (24),90,39349,14102,25247,25988,9606,16382,13361,4496,8865
C3713,24,0,State - GUJARAT (24),91,12798,5429,7369,7178,2962,4216,5620,2467,3153
C3713,24,0,State - GUJARAT (24),92,9513,4375,5138,5081,2266,2815,4432,2109,2323
C3713,24,0,State - GUJARAT (24),93,6082,2782,3300,3014,1318,1696,3068,1464,1604
C3713,24,0,State - GUJARAT (24),94,6591,2955,3636,3324,1442,1882,3267,1513,1754
C3713,24,0,State - GUJARAT (24),95,15718,6393,9325,9641,3951,5690,6077,2442,3635
C3713,24,0,State - GUJARAT (24),96,6888,3098,3790,3653,1597,2056,3235,1501,1734
C3713,24,0,State - GUJARAT (24),97,4859,2304,2555,2499,1166,1333,2360,1138,1222
C3713,24,0,State - GUJARAT (24),98,6833,2981,3852,3895,1578,2317,2938,1403,1535
C3713,24,0,State - GUJARAT (24),99,4423,1665,2758,2845,1054,1791,1578,611,967
C3713,24,0,State - GUJARAT (24),100+,27101,11434,15667,15889,6285,9604,11212,5149,6063
C3713,24,0,State - GUJARAT (24),Age not stated,238844,125546,113298,115682,59273,56409,123162,66273,56889
C3713,25,0,State - DAMAN & DIU (25),All ages,243247,150301,92946,60396,32395,28001,182851,117906,64945
C3713,25,0,State - DAMAN & DIU (25),0,3183,1675,1508,878,444,434,2305,1231,1074
C3713,25,0,State - DAMAN & DIU (25),1,3859,1977,1882,1043,550,493,2816,1427,1389
C3713,25,0,State - DAMAN & DIU (25),2,4044,2111,1933,1079,565,514,2965,1546,1419
C3713,25,0,State - DAMAN & DIU (25),3,4089,2115,1974,1056,535,521,3033,1580,1453
C3713,25,0,State - DAMAN & DIU (25),4,3983,2142,1841,1118,598,520,2865,1544,1321
C3713,25,0,State - DAMAN & DIU (25),5,3990,2145,1845,1107,596,511,2883,1549,1334
C3713,25,0,State - DAMAN & DIU (25),6,3786,1979,1807,1157,561,596,2629,1418,1211
C3713,25,0,State - DAMAN & DIU (25),7,3770,1998,1772,1176,622,554,2594,1376,1218
C3713,25,0,State - DAMAN & DIU (25),8,3648,1934,1714,1194,620,574,2454,1314,1140
C3713,25,0,State - DAMAN & DIU (25),9,3312,1772,1540,1133,583,550,2179,1189,990
C3713,25,0,State - DAMAN & DIU (25),10,3732,1982,1750,1321,668,653,2411,1314,1097
C3713,25,0,State - DAMAN & DIU (25),11,3597,1940,1657,1330,722,608,2267,1218,1049
C3713,25,0,State - DAMAN & DIU (25),12,3378,1818,1560,1265,674,591,2113,1144,969
C3713,25,0,State - DAMAN & DIU (25),13,3289,1747,1542,1231,620,611,2058,1127,931
C3713,25,0,State - DAMAN & DIU (25),14,3325,1813,1512,1188,618,570,2137,1195,942
C3713,25,0,State - DAMAN & DIU (25),15,3550,2068,1482,1222,660,562,2328,1408,920
C3713,25,0,State - DAMAN & DIU (25),16,3876,2421,1455,1214,677,537,2662,1744,918
C3713,25,0,State - DAMAN & DIU (25),17,4511,3048,1463,1293,704,589,3218,2344,874
C3713,25,0,State - DAMAN & DIU (25),18,7599,5777,1822,1484,908,576,6115,4869,1246
C3713,25,0,State - DAMAN & DIU (25),19,6778,4925,1853,1442,817,625,5336,4108,1228
C3713,25,0,State - DAMAN & DIU (25),20,9389,7064,2325,1671,995,676,7718,6069,1649
C3713,25,0,State - DAMAN & DIU (25),21,6868,4955,1913,1351,792,559,5517,4163,1354
C3713,25,0,State - DAMAN & DIU (25),22,8639,6378,2261,1496,884,612,7143,5494,1649
C3713,25,0,State - DAMAN & DIU (25),23,6690,4711,1979,1198,699,499,5492,4012,1480
C3713,25,0,State - DAMAN & DIU (25),24,6998,4817,2181,1308,747,561,5690,4070,1620
C3713,25,0,State - DAMAN & DIU (25),25,9382,6452,2930,1510,868,642,7872,5584,2288
C3713,25,0,State - DAMAN & DIU (25),26,6837,4625,2212,1264,709,555,5573,3916,1657
C3713,25,0,State - DAMAN & DIU (25),27,5519,3637,1882,1083,614,469,4436,3023,1413
C3713,25,0,State - DAMAN & DIU (25),28,6677,4376,2301,1215,678,537,5462,3698,1764
C3713,25,0,State - DAMAN & DIU (25),29,4766,2954,1812,1053,547,506,3713,2407,1306
C3713,25,0,State - DAMAN & DIU (25),30,8048,5475,2573,1367,792,575,6681,4683,1998
C3713,25,0,State - DAMAN & DIU (25),31,4042,2485,1557,982,531,451,3060,1954,1106
C3713,25,0,State - DAMAN & DIU (25),32,4757,3033,1724,954,530,424,3803,2503,1300
C3713,25,0,State - DAMAN & DIU (25),33,3367,1994,1373,823,429,394,2544,1565,979
C3713,25,0,State - DAMAN & DIU (25),34,3817,2327,1490,951,541,410,2866,1786,1080
C3713,25,0,State - DAMAN & DIU (25),35,6491,4352,2139,1229,700,529,5262,3652,1610
C3713,25,0,State - DAMAN & DIU (25),36,3845,2377,1468,954,504,450,2891,1873,1018
C3713,25,0,State - DAMAN & DIU (25),37,2922,1731,1191,768,404,364,2154,1327,827
C3713,25,0,State - DAMAN & DIU (25),38,3458,2083,1375,883,479,404,2575,1604,971
C3713,25,0,State - DAMAN & DIU (25),39,2834,1712,1122,847,514,333,1987,1198,789
C3713,25,0,State - DAMAN & DIU (25),40,4779,3126,1653,1018,578,440,3761,2548,1213
C3713,25,0,State - DAMAN & DIU (25),41,2437,1498,939,647,372,275,1790,1126,664
C3713,25,0,State - DAMAN & DIU (25),42,2529,1515,1014,669,352,317,1860,1163,697
C3713,25,0,State - DAMAN & DIU (25),43,1975,1125,850,590,301,289,1385,824,561
C3713,25,0,State - DAMAN & DIU (25),44,1881,1120,761,565,302,263,1316,818,498
C3713,25,0,State - DAMAN & DIU (25),45,3153,1981,1172,731,400,331,2422,1581,841
C3713,25,0,State - DAMAN & DIU (25),46,1816,1065,751,571,317,254,1245,748,497
C3713,25,0,State - DAMAN & DIU (25),47,1562,857,705,493,248,245,1069,609,460
C3713,25,0,State - DAMAN & DIU (25),48,1617,934,683,505,271,234,1112,663,449
C3713,25,0,State - DAMAN & DIU (25),49,1470,812,658,466,260,206,1004,552,452
C3713,25,0,State - DAMAN & DIU (25),50,2255,1317,938,636,321,315,1619,996,623
C3713,25,0,State - DAMAN & DIU (25),51,1208,657,551,396,193,203,812,464,348
C3713,25,0,State - DAMAN & DIU (25),52,1146,621,525,360,185,175,786,436,350
C3713,25,0,State - DAMAN & DIU (25),53,968,513,455,336,166,170,632,347,285
C3713,25,0,State - DAMAN & DIU (25),54,1033,538,495,362,182,180,671,356,315
C3713,25,0,State - DAMAN & DIU (25),55,1472,787,685,439,216,223,1033,571,462
C3713,25,0,State - DAMAN & DIU (25),56,1061,549,512,331,163,168,730,386,344
C3713,25,0,State - DAMAN & DIU (25),57,845,429,416,255,118,137,590,311,279
C3713,25,0,State - DAMAN & DIU (25),58,868,432,436,245,122,123,623,310,313
C3713,25,0,State - DAMAN & DIU (25),59,810,379,431,277,121,156,533,258,275
C3713,25,0,State - DAMAN & DIU (25),60,1533,691,842,477,203,274,1056,488,568
C3713,25,0,State - DAMAN & DIU (25),61,822,393,429,240,101,139,582,292,290
C3713,25,0,State - DAMAN & DIU (25),62,715,317,398,231,97,134,484,220,264
C3713,25,0,State - DAMAN & DIU (25),63,642,311,331,223,102,121,419,209,210
C3713,25,0,State - DAMAN & DIU (25),64,596,265,331,217,89,128,379,176,203
C3713,25,0,State - DAMAN & DIU (25),65,1000,398,602,314,132,182,686,266,420
C3713,25,0,State - DAMAN & DIU (25),66,544,267,277,178,82,96,366,185,181
C3713,25,0,State - DAMAN & DIU (25),67,398,180,218,127,56,71,271,124,147
C3713,25,0,State - DAMAN & DIU (25),68,474,207,267,137,63,74,337,144,193
C3713,25,0,State - DAMAN & DIU (25),69,337,130,207,114,41,73,223,89,134
C3713,25,0,State - DAMAN & DIU (25),70,865,309,556,285,103,182,580,206,374
C3713,25,0,State - DAMAN & DIU (25),71,375,158,217,121,48,73,254,110,144
C3713,25,0,State - DAMAN & DIU (25),72,321,138,183,94,41,53,227,97,130
C3713,25,0,State - DAMAN & DIU (25),73,280,121,159,94,42,52,186,79,107
C3713,25,0,State - DAMAN & DIU (25),74,262,115,147,81,41,40,181,74,107
C3713,25,0,State - DAMAN & DIU (25),75,410,166,244,130,47,83,280,119,161
C3713,25,0,State - DAMAN & DIU (25),76,204,87,117,54,19,35,150,68,82
C3713,25,0,State - DAMAN & DIU (25),77,154,56,98,42,11,31,112,45,67
C3713,25,0,State - DAMAN & DIU (25),78,155,74,81,46,20,26,109,54,55
C3713,25,0,State - DAMAN & DIU (25),79,144,54,90,42,15,27,102,39,63
C3713,25,0,State - DAMAN & DIU (25),80,276,94,182,97,34,63,179,60,119
C3713,25,0,State - DAMAN & DIU (25),81,119,39,80,28,12,16,91,27,64
C3713,25,0,State - DAMAN & DIU (25),82,95,32,63,38,9,29,57,23,34
C3713,25,0,State - DAMAN & DIU (25),83,72,24,48,25,7,18,47,17,30
C3713,25,0,State - DAMAN & DIU (25),84,73,26,47,28,7,21,45,19,26
C3713,25,0,State - DAMAN & DIU (25),85,98,31,67,27,5,22,71,26,45
C3713,25,0,State - DAMAN & DIU (25),86,48,18,30,12,3,9,36,15,21
C3713,25,0,State - DAMAN & DIU (25),87,39,22,17,11,5,6,28,17,11
C3713,25,0,State - DAMAN & DIU (25),88,26,12,14,10,4,6,16,8,8
C3713,25,0,State - DAMAN & DIU (25),89,28,11,17,7,3,4,21,8,13
C3713,25,0,State - DAMAN & DIU (25),90,52,20,32,11,6,5,41,14,27
C3713,25,0,State - DAMAN & DIU (25),91,30,12,18,5,2,3,25,10,15
C3713,25,0,State - DAMAN & DIU (25),92,27,10,17,9,4,5,18,6,12
C3713,25,0,State - DAMAN & DIU (25),93,12,4,8,3,2,1,9,2,7
C3713,25,0,State - DAMAN & DIU (25),94,11,5,6,3,3,0,8,2,6
C3713,25,0,State - DAMAN & DIU (25),95,22,14,8,6,2,4,16,12,4
C3713,25,0,State - DAMAN & DIU (25),96,19,13,6,1,0,1,18,13,5
C3713,25,0,State - DAMAN & DIU (25),97,9,7,2,0,0,0,9,7,2
C3713,25,0,State - DAMAN & DIU (25),98,10,7,3,1,0,1,9,7,2
C3713,25,0,State - DAMAN & DIU (25),99,7,4,3,1,0,1,6,4,2
C3713,25,0,State - DAMAN & DIU (25),100+,57,31,26,13,4,9,44,27,17
C3713,25,0,State - DAMAN & DIU (25),Age not stated,356,248,108,83,43,40,273,205,68
C3713,26,0,State - DADRA & NAGAR HAVELI (26),All ages,343709,193760,149949,183114,98305,84809,160595,95455,65140
C3713,26,0,State - DADRA & NAGAR HAVELI (26),0,6194,3181,3013,3461,1723,1738,2733,1458,1275
C3713,26,0,State - DADRA & NAGAR HAVELI (26),1,7446,3881,3565,4239,2169,2070,3207,1712,1495
C3713,26,0,State - DADRA & NAGAR HAVELI (26),2,7709,3994,3715,4282,2158,2124,3427,1836,1591
C3713,26,0,State - DADRA & NAGAR HAVELI (26),3,7598,3935,3663,4229,2160,2069,3369,1775,1594
C3713,26,0,State - DADRA & NAGAR HAVELI (26),4,7614,3911,3703,4390,2200,2190,3224,1711,1513
C3713,26,0,State - DADRA & NAGAR HAVELI (26),5,7427,3877,3550,4065,2084,1981,3362,1793,1569
C3713,26,0,State - DADRA & NAGAR HAVELI (26),6,6907,3652,3255,3838,1973,1865,3069,1679,1390
C3713,26,0,State - DADRA & NAGAR HAVELI (26),7,7493,3977,3516,4290,2227,2063,3203,1750,1453
C3713,26,0,State - DADRA & NAGAR HAVELI (26),8,7482,3905,3577,4605,2371,2234,2877,1534,1343
C3713,26,0,State - DADRA & NAGAR HAVELI (26),9,6940,3648,3292,4242,2139,2103,2698,1509,1189
C3713,26,0,State - DADRA & NAGAR HAVELI (26),10,7835,4051,3784,4945,2539,2406,2890,1512,1378
C3713,26,0,State - DADRA & NAGAR HAVELI (26),11,7397,3895,3502,4789,2486,2303,2608,1409,1199
C3713,26,0,State - DADRA & NAGAR HAVELI (26),12,6853,3559,3294,4381,2226,2155,2472,1333,1139
C3713,26,0,State - DADRA & NAGAR HAVELI (26),13,6728,3573,3155,4358,2266,2092,2370,1307,1063
C3713,26,0,State - DADRA & NAGAR HAVELI (26),14,6190,3307,2883,3879,2047,1832,2311,1260,1051
C3713,26,0,State - DADRA & NAGAR HAVELI (26),15,6048,3280,2768,3786,1993,1793,2262,1287,975
C3713,26,0,State - DADRA & NAGAR HAVELI (26),16,5665,3087,2578,3517,1840,1677,2148,1247,901
C3713,26,0,State - DADRA & NAGAR HAVELI (26),17,5682,3386,2296,3287,1882,1405,2395,1504,891
C3713,26,0,State - DADRA & NAGAR HAVELI (26),18,8075,5218,2857,4404,2609,1795,3671,2609,1062
C3713,26,0,State - DADRA & NAGAR HAVELI (26),19,7634,5008,2626,4019,2451,1568,3615,2557,1058
C3713,26,0,State - DADRA & NAGAR HAVELI (26),20,9911,6247,3664,5101,3011,2090,4810,3236,1574
C3713,26,0,State - DADRA & NAGAR HAVELI (26),21,8276,5242,3034,4168,2519,1649,4108,2723,1385
C3713,26,0,State - DADRA & NAGAR HAVELI (26),22,9656,6102,3554,4718,2875,1843,4938,3227,1711
C3713,26,0,State - DADRA & NAGAR HAVELI (26),23,7785,4747,3038,3807,2218,1589,3978,2529,1449
C3713,26,0,State - DADRA & NAGAR HAVELI (26),24,8673,5257,3416,4138,2443,1695,4535,2814,1721
C3713,26,0,State - DADRA & NAGAR HAVELI (26),25,10524,6278,4246,4748,2801,1947,5776,3477,2299
C3713,26,0,State - DADRA & NAGAR HAVELI (26),26,8398,4949,3449,3812,2249,1563,4586,2700,1886
C3713,26,0,State - DADRA & NAGAR HAVELI (26),27,7002,4177,2825,3085,1814,1271,3917,2363,1554
C3713,26,0,State - DADRA & NAGAR HAVELI (26),28,7913,4556,3357,3535,1990,1545,4378,2566,1812
C3713,26,0,State - DADRA & NAGAR HAVELI (26),29,6048,3536,2512,2477,1401,1076,3571,2135,1436
C3713,26,0,State - DADRA & NAGAR HAVELI (26),30,9354,5633,3721,3923,2310,1613,5431,3323,2108
C3713,26,0,State - DADRA & NAGAR HAVELI (26),31,5670,3350,2320,2442,1374,1068,3228,1976,1252
C3713,26,0,State - DADRA & NAGAR HAVELI (26),32,5845,3449,2396,2468,1406,1062,3377,2043,1334
C3713,26,0,State - DADRA & NAGAR HAVELI (26),33,4660,2577,2083,2152,1100,1052,2508,1477,1031
C3713,26,0,State - DADRA & NAGAR HAVELI (26),34,5112,2948,2164,2115,1132,983,2997,1816,1181
C3713,26,0,State - DADRA & NAGAR HAVELI (26),35,7761,4698,3063,3336,1926,1410,4425,2772,1653
C3713,26,0,State - DADRA & NAGAR HAVELI (26),36,4862,2886,1976,2109,1154,955,2753,1732,1021
C3713,26,0,State - DADRA & NAGAR HAVELI (26),37,4140,2392,1748,1898,999,899,2242,1393,849
C3713,26,0,State - DADRA & NAGAR HAVELI (26),38,4853,2724,2129,2422,1240,1182,2431,1484,947
C3713,26,0,State - DADRA & NAGAR HAVELI (26),39,3661,2162,1499,1673,890,783,1988,1272,716
C3713,26,0,State - DADRA & NAGAR HAVELI (26),40,6128,3699,2429,3055,1754,1301,3073,1945,1128
C3713,26,0,State - DADRA & NAGAR HAVELI (26),41,3339,1949,1390,1663,847,816,1676,1102,574
C3713,26,0,State - DADRA & NAGAR HAVELI (26),42,3335,1923,1412,1751,904,847,1584,1019,565
C3713,26,0,State - DADRA & NAGAR HAVELI (26),43,2829,1509,1320,1579,737,842,1250,772,478
C3713,26,0,State - DADRA & NAGAR HAVELI (26),44,2550,1474,1076,1305,696,609,1245,778,467
C3713,26,0,State - DADRA & NAGAR HAVELI (26),45,4561,2636,1925,2492,1365,1127,2069,1271,798
C3713,26,0,State - DADRA & NAGAR HAVELI (26),46,2586,1409,1177,1405,707,698,1181,702,479
C3713,26,0,State - DADRA & NAGAR HAVELI (26),47,2029,1078,951,1139,551,588,890,527,363
C3713,26,0,State - DADRA & NAGAR HAVELI (26),48,2635,1460,1175,1641,837,804,994,623,371
C3713,26,0,State - DADRA & NAGAR HAVELI (26),49,1978,1088,890,1154,599,555,824,489,335
C3713,26,0,State - DADRA & NAGAR HAVELI (26),50,3429,1951,1478,2061,1125,936,1368,826,542
C3713,26,0,State - DADRA & NAGAR HAVELI (26),51,1788,1010,778,1120,591,529,668,419,249
C3713,26,0,State - DADRA & NAGAR HAVELI (26),52,1630,877,753,999,522,477,631,355,276
C3713,26,0,State - DADRA & NAGAR HAVELI (26),53,1307,656,651,815,395,420,492,261,231
C3713,26,0,State - DADRA & NAGAR HAVELI (26),54,1349,721,628,733,381,352,616,340,276
C3713,26,0,State - DADRA & NAGAR HAVELI (26),55,2357,1262,1095,1409,766,643,948,496,452
C3713,26,0,State - DADRA & NAGAR HAVELI (26),56,1288,655,633,761,366,395,527,289,238
C3713,26,0,State - DADRA & NAGAR HAVELI (26),57,915,463,452,541,260,281,374,203,171
C3713,26,0,State - DADRA & NAGAR HAVELI (26),58,1354,641,713,894,381,513,460,260,200
C3713,26,0,State - DADRA & NAGAR HAVELI (26),59,1037,505,532,606,263,343,431,242,189
C3713,26,0,State - DADRA & NAGAR HAVELI (26),60,2298,1074,1224,1486,679,807,812,395,417
C3713,26,0,State - DADRA & NAGAR HAVELI (26),61,1071,542,529,683,319,364,388,223,165
C3713,26,0,State - DADRA & NAGAR HAVELI (26),62,986,479,507,630,288,342,356,191,165
C3713,26,0,State - DADRA & NAGAR HAVELI (26),63,773,350,423,503,215,288,270,135,135
C3713,26,0,State - DADRA & NAGAR HAVELI (26),64,703,349,354,414,189,225,289,160,129
C3713,26,0,State - DADRA & NAGAR HAVELI (26),65,1616,777,839,1026,484,542,590,293,297
C3713,26,0,State - DADRA & NAGAR HAVELI (26),66,694,331,363,426,198,228,268,133,135
C3713,26,0,State - DADRA & NAGAR HAVELI (26),67,420,199,221,268,118,150,152,81,71
C3713,26,0,State - DADRA & NAGAR HAVELI (26),68,546,232,314,363,143,220,183,89,94
C3713,26,0,State - DADRA & NAGAR HAVELI (26),69,440,216,224,278,124,154,162,92,70
C3713,26,0,State - DADRA & NAGAR HAVELI (26),70,1147,485,662,747,300,447,400,185,215
C3713,26,0,State - DADRA & NAGAR HAVELI (26),71,466,206,260,310,129,181,156,77,79
C3713,26,0,State - DADRA & NAGAR HAVELI (26),72,292,113,179,181,71,110,111,42,69
C3713,26,0,State - DADRA & NAGAR HAVELI (26),73,228,93,135,152,51,101,76,42,34
C3713,26,0,State - DADRA & NAGAR HAVELI (26),74,176,76,100,95,36,59,81,40,41
C3713,26,0,State - DADRA & NAGAR HAVELI (26),75,435,186,249,262,107,155,173,79,94
C3713,26,0,State - DADRA & NAGAR HAVELI (26),76,179,68,111,114,35,79,65,33,32
C3713,26,0,State - DADRA & NAGAR HAVELI (26),77,113,50,63,61,25,36,52,25,27
C3713,26,0,State - DADRA & NAGAR HAVELI (26),78,111,43,68,64,23,41,47,20,27
C3713,26,0,State - DADRA & NAGAR HAVELI (26),79,120,47,73,58,18,40,62,29,33
C3713,26,0,State - DADRA & NAGAR HAVELI (26),80,277,96,181,156,56,100,121,40,81
C3713,26,0,State - DADRA & NAGAR HAVELI (26),81,100,33,67,56,17,39,44,16,28
C3713,26,0,State - DADRA & NAGAR HAVELI (26),82,79,39,40,40,18,22,39,21,18
C3713,26,0,State - DADRA & NAGAR HAVELI (26),83,53,18,35,26,6,20,27,12,15
C3713,26,0,State - DADRA & NAGAR HAVELI (26),84,37,17,20,17,7,10,20,10,10
C3713,26,0,State - DADRA & NAGAR HAVELI (26),85,106,41,65,51,16,35,55,25,30
C3713,26,0,State - DADRA & NAGAR HAVELI (26),86,58,25,33,25,11,14,33,14,19
C3713,26,0,State - DADRA & NAGAR HAVELI (26),87,19,10,9,6,4,2,13,6,7
C3713,26,0,State - DADRA & NAGAR HAVELI (26),88,27,20,7,8,7,1,19,13,6
C3713,26,0,State - DADRA & NAGAR HAVELI (26),89,27,9,18,14,5,9,13,4,9
C3713,26,0,State - DADRA & NAGAR HAVELI (26),90,64,27,37,23,7,16,41,20,21
C3713,26,0,State - DADRA & NAGAR HAVELI (26),91,19,12,7,8,5,3,11,7,4
C3713,26,0,State - DADRA & NAGAR HAVELI (26),92,25,16,9,8,6,2,17,10,7
C3713,26,0,State - DADRA & NAGAR HAVELI (26),93,15,8,7,8,4,4,7,4,3
C3713,26,0,State - DADRA & NAGAR HAVELI (26),94,17,7,10,5,1,4,12,6,6
C3713,26,0,State - DADRA & NAGAR HAVELI (26),95,25,8,17,14,4,10,11,4,7
C3713,26,0,State - DADRA & NAGAR HAVELI (26),96,20,9,11,10,4,6,10,5,5
C3713,26,0,State - DADRA & NAGAR HAVELI (26),97,20,11,9,6,5,1,14,6,8
C3713,26,0,State - DADRA & NAGAR HAVELI (26),98,15,8,7,5,3,2,10,5,5
C3713,26,0,State - DADRA & NAGAR HAVELI (26),99,6,0,6,4,0,4,2,0,2
C3713,26,0,State - DADRA & NAGAR HAVELI (26),100+,69,29,40,27,12,15,42,17,25
C3713,26,0,State - DADRA & NAGAR HAVELI (26),Age not stated,372,200,172,220,113,107,152,87,65
C3713,27,0,State - MAHARASHTRA (27),All ages,112374333,58243056,54131277,61556074,31539034,30017040,50818259,26704022,24114237
C3713,27,0,State - MAHARASHTRA (27),0,1775560,946095,829465,1028294,551481,476813,747266,394614,352652
C3713,27,0,State - MAHARASHTRA (27),1,1926342,1021679,904663,1101100,587212,513888,825242,434467,390775
C3713,27,0,State - MAHARASHTRA (27),2,1888543,996272,892271,1098738,581369,517369,789805,414903,374902
C3713,27,0,State - MAHARASHTRA (27),3,1895221,990688,904533,1101102,576048,525054,794119,414640,379479
C3713,27,0,State - MAHARASHTRA (27),4,1876360,984895,891465,1088575,572261,516314,787785,412634,375151
C3713,27,0,State - MAHARASHTRA (27),5,2010382,1066065,944317,1155100,612339,542761,855282,453726,401556
C3713,27,0,State - MAHARASHTRA (27),6,1954109,1029697,924412,1116045,586689,529356,838064,443008,395056
C3713,27,0,State - MAHARASHTRA (27),7,1961711,1027436,934275,1104823,576762,528061,856888,450674,406214
C3713,27,0,State - MAHARASHTRA (27),8,1935680,1019451,916229,1123298,589439,533859,812382,430012,382370
C3713,27,0,State - MAHARASHTRA (27),9,1958772,1035528,923244,1151347,606638,544709,807425,428890,378535
C3713,27,0,State - MAHARASHTRA (27),10,2317339,1227446,1089893,1348170,711318,636852,969169,516128,453041
C3713,27,0,State - MAHARASHTRA (27),11,2163710,1141531,1022179,1263201,664482,598719,900509,477049,423460
C3713,27,0,State - MAHARASHTRA (27),12,2101229,1111511,989718,1223544,644103,579441,877685,467408,410277
C3713,27,0,State - MAHARASHTRA (27),13,2072737,1086667,986070,1209316,631466,577850,863421,455201,408220
C3713,27,0,State - MAHARASHTRA (27),14,2079520,1095106,984414,1211826,636787,575039,867694,458319,409375
C3713,27,0,State - MAHARASHTRA (27),15,2118780,1128043,990737,1231204,654820,576384,887576,473223,414353
C3713,27,0,State - MAHARASHTRA (27),16,2088367,1117920,970447,1215567,652477,563090,872800,465443,407357
C3713,27,0,State - MAHARASHTRA (27),17,1987095,1073589,913506,1115869,605491,510378,871226,468098,403128
C3713,27,0,State - MAHARASHTRA (27),18,2377052,1296423,1080629,1318542,717166,601376,1058510,579257,479253
C3713,27,0,State - MAHARASHTRA (27),19,2055973,1094425,961548,1098483,579270,519213,957490,515155,442335
C3713,27,0,State - MAHARASHTRA (27),20,2592525,1341142,1251383,1415130,717655,697475,1177395,623487,553908
C3713,27,0,State - MAHARASHTRA (27),21,2118952,1131553,987399,1107659,591614,516045,1011293,539939,471354
C3713,27,0,State - MAHARASHTRA (27),22,2330053,1245195,1084858,1219671,649710,569961,1110382,595485,514897
C3713,27,0,State - MAHARASHTRA (27),23,1996850,1054630,942220,1001534,528276,473258,995316,526354,468962
C3713,27,0,State - MAHARASHTRA (27),24,2052586,1072594,979992,1020850,530944,489906,1031736,541650,490086
C3713,27,0,State - MAHARASHTRA (27),25,2588930,1312088,1276842,1350102,674839,675263,1238828,637249,601579
C3713,27,0,State - MAHARASHTRA (27),26,2062553,1079451,983102,1013322,530296,483026,1049231,549155,500076
C3713,27,0,State - MAHARASHTRA (27),27,1826531,961132,865399,883126,463613,419513,943405,497519,445886
C3713,27,0,State - MAHARASHTRA (27),28,2067222,1074976,992246,1026442,525432,501010,1040780,549544,491236
C3713,27,0,State - MAHARASHTRA (27),29,1601877,844913,756964,752286,395172,357114,849591,449741,399850
C3713,27,0,State - MAHARASHTRA (27),30,2757064,1384073,1372991,1462834,713087,749747,1294230,670986,623244
C3713,27,0,State - MAHARASHTRA (27),31,1548794,814928,733866,732278,380339,351939,816516,434589,381927
C3713,27,0,State - MAHARASHTRA (27),32,1714660,897172,817488,862358,442008,420350,852302,455164,397138
C3713,27,0,State - MAHARASHTRA (27),33,1287968,668756,619212,620836,316488,304348,667132,352268,314864
C3713,27,0,State - MAHARASHTRA (27),34,1487821,771368,716453,716895,366835,350060,770926,404533,366393
C3713,27,0,State - MAHARASHTRA (27),35,2591092,1302046,1289046,1396681,684444,712237,1194411,617602,576809
C3713,27,0,State - MAHARASHTRA (27),36,1585038,813296,771742,794251,399914,394337,790787,413382,377405
C3713,27,0,State - MAHARASHTRA (27),37,1211057,618877,592180,590210,294769,295441,620847,324108,296739
C3713,27,0,State - MAHARASHTRA (27),38,1632934,825866,807068,853569,424409,429160,779365,401457,377908
C3713,27,0,State - MAHARASHTRA (27),39,1227039,649349,577690,588646,307739,280907,638393,341610,296783
C3713,27,0,State - MAHARASHTRA (27),40,2560132,1284058,1276074,1447918,705873,742045,1112214,578185,534029
C3713,27,0,State - MAHARASHTRA (27),41,1280248,681969,598279,632822,335141,297681,647426,346828,300598
C3713,27,0,State - MAHARASHTRA (27),42,1368558,730715,637843,710369,375692,334677,658189,355023,303166
C3713,27,0,State - MAHARASHTRA (27),43,974530,515723,458807,475994,250175,225819,498536,265548,232988
C3713,27,0,State - MAHARASHTRA (27),44,1012621,532360,480261,496486,258059,238427,516135,274301,241834
C3713,27,0,State - MAHARASHTRA (27),45,2175250,1086886,1088364,1239810,609490,630320,935440,477396,458044
C3713,27,0,State - MAHARASHTRA (27),46,1126118,587077,539041,566970,291934,275036,559148,295143,264005
C3713,27,0,State - MAHARASHTRA (27),47,865431,455642,409789,423350,218720,204630,442081,236922,205159
C3713,27,0,State - MAHARASHTRA (27),48,1047648,543463,504185,541733,275576,266157,505915,267887,238028
C3713,27,0,State - MAHARASHTRA (27),49,818007,443150,374857,395245,211433,183812,422762,231717,191045
C3713,27,0,State - MAHARASHTRA (27),50,1927821,954219,973602,1139014,553091,585923,788807,401128,387679
C3713,27,0,State - MAHARASHTRA (27),51,851257,462630,388627,426967,229151,197816,424290,233479,190811
C3713,27,0,State - MAHARASHTRA (27),52,810007,444047,365960,416729,224665,192064,393278,219382,173896
C3713,27,0,State - MAHARASHTRA (27),53,603038,331183,271855,284011,152261,131750,319027,178922,140105
C3713,27,0,State - MAHARASHTRA (27),54,727194,388912,338282,353108,185779,167329,374086,203133,170953
C3713,27,0,State - MAHARASHTRA (27),55,1454108,693406,760702,877264,407873,469391,576844,285533,291311
C3713,27,0,State - MAHARASHTRA (27),56,739533,388657,350876,382784,196332,186452,356749,192325,164424
C3713,27,0,State - MAHARASHTRA (27),57,512031,275974,236057,249602,130107,119495,262429,145867,116562
C3713,27,0,State - MAHARASHTRA (27),58,642304,335689,306615,336928,169237,167691,305376,166452,138924
C3713,27,0,State - MAHARASHTRA (27),59,537838,280403,257435,270677,135429,135248,267161,144974,122187
C3713,27,0,State - MAHARASHTRA (27),60,1583069,691433,891636,1015383,429317,586066,567686,262116,305570
C3713,27,0,State - MAHARASHTRA (27),61,625777,305592,320185,347156,162356,184800,278621,143236,135385
C3713,27,0,State - MAHARASHTRA (27),62,553629,273842,279787,319168,150256,168912,234461,123586,110875
C3713,27,0,State - MAHARASHTRA (27),63,428288,223279,205009,221740,110365,111375,206548,112914,93634
C3713,27,0,State - MAHARASHTRA (27),64,451717,222493,229224,251896,118461,133435,199821,104032,95789
C3713,27,0,State - MAHARASHTRA (27),65,1416322,606545,809777,985363,420149,565214,430959,186396,244563
C3713,27,0,State - MAHARASHTRA (27),66,571519,269713,301806,362692,166393,196299,208827,103320,105507
C3713,27,0,State - MAHARASHTRA (27),67,352299,184032,168267,211723,106991,104732,140576,77041,63535
C3713,27,0,State - MAHARASHTRA (27),68,406824,208567,198257,251749,125868,125881,155075,82699,72376
C3713,27,0,State - MAHARASHTRA (27),69,331388,171381,160007,197385,100743,96642,134003,70638,63365
C3713,27,0,State - MAHARASHTRA (27),70,1142588,518204,624384,814703,376046,438657,327885,142158,185727
C3713,27,0,State - MAHARASHTRA (27),71,371600,186373,185227,231060,115622,115438,140540,70751,69789
C3713,27,0,State - MAHARASHTRA (27),72,277613,146470,131143,173280,90755,82525,104333,55715,48618
C3713,27,0,State - MAHARASHTRA (27),73,165692,91126,74566,89445,48679,40766,76247,42447,33800
C3713,27,0,State - MAHARASHTRA (27),74,185643,97119,88524,102729,53668,49061,82914,43451,39463
C3713,27,0,State - MAHARASHTRA (27),75,520375,235323,285052,357256,164973,192283,163119,70350,92769
C3713,27,0,State - MAHARASHTRA (27),76,198127,98277,99850,119221,59237,59984,78906,39040,39866
C3713,27,0,State - MAHARASHTRA (27),77,113396,62367,51029,60257,33351,26906,53139,29016,24123
C3713,27,0,State - MAHARASHTRA (27),78,128432,67300,61132,71920,37828,34092,56512,29472,27040
C3713,27,0,State - MAHARASHTRA (27),79,102443,52164,50279,56073,28786,27287,46370,23378,22992
C3713,27,0,State - MAHARASHTRA (27),80,365177,157642,207535,253153,112920,140233,112024,44722,67302
C3713,27,0,State - MAHARASHTRA (27),81,111620,53523,58097,66420,32236,34184,45200,21287,23913
C3713,27,0,State - MAHARASHTRA (27),82,68545,35679,32866,38263,20135,18128,30282,15544,14738
C3713,27,0,State - MAHARASHTRA (27),83,44946,24512,20434,21630,12235,9395,23316,12277,11039
C3713,27,0,State - MAHARASHTRA (27),84,46363,23594,22769,23265,12174,11091,23098,11420,11678
C3713,27,0,State - MAHARASHTRA (27),85,126777,55078,71699,83548,37906,45642,43229,17172,26057
C3713,27,0,State - MAHARASHTRA (27),86,45394,21685,23709,24869,12240,12629,20525,9445,11080
C3713,27,0,State - MAHARASHTRA (27),87,25093,13000,12093,12402,6573,5829,12691,6427,6264
C3713,27,0,State - MAHARASHTRA (27),88,25649,12910,12739,13214,6677,6537,12435,6233,6202
C3713,27,0,State - MAHARASHTRA (27),89,24481,11503,12978,13202,6209,6993,11279,5294,5985
C3713,27,0,State - MAHARASHTRA (27),90,82245,32503,49742,56751,23154,33597,25494,9349,16145
C3713,27,0,State - MAHARASHTRA (27),91,29047,13050,15997,16923,7677,9246,12124,5373,6751
C3713,27,0,State - MAHARASHTRA (27),92,19868,9980,9888,10913,5436,5477,8955,4544,4411
C3713,27,0,State - MAHARASHTRA (27),93,12511,6397,6114,6214,3171,3043,6297,3226,3071
C3713,27,0,State - MAHARASHTRA (27),94,14215,7088,7127,7391,3684,3707,6824,3404,3420
C3713,27,0,State - MAHARASHTRA (27),95,32692,14457,18235,20336,8975,11361,12356,5482,6874
C3713,27,0,State - MAHARASHTRA (27),96,15519,7406,8113,8492,4008,4484,7027,3398,3629
C3713,27,0,State - MAHARASHTRA (27),97,10529,5417,5112,5476,2837,2639,5053,2580,2473
C3713,27,0,State - MAHARASHTRA (27),98,14023,6767,7256,7925,3781,4144,6098,2986,3112
C3713,27,0,State - MAHARASHTRA (27),99,7550,3309,4241,4729,2022,2707,2821,1287,1534
C3713,27,0,State - MAHARASHTRA (27),100+,57950,26609,31341,34225,15198,19027,23725,11411,12314
C3713,27,0,State - MAHARASHTRA (27),Age not stated,407696,219312,188384,205929,108723,97206,201767,110589,91178
C3713,28,0,State - ANDHRA PRADESH (28),All ages,84580777,42442146,42138631,56361702,28243241,28118461,28219075,14198905,14020170
C3713,28,0,State - ANDHRA PRADESH (28),0,1214847,626538,588309,815259,419927,395332,399588,206611,192977
C3713,28,0,State - ANDHRA PRADESH (28),1,1260326,650403,609923,828365,427167,401198,431961,223236,208725
C3713,28,0,State - ANDHRA PRADESH (28),2,1181570,606189,575381,790173,404921,385252,391397,201268,190129
C3713,28,0,State - ANDHRA PRADESH (28),3,1319621,676134,643487,893059,456542,436517,426562,219592,206970
C3713,28,0,State - ANDHRA PRADESH (28),4,1308401,676623,631778,885302,457049,428253,423099,219574,203525
C3713,28,0,State - ANDHRA PRADESH (28),5,1441133,744802,696331,978111,505368,472743,463022,239434,223588
C3713,28,0,State - ANDHRA PRADESH (28),6,1416904,734261,682643,961753,498314,463439,455151,235947,219204
C3713,28,0,State - ANDHRA PRADESH (28),7,1483948,764908,719040,1008383,519134,489249,475565,245774,229791
C3713,28,0,State - ANDHRA PRADESH (28),8,1496883,766274,730609,1031850,527460,504390,465033,238814,226219
C3713,28,0,State - ANDHRA PRADESH (28),9,1465564,750153,715411,996772,508816,487956,468792,241337,227455
C3713,28,0,State - ANDHRA PRADESH (28),10,1767388,913080,854308,1198576,618712,579864,568812,294368,274444
C3713,28,0,State - ANDHRA PRADESH (28),11,1559410,795307,764103,1042395,531833,510562,517015,263474,253541
C3713,28,0,State - ANDHRA PRADESH (28),12,1676007,859629,816378,1149916,591236,558680,526091,268393,257698
C3713,28,0,State - ANDHRA PRADESH (28),13,1585749,809422,776327,1079830,552120,527710,505919,257302,248617
C3713,28,0,State - ANDHRA PRADESH (28),14,1613041,831446,781595,1094685,565959,528726,518356,265487,252869
C3713,28,0,State - ANDHRA PRADESH (28),15,1652368,861559,790809,1104994,578647,526347,547374,282912,264462
C3713,28,0,State - ANDHRA PRADESH (28),16,1576131,824000,752131,1031865,544177,487688,544266,279823,264443
C3713,28,0,State - ANDHRA PRADESH (28),17,1466112,780993,685119,942837,510581,432256,523275,270412,252863
C3713,28,0,State - ANDHRA PRADESH (28),18,1877103,960859,916244,1270200,659517,610683,606903,301342,305561
C3713,28,0,State - ANDHRA PRADESH (28),19,1522033,768896,753137,984173,507071,477102,537860,261825,276035
C3713,28,0,State - ANDHRA PRADESH (28),20,2179306,1045844,1133462,1488931,724575,764356,690375,321269,369106
C3713,28,0,State - ANDHRA PRADESH (28),21,1397179,714024,683155,872508,459819,412689,524671,254205,270466
C3713,28,0,State - ANDHRA PRADESH (28),22,1636241,823250,812991,1066231,550716,515515,570010,272534,297476
C3713,28,0,State - ANDHRA PRADESH (28),23,1416185,728178,688007,892299,471114,421185,523886,257064,266822
C3713,28,0,State - ANDHRA PRADESH (28),24,1503183,744401,758782,943308,476446,466862,559875,267955,291920
C3713,28,0,State - ANDHRA PRADESH (28),25,2302932,1093110,1209822,1566955,752957,813998,735977,340153,395824
C3713,28,0,State - ANDHRA PRADESH (28),26,1473069,731964,741105,928033,467285,460748,545036,264679,280357
C3713,28,0,State - ANDHRA PRADESH (28),27,1232153,627589,604564,746879,385554,361325,485274,242035,243239
C3713,28,0,State - ANDHRA PRADESH (28),28,1628758,780522,848236,1051558,501132,550426,577200,279390,297810
C3713,28,0,State - ANDHRA PRADESH (28),29,1162124,576702,585422,702156,346214,355942,459968,230488,229480
C3713,28,0,State - ANDHRA PRADESH (28),30,2483935,1225543,1258392,1707442,839539,867903,776493,386004,390489
C3713,28,0,State - ANDHRA PRADESH (28),31,964372,498167,466205,567321,292069,275252,397051,206098,190953
C3713,28,0,State - ANDHRA PRADESH (28),32,1222481,614364,608117,785084,390934,394150,437397,223430,213967
C3713,28,0,State - ANDHRA PRADESH (28),33,860328,437627,422701,521806,263365,258441,338522,174262,164260
C3713,28,0,State - ANDHRA PRADESH (28),34,1053255,524706,528549,651966,321008,330958,401289,203698,197591
C3713,28,0,State - ANDHRA PRADESH (28),35,2384711,1173447,1211264,1645791,807832,837959,738920,365615,373305
C3713,28,0,State - ANDHRA PRADESH (28),36,1141573,561081,580492,729099,353759,375340,412474,207322,205152
C3713,28,0,State - ANDHRA PRADESH (28),37,810906,406946,403960,487053,241349,245704,323853,165597,158256
C3713,28,0,State - ANDHRA PRADESH (28),38,1242504,590501,652003,807835,376223,431612,434669,214278,220391
C3713,28,0,State - ANDHRA PRADESH (28),39,927645,466537,461108,576580,285281,291299,351065,181256,169809
C3713,28,0,State - ANDHRA PRADESH (28),40,2410551,1231998,1178553,1694584,864578,830006,715967,367420,348547
C3713,28,0,State - ANDHRA PRADESH (28),41,782781,417088,365693,468521,248216,220305,314260,168872,145388
C3713,28,0,State - ANDHRA PRADESH (28),42,892816,470480,422336,571413,297856,273557,321403,172624,148779
C3713,28,0,State - ANDHRA PRADESH (28),43,596313,307739,288574,359718,182451,177267,236595,125288,111307
C3713,28,0,State - ANDHRA PRADESH (28),44,717012,367093,349919,446665,226720,219945,270347,140373,129974
C3713,28,0,State - ANDHRA PRADESH (28),45,2029097,1023985,1005112,1424109,718292,705817,604988,305693,299295
C3713,28,0,State - ANDHRA PRADESH (28),46,756598,390938,365660,475971,243434,232537,280627,147504,133123
C3713,28,0,State - ANDHRA PRADESH (28),47,503130,263819,239311,294559,151388,143171,208571,112431,96140
C3713,28,0,State - ANDHRA PRADESH (28),48,768274,383753,384521,495620,242713,252907,272654,141040,131614
C3713,28,0,State - ANDHRA PRADESH (28),49,600170,312138,288032,377041,193767,183274,223129,118371,104758
C3713,28,0,State - ANDHRA PRADESH (28),50,1838524,921379,917145,1313625,660651,652974,524899,260728,264171
C3713,28,0,State - ANDHRA PRADESH (28),51,504181,268429,235752,310717,162987,147730,193464,105442,88022
C3713,28,0,State - ANDHRA PRADESH (28),52,492974,258926,234048,313377,160997,152380,179597,97929,81668
C3713,28,0,State - ANDHRA PRADESH (28),53,336719,177261,159458,197239,100092,97147,139480,77169,62311
C3713,28,0,State - ANDHRA PRADESH (28),54,484988,236588,248400,306502,144491,162011,178486,92097,86389
C3713,28,0,State - ANDHRA PRADESH (28),55,1312769,587711,725058,946172,415763,530409,366597,171948,194649
C3713,28,0,State - ANDHRA PRADESH (28),56,482892,236182,246710,313693,147236,166457,169199,88946,80253
C3713,28,0,State - ANDHRA PRADESH (28),57,275455,138481,136974,162107,75468,86639,113348,63013,50335
C3713,28,0,State - ANDHRA PRADESH (28),58,436278,197842,238436,290203,121658,168545,146075,76184,69891
C3713,28,0,State - ANDHRA PRADESH (28),59,402204,190323,211881,263004,118269,144735,139200,72054,67146
C3713,28,0,State - ANDHRA PRADESH (28),60,1684428,748932,935496,1278096,566351,711745,406332,182581,223751
C3713,28,0,State - ANDHRA PRADESH (28),61,449654,213895,235759,312305,143980,168325,137349,69915,67434
C3713,28,0,State - ANDHRA PRADESH (28),62,436166,211660,224506,318980,150269,168711,117186,61391,55795
C3713,28,0,State - ANDHRA PRADESH (28),63,273909,137681,136228,181601,86954,94647,92308,50727,41581
C3713,28,0,State - ANDHRA PRADESH (28),64,355680,173596,182084,251571,119310,132261,104109,54286,49823
C3713,28,0,State - ANDHRA PRADESH (28),65,1191661,545760,645901,930480,430812,499668,261181,114948,146233
C3713,28,0,State - ANDHRA PRADESH (28),66,319520,157643,161877,229857,113188,116669,89663,44455,45208
C3713,28,0,State - ANDHRA PRADESH (28),67,168869,89868,79001,112869,58875,53994,56000,30993,25007
C3713,28,0,State - ANDHRA PRADESH (28),68,257585,126989,130596,186545,90255,96290,71040,36734,34306
C3713,28,0,State - ANDHRA PRADESH (28),69,230219,114100,116119,164950,81048,83902,65269,33052,32217
C3713,28,0,State - ANDHRA PRADESH (28),70,972318,470512,501806,766389,378676,387713,205929,91836,114093
C3713,28,0,State - ANDHRA PRADESH (28),71,201414,100800,100614,143573,71510,72063,57841,29290,28551
C3713,28,0,State - ANDHRA PRADESH (28),72,144834,76128,68706,103580,53696,49884,41254,22432,18822
C3713,28,0,State - ANDHRA PRADESH (28),73,83302,45012,38290,53982,28415,25567,29320,16597,12723
C3713,28,0,State - ANDHRA PRADESH (28),74,117490,60291,57199,80494,40950,39544,36996,19341,17655
C3713,28,0,State - ANDHRA PRADESH (28),75,368400,175004,193396,280000,136015,143985,88400,38989,49411
C3713,28,0,State - ANDHRA PRADESH (28),76,102887,50905,51982,70965,35252,35713,31922,15653,16269
C3713,28,0,State - ANDHRA PRADESH (28),77,42029,22501,19528,25234,13308,11926,16795,9193,7602
C3713,28,0,State - ANDHRA PRADESH (28),78,61700,30282,31418,41599,20101,21498,20101,10181,9920
C3713,28,0,State - ANDHRA PRADESH (28),79,61973,28782,33191,42243,19620,22623,19730,9162,10568
C3713,28,0,State - ANDHRA PRADESH (28),80,302221,127912,174309,234814,102592,132222,67407,25320,42087
C3713,28,0,State - ANDHRA PRADESH (28),81,60660,26703,33957,42233,18822,23411,18427,7881,10546
C3713,28,0,State - ANDHRA PRADESH (28),82,34717,16610,18107,23088,10984,12104,11629,5626,6003
C3713,28,0,State - ANDHRA PRADESH (28),83,20758,10260,10498,12168,5949,6219,8590,4311,4279
C3713,28,0,State - ANDHRA PRADESH (28),84,28309,13122,15187,17473,8295,9178,10836,4827,6009
C3713,28,0,State - ANDHRA PRADESH (28),85,85235,35293,49942,60931,26145,34786,24304,9148,15156
C3713,28,0,State - ANDHRA PRADESH (28),86,25927,11725,14202,16149,7519,8630,9778,4206,5572
C3713,28,0,State - ANDHRA PRADESH (28),87,11412,5462,5950,6192,3008,3184,5220,2454,2766
C3713,28,0,State - ANDHRA PRADESH (28),88,12843,5916,6927,7425,3421,4004,5418,2495,2923
C3713,28,0,State - ANDHRA PRADESH (28),89,14768,6272,8496,8882,3778,5104,5886,2494,3392
C3713,28,0,State - ANDHRA PRADESH (28),90,56581,22075,34506,41571,16603,24968,15010,5472,9538
C3713,28,0,State - ANDHRA PRADESH (28),91,15241,6615,8626,9746,4232,5514,5495,2383,3112
C3713,28,0,State - ANDHRA PRADESH (28),92,8917,4040,4877,5655,2560,3095,3262,1480,1782
C3713,28,0,State - ANDHRA PRADESH (28),93,5337,2549,2788,3194,1544,1650,2143,1005,1138
C3713,28,0,State - ANDHRA PRADESH (28),94,6583,2977,3606,4024,1835,2189,2559,1142,1417
C3713,28,0,State - ANDHRA PRADESH (28),95,16318,6728,9590,11386,4742,6644,4932,1986,2946
C3713,28,0,State - ANDHRA PRADESH (28),96,6981,3149,3832,4366,2007,2359,2615,1142,1473
C3713,28,0,State - ANDHRA PRADESH (28),97,4328,2041,2287,2512,1207,1305,1816,834,982
C3713,28,0,State - ANDHRA PRADESH (28),98,6009,2665,3344,3761,1625,2136,2248,1040,1208
C3713,28,0,State - ANDHRA PRADESH (28),99,3073,1266,1807,1864,754,1110,1209,512,697
C3713,28,0,State - ANDHRA PRADESH (28),100+,27985,12607,15378,15344,6671,8673,12641,5936,6705
C3713,28,0,State - ANDHRA PRADESH (28),Age not stated,771431,387686,383745,401438,201614,199824,369993,186072,183921
C3713,29,0,State - KARNATAKA (29),All ages,61095297,30966657,30128640,37469335,18929354,18539981,23625962,12037303,11588659
C3713,29,0,State - KARNATAKA (29),0,933645,478346,455299,585530,300346,285184,348115,178000,170115
C3713,29,0,State - KARNATAKA (29),1,1017674,522962,494712,610927,314001,296926,406747,208961,197786
C3713,29,0,State - KARNATAKA (29),2,1010479,515273,495206,643739,328286,315453,366740,186987,179753
C3713,29,0,State - KARNATAKA (29),3,1042923,531690,511233,670442,341347,329095,372481,190343,182138
C3713,29,0,State - KARNATAKA (29),4,1041998,533753,508245,668857,341916,326941,373141,191837,181304
C3713,29,0,State - KARNATAKA (29),5,1087322,562819,524503,691487,357900,333587,395835,204919,190916
C3713,29,0,State - KARNATAKA (29),6,1026992,530448,496544,646663,333273,313390,380329,197175,183154
C3713,29,0,State - KARNATAKA (29),7,1019047,523831,495216,631368,324548,306820,387679,199283,188396
C3713,29,0,State - KARNATAKA (29),8,1055117,540621,514496,667973,341778,326195,387144,198843,188301
C3713,29,0,State - KARNATAKA (29),9,1053031,538951,514080,672128,343118,329010,380903,195833,185070
C3713,29,0,State - KARNATAKA (29),10,1224051,629780,594271,776384,398223,378161,447667,231557,216110
C3713,29,0,State - KARNATAKA (29),11,1125702,575938,549764,710668,363973,346695,415034,211965,203069
C3713,29,0,State - KARNATAKA (29),12,1159844,596025,563819,744498,382923,361575,415346,213102,202244
C3713,29,0,State - KARNATAKA (29),13,1091404,562002,529402,696674,359889,336785,394730,202113,192617
C3713,29,0,State - KARNATAKA (29),14,1135645,591542,544103,734251,384717,349534,401394,206825,194569
C3713,29,0,State - KARNATAKA (29),15,1145252,602212,543040,741382,392971,348411,403870,209241,194629
C3713,29,0,State - KARNATAKA (29),16,1129795,592938,536857,724778,384180,340598,405017,208758,196259
C3713,29,0,State - KARNATAKA (29),17,1048278,551764,496514,646553,346121,300432,401725,205643,196082
C3713,29,0,State - KARNATAKA (29),18,1381362,724617,656745,876891,467781,409110,504471,256836,247635
C3713,29,0,State - KARNATAKA (29),19,1122590,570517,552073,668660,342756,325904,453930,227761,226169
C3713,29,0,State - KARNATAKA (29),20,1524165,762130,762035,952709,479162,473547,571456,282968,288488
C3713,29,0,State - KARNATAKA (29),21,1060423,550991,509432,601813,318012,283801,458610,232979,225631
C3713,29,0,State - KARNATAKA (29),22,1273163,657812,615351,756521,397776,358745,516642,260036,256606
C3713,29,0,State - KARNATAKA (29),23,1039971,547788,492183,581712,313094,268618,458259,234694,223565
C3713,29,0,State - KARNATAKA (29),24,1154836,590865,563971,656670,341540,315130,498166,249325,248841
C3713,29,0,State - KARNATAKA (29),25,1592968,763779,829189,976329,467976,508353,616639,295803,320836
C3713,29,0,State - KARNATAKA (29),26,1140351,581485,558866,639731,331505,308226,500620,249980,250640
C3713,29,0,State - KARNATAKA (29),27,935419,482004,453415,492548,257915,234633,442871,224089,218782
C3713,29,0,State - KARNATAKA (29),28,1236233,613736,622497,717382,357270,360112,518851,256466,262385
C3713,29,0,State - KARNATAKA (29),29,866635,438250,428385,457518,230821,226697,409117,207429,201688
C3713,29,0,State - KARNATAKA (29),30,1719007,845770,873237,1070763,519825,550938,648244,325945,322299
C3713,29,0,State - KARNATAKA (29),31,727252,380167,347085,370805,191859,178946,356447,188308,168139
C3713,29,0,State - KARNATAKA (29),32,871926,451178,420748,486846,249529,237317,385080,201649,183431
C3713,29,0,State - KARNATAKA (29),33,598490,313778,284712,305735,159167,146568,292755,154611,138144
C3713,29,0,State - KARNATAKA (29),34,781705,398701,383004,423600,212017,211583,358105,186684,171421
C3713,29,0,State - KARNATAKA (29),35,1638532,800477,838055,1039644,497685,541959,598888,302792,296096
C3713,29,0,State - KARNATAKA (29),36,822894,409024,413870,463837,225316,238521,359057,183708,175349
C3713,29,0,State - KARNATAKA (29),37,617110,310358,306752,326509,160776,165733,290601,149582,141019
C3713,29,0,State - KARNATAKA (29),38,941872,457432,484440,564061,267807,296254,377811,189625,188186
C3713,29,0,State - KARNATAKA (29),39,675043,341797,333246,376907,186055,190852,298136,155742,142394
C3713,29,0,State - KARNATAKA (29),40,1637089,823742,813347,1089657,538633,551024,547432,285109,262323
C3713,29,0,State - KARNATAKA (29),41,576127,306718,269409,316654,166454,150200,259473,140264,119209
C3713,29,0,State - KARNATAKA (29),42,639629,340074,299555,371991,196771,175220,267638,143303,124335
C3713,29,0,State - KARNATAKA (29),43,433115,228323,204792,233956,123177,110779,199159,105146,94013
C3713,29,0,State - KARNATAKA (29),44,540752,278911,261841,308097,158299,149798,232655,120612,112043
C3713,29,0,State - KARNATAKA (29),45,1422243,712351,709892,952017,474092,477925,470226,238259,231967
C3713,29,0,State - KARNATAKA (29),46,576785,299209,277576,334322,172878,161444,242463,126331,116132
C3713,29,0,State - KARNATAKA (29),47,410656,218353,192303,219856,116813,103043,190800,101540,89260
C3713,29,0,State - KARNATAKA (29),48,629167,323743,305424,383199,196971,186228,245968,126772,119196
C3713,29,0,State - KARNATAKA (29),49,480931,251177,229754,276282,143157,133125,204649,108020,96629
C3713,29,0,State - KARNATAKA (29),50,1290554,632755,657799,885688,433200,452488,404866,199555,205311
C3713,29,0,State - KARNATAKA (29),51,396861,211406,185455,222603,117483,105120,174258,93923,80335
C3713,29,0,State - KARNATAKA (29),52,381511,207091,174420,216598,117242,99356,164913,89849,75064
C3713,29,0,State - KARNATAKA (29),53,260886,143052,117834,133862,72977,60885,127024,70075,56949
C3713,29,0,State - KARNATAKA (29),54,369458,187665,181793,206705,103258,103447,162753,84407,78346
C3713,29,0,State - KARNATAKA (29),55,886623,411078,475545,600068,274133,325935,286555,136945,149610
C3713,29,0,State - KARNATAKA (29),56,360426,185534,174892,207856,104841,103015,152570,80693,71877
C3713,29,0,State - KARNATAKA (29),57,227838,122072,105766,117370,61583,55787,110468,60489,49979
C3713,29,0,State - KARNATAKA (29),58,348093,176999,171094,208954,103278,105676,139139,73721,65418
C3713,29,0,State - KARNATAKA (29),59,319524,160371,159153,189209,92874,96335,130315,67497,62818
C3713,29,0,State - KARNATAKA (29),60,1072592,488309,584283,768215,349792,418423,304377,138517,165860
C3713,29,0,State - KARNATAKA (29),61,295429,148940,146489,177086,86934,90152,118343,62006,56337
C3713,29,0,State - KARNATAKA (29),62,260636,134717,125919,157653,79582,78071,102983,55135,47848
C3713,29,0,State - KARNATAKA (29),63,184521,99590,84931,98635,52052,46583,85886,47538,38348
C3713,29,0,State - KARNATAKA (29),64,246874,123074,123800,150666,73934,76732,96208,49140,47068
C3713,29,0,State - KARNATAKA (29),65,759442,341547,417895,554756,251464,303292,204686,90083,114603
C3713,29,0,State - KARNATAKA (29),66,234903,115807,119096,152351,74723,77628,82552,41084,41468
C3713,29,0,State - KARNATAKA (29),67,141435,75286,66149,83233,43821,39412,58202,31465,26737
C3713,29,0,State - KARNATAKA (29),68,204229,102595,101634,133510,65882,67628,70719,36713,34006
C3713,29,0,State - KARNATAKA (29),69,180110,88452,91658,115632,55954,59678,64478,32498,31980
C3713,29,0,State - KARNATAKA (29),70,643836,293723,350113,483986,223246,260740,159850,70477,89373
C3713,29,0,State - KARNATAKA (29),71,150225,74383,75842,95868,46735,49133,54357,27648,26709
C3713,29,0,State - KARNATAKA (29),72,106442,56974,49468,64954,34295,30659,41488,22679,18809
C3713,29,0,State - KARNATAKA (29),73,66500,37000,29500,35645,19586,16059,30855,17414,13441
C3713,29,0,State - KARNATAKA (29),74,94122,48339,45783,55856,28453,27403,38266,19886,18380
C3713,29,0,State - KARNATAKA (29),75,279569,128357,151212,201954,93719,108235,77615,34638,42977
C3713,29,0,State - KARNATAKA (29),76,86471,42828,43643,54078,26594,27484,32393,16234,16159
C3713,29,0,State - KARNATAKA (29),77,41764,22567,19197,22136,11875,10261,19628,10692,8936
C3713,29,0,State - KARNATAKA (29),78,57008,28737,28271,34381,17005,17376,22627,11732,10895
C3713,29,0,State - KARNATAKA (29),79,59614,27345,32269,37511,17092,20419,22103,10253,11850
C3713,29,0,State - KARNATAKA (29),80,232187,94923,137264,174280,72652,101628,57907,22271,35636
C3713,29,0,State - KARNATAKA (29),81,53678,23980,29698,34148,14941,19207,19530,9039,10491
C3713,29,0,State - KARNATAKA (29),82,30278,15163,15115,17242,8501,8741,13036,6662,6374
C3713,29,0,State - KARNATAKA (29),83,19444,10111,9333,9546,4990,4556,9898,5121,4777
C3713,29,0,State - KARNATAKA (29),84,26437,12589,13848,14664,7043,7621,11773,5546,6227
C3713,29,0,State - KARNATAKA (29),85,71741,29626,42115,49194,20792,28402,22547,8834,13713
C3713,29,0,State - KARNATAKA (29),86,23828,10892,12936,13755,6364,7391,10073,4528,5545
C3713,29,0,State - KARNATAKA (29),87,11700,5752,5948,5666,2822,2844,6034,2930,3104
C3713,29,0,State - KARNATAKA (29),88,12994,6195,6799,7230,3426,3804,5764,2769,2995
C3713,29,0,State - KARNATAKA (29),89,13475,5688,7787,7907,3250,4657,5568,2438,3130
C3713,29,0,State - KARNATAKA (29),90,46439,17828,28611,33207,12792,20415,13232,5036,8196
C3713,29,0,State - KARNATAKA (29),91,11291,4722,6569,6897,2837,4060,4394,1885,2509
C3713,29,0,State - KARNATAKA (29),92,6819,3339,3480,3936,1914,2022,2883,1425,1458
C3713,29,0,State - KARNATAKA (29),93,4372,2271,2101,2338,1224,1114,2034,1047,987
C3713,29,0,State - KARNATAKA (29),94,5613,2610,3003,3320,1539,1781,2293,1071,1222
C3713,29,0,State - KARNATAKA (29),95,14320,5729,8591,10077,4029,6048,4243,1700,2543
C3713,29,0,State - KARNATAKA (29),96,5694,2515,3179,3520,1564,1956,2174,951,1223
C3713,29,0,State - KARNATAKA (29),97,3355,1579,1776,1890,881,1009,1465,698,767
C3713,29,0,State - KARNATAKA (29),98,5242,2248,2994,3458,1435,2023,1784,813,971
C3713,29,0,State - KARNATAKA (29),99,3646,1316,2330,2613,910,1703,1033,406,627
C3713,29,0,State - KARNATAKA (29),100+,22757,9426,13331,14075,5489,8586,8682,3937,4745
C3713,29,0,State - KARNATAKA (29),Age not stated,45851,25410,20441,25829,13953,11876,20022,11457,8565
C3713,30,0,State - GOA (30),All ages,1458545,739140,719405,551731,275436,276295,906814,463704,443110
C3713,30,0,State - GOA (30),0,19039,9868,9171,7242,3788,3454,11797,6080,5717
C3713,30,0,State - GOA (30),1,21181,10817,10364,7984,4095,3889,13197,6722,6475
C3713,30,0,State - GOA (30),2,20366,10566,9800,7607,3933,3674,12759,6633,6126
C3713,30,0,State - GOA (30),3,19928,10171,9757,7377,3752,3625,12551,6419,6132
C3713,30,0,State - GOA (30),4,20689,10595,10094,7629,3864,3765,13060,6731,6329
C3713,30,0,State - GOA (30),5,22128,11525,10603,8259,4335,3924,13869,7190,6679
C3713,30,0,State - GOA (30),6,21280,10918,10362,7916,4005,3911,13364,6913,6451
C3713,30,0,State - GOA (30),7,21365,11068,10297,7946,4093,3853,13419,6975,6444
C3713,30,0,State - GOA (30),8,20261,10515,9746,7468,3821,3647,12793,6694,6099
C3713,30,0,State - GOA (30),9,20934,10646,10288,7775,3911,3864,13159,6735,6424
C3713,30,0,State - GOA (30),10,23764,12265,11499,8934,4509,4425,14830,7756,7074
C3713,30,0,State - GOA (30),11,22821,11821,11000,8504,4289,4215,14317,7532,6785
C3713,30,0,State - GOA (30),12,21334,11171,10163,7932,4146,3786,13402,7025,6377
C3713,30,0,State - GOA (30),13,21458,11002,10456,8091,4167,3924,13367,6835,6532
C3713,30,0,State - GOA (30),14,21612,11158,10454,8205,4193,4012,13407,6965,6442
C3713,30,0,State - GOA (30),15,21859,11343,10516,8123,4133,3990,13736,7210,6526
C3713,30,0,State - GOA (30),16,21041,11005,10036,7912,4129,3783,13129,6876,6253
C3713,30,0,State - GOA (30),17,21037,10844,10193,8058,4145,3913,12979,6699,6280
C3713,30,0,State - GOA (30),18,24876,13363,11513,9116,4815,4301,15760,8548,7212
C3713,30,0,State - GOA (30),19,25062,13520,11542,9162,4778,4384,15900,8742,7158
C3713,30,0,State - GOA (30),20,28157,15452,12705,10008,5201,4807,18149,10251,7898
C3713,30,0,State - GOA (30),21,25465,13880,11585,9115,4711,4404,16350,9169,7181
C3713,30,0,State - GOA (30),22,25972,14250,11722,9331,4876,4455,16641,9374,7267
C3713,30,0,State - GOA (30),23,25055,13411,11644,9192,4894,4298,15863,8517,7346
C3713,30,0,State - GOA (30),24,26096,13623,12473,9644,4908,4736,16452,8715,7737
C3713,30,0,State - GOA (30),25,29533,15146,14387,10870,5506,5364,18663,9640,9023
C3713,30,0,State - GOA (30),26,26694,13831,12863,10019,5136,4883,16675,8695,7980
C3713,30,0,State - GOA (30),27,24998,12802,12196,9443,4732,4711,15555,8070,7485
C3713,30,0,State - GOA (30),28,27283,13740,13543,10338,5164,5174,16945,8576,8369
C3713,30,0,State - GOA (30),29,24118,12225,11893,9247,4712,4535,14871,7513,7358
C3713,30,0,State - GOA (30),30,32119,16238,15881,12085,5975,6110,20034,10263,9771
C3713,30,0,State - GOA (30),31,24559,12436,12123,9405,4727,4678,15154,7709,7445
C3713,30,0,State - GOA (30),32,24510,12387,12123,9408,4753,4655,15102,7634,7468
C3713,30,0,State - GOA (30),33,20773,10438,10335,8050,4027,4023,12723,6411,6312
C3713,30,0,State - GOA (30),34,23898,11972,11926,9316,4728,4588,14582,7244,7338
C3713,30,0,State - GOA (30),35,32151,16120,16031,12425,6141,6284,19726,9979,9747
C3713,30,0,State - GOA (30),36,25256,12731,12525,9596,4802,4794,15660,7929,7731
C3713,30,0,State - GOA (30),37,21737,10877,10860,8333,4158,4175,13404,6719,6685
C3713,30,0,State - GOA (30),38,25027,12517,12510,9548,4825,4723,15479,7692,7787
C3713,30,0,State - GOA (30),39,22127,11296,10831,8484,4342,4142,13643,6954,6689
C3713,30,0,State - GOA (30),40,29621,15088,14533,11467,5695,5772,18154,9393,8761
C3713,30,0,State - GOA (30),41,21248,10986,10262,7847,4072,3775,13401,6914,6487
C3713,30,0,State - GOA (30),42,21822,11328,10494,8118,4212,3906,13704,7116,6588
C3713,30,0,State - GOA (30),43,18129,9263,8866,6532,3382,3150,11597,5881,5716
C3713,30,0,State - GOA (30),44,17692,8839,8853,6418,3201,3217,11274,5638,5636
C3713,30,0,State - GOA (30),45,25745,12665,13080,9844,4774,5070,15901,7891,8010
C3713,30,0,State - GOA (30),46,19410,9748,9662,7134,3535,3599,12276,6213,6063
C3713,30,0,State - GOA (30),47,15892,8171,7721,5909,3047,2862,9983,5124,4859
C3713,30,0,State - GOA (30),48,17151,8733,8418,6419,3190,3229,10732,5543,5189
C3713,30,0,State - GOA (30),49,16538,8550,7988,6301,3248,3053,10237,5302,4935
C3713,30,0,State - GOA (30),50,22112,10749,11363,8726,4062,4664,13386,6687,6699
C3713,30,0,State - GOA (30),51,15482,7925,7557,5828,2914,2914,9654,5011,4643
C3713,30,0,State - GOA (30),52,14124,7290,6834,5209,2645,2564,8915,4645,4270
C3713,30,0,State - GOA (30),53,12085,6416,5669,4316,2290,2026,7769,4126,3643
C3713,30,0,State - GOA (30),54,12789,6402,6387,4777,2336,2441,8012,4066,3946
C3713,30,0,State - GOA (30),55,17396,7740,9656,6974,2925,4049,10422,4815,5607
C3713,30,0,State - GOA (30),56,13648,6771,6877,5153,2541,2612,8495,4230,4265
C3713,30,0,State - GOA (30),57,11057,5739,5318,4110,2116,1994,6947,3623,3324
C3713,30,0,State - GOA (30),58,12323,6109,6214,4644,2329,2315,7679,3780,3899
C3713,30,0,State - GOA (30),59,11129,5662,5467,4203,2133,2070,6926,3529,3397
C3713,30,0,State - GOA (30),60,19387,8443,10944,8177,3392,4785,11210,5051,6159
C3713,30,0,State - GOA (30),61,12177,5804,6373,4725,2244,2481,7452,3560,3892
C3713,30,0,State - GOA (30),62,10893,5399,5494,4278,2104,2174,6615,3295,3320
C3713,30,0,State - GOA (30),63,9558,4893,4665,3651,1869,1782,5907,3024,2883
C3713,30,0,State - GOA (30),64,9089,4561,4528,3465,1671,1794,5624,2890,2734
C3713,30,0,State - GOA (30),65,14516,6213,8303,6485,2740,3745,8031,3473,4558
C3713,30,0,State - GOA (30),66,8480,4001,4479,3414,1593,1821,5066,2408,2658
C3713,30,0,State - GOA (30),67,5983,2984,2999,2300,1093,1207,3683,1891,1792
C3713,30,0,State - GOA (30),68,6350,3096,3254,2473,1179,1294,3877,1917,1960
C3713,30,0,State - GOA (30),69,5690,2711,2979,2218,1022,1196,3472,1689,1783
C3713,30,0,State - GOA (30),70,11265,4582,6683,5087,1977,3110,6178,2605,3573
C3713,30,0,State - GOA (30),71,5981,2692,3289,2367,1015,1352,3614,1677,1937
C3713,30,0,State - GOA (30),72,4438,2137,2301,1680,771,909,2758,1366,1392
C3713,30,0,State - GOA (30),73,3628,1760,1868,1329,637,692,2299,1123,1176
C3713,30,0,State - GOA (30),74,3743,1719,2024,1370,624,746,2373,1095,1278
C3713,30,0,State - GOA (30),75,5978,2455,3523,2470,982,1488,3508,1473,2035
C3713,30,0,State - GOA (30),76,3569,1601,1968,1401,627,774,2168,974,1194
C3713,30,0,State - GOA (30),77,2588,1227,1361,914,412,502,1674,815,859
C3713,30,0,State - GOA (30),78,2421,1109,1312,893,406,487,1528,703,825
C3713,30,0,State - GOA (30),79,1980,836,1144,758,315,443,1222,521,701
C3713,30,0,State - GOA (30),80,3847,1427,2420,1706,657,1049,2141,770,1371
C3713,30,0,State - GOA (30),81,2003,771,1232,780,305,475,1223,466,757
C3713,30,0,State - GOA (30),82,1321,576,745,473,202,271,848,374,474
C3713,30,0,State - GOA (30),83,1059,418,641,397,157,240,662,261,401
C3713,30,0,State - GOA (30),84,1016,407,609,374,139,235,642,268,374
C3713,30,0,State - GOA (30),85,1470,512,958,599,204,395,871,308,563
C3713,30,0,State - GOA (30),86,872,347,525,367,129,238,505,218,287
C3713,30,0,State - GOA (30),87,590,225,365,227,78,149,363,147,216
C3713,30,0,State - GOA (30),88,521,201,320,192,74,118,329,127,202
C3713,30,0,State - GOA (30),89,440,167,273,171,58,113,269,109,160
C3713,30,0,State - GOA (30),90,664,223,441,294,96,198,370,127,243
C3713,30,0,State - GOA (30),91,377,152,225,151,55,96,226,97,129
C3713,30,0,State - GOA (30),92,221,85,136,63,24,39,158,61,97
C3713,30,0,State - GOA (30),93,152,59,93,41,16,25,111,43,68
C3713,30,0,State - GOA (30),94,174,74,100,61,29,32,113,45,68
C3713,30,0,State - GOA (30),95,240,92,148,111,47,64,129,45,84
C3713,30,0,State - GOA (30),96,134,55,79,52,23,29,82,32,50
C3713,30,0,State - GOA (30),97,93,35,58,38,16,22,55,19,36
C3713,30,0,State - GOA (30),98,123,61,62,52,24,28,71,37,34
C3713,30,0,State - GOA (30),99,70,22,48,28,9,19,42,13,29
C3713,30,0,State - GOA (30),100+,394,183,211,155,71,84,239,112,127
C3713,30,0,State - GOA (30),Age not stated,2094,1098,996,918,484,434,1176,614,562
C3713,31,0,State - LAKSHADWEEP (31),All ages,64473,33123,31350,14141,7243,6898,50332,25880,24452
C3713,31,0,State - LAKSHADWEEP (31),0,1115,593,522,252,128,124,863,465,398
C3713,31,0,State - LAKSHADWEEP (31),1,998,530,468,244,132,112,754,398,356
C3713,31,0,State - LAKSHADWEEP (31),2,937,502,435,250,129,121,687,373,314
C3713,31,0,State - LAKSHADWEEP (31),3,963,494,469,237,107,130,726,387,339
C3713,31,0,State - LAKSHADWEEP (31),4,1039,529,510,252,134,118,787,395,392
C3713,31,0,State - LAKSHADWEEP (31),5,1135,574,561,290,154,136,845,420,425
C3713,31,0,State - LAKSHADWEEP (31),6,1068,575,493,290,166,124,778,409,369
C3713,31,0,State - LAKSHADWEEP (31),7,1111,566,545,272,136,136,839,430,409
C3713,31,0,State - LAKSHADWEEP (31),8,905,450,455,237,114,123,668,336,332
C3713,31,0,State - LAKSHADWEEP (31),9,1188,595,593,295,158,137,893,437,456
C3713,31,0,State - LAKSHADWEEP (31),10,1319,641,678,312,154,158,1007,487,520
C3713,31,0,State - LAKSHADWEEP (31),11,1249,606,643,319,151,168,930,455,475
C3713,31,0,State - LAKSHADWEEP (31),12,1161,537,624,256,119,137,905,418,487
C3713,31,0,State - LAKSHADWEEP (31),13,1150,519,631,262,98,164,888,421,467
C3713,31,0,State - LAKSHADWEEP (31),14,1119,551,568,240,90,150,879,461,418
C3713,31,0,State - LAKSHADWEEP (31),15,1159,586,573,235,111,124,924,475,449
C3713,31,0,State - LAKSHADWEEP (31),16,1133,530,603,217,81,136,916,449,467
C3713,31,0,State - LAKSHADWEEP (31),17,1152,564,588,231,109,122,921,455,466
C3713,31,0,State - LAKSHADWEEP (31),18,1140,579,561,247,117,130,893,462,431
C3713,31,0,State - LAKSHADWEEP (31),19,1040,549,491,217,107,110,823,442,381
C3713,31,0,State - LAKSHADWEEP (31),20,1147,626,521,230,113,117,917,513,404
C3713,31,0,State - LAKSHADWEEP (31),21,1156,616,540,243,142,101,913,474,439
C3713,31,0,State - LAKSHADWEEP (31),22,1106,573,533,252,124,128,854,449,405
C3713,31,0,State - LAKSHADWEEP (31),23,1158,612,546,258,151,107,900,461,439
C3713,31,0,State - LAKSHADWEEP (31),24,1262,644,618,297,150,147,965,494,471
C3713,31,0,State - LAKSHADWEEP (31),25,1247,654,593,256,121,135,991,533,458
C3713,31,0,State - LAKSHADWEEP (31),26,1207,650,557,282,153,129,925,497,428
C3713,31,0,State - LAKSHADWEEP (31),27,1233,668,565,253,149,104,980,519,461
C3713,31,0,State - LAKSHADWEEP (31),28,1153,581,572,268,131,137,885,450,435
C3713,31,0,State - LAKSHADWEEP (31),29,1127,582,545,246,128,118,881,454,427
C3713,31,0,State - LAKSHADWEEP (31),30,1191,617,574,255,145,110,936,472,464
C3713,31,0,State - LAKSHADWEEP (31),31,1213,611,602,295,145,150,918,466,452
C3713,31,0,State - LAKSHADWEEP (31),32,1075,547,528,234,120,114,841,427,414
C3713,31,0,State - LAKSHADWEEP (31),33,926,475,451,195,102,93,731,373,358
C3713,31,0,State - LAKSHADWEEP (31),34,1032,527,505,256,130,126,776,397,379
C3713,31,0,State - LAKSHADWEEP (31),35,1169,611,558,235,126,109,934,485,449
C3713,31,0,State - LAKSHADWEEP (31),36,1205,601,604,249,127,122,956,474,482
C3713,31,0,State - LAKSHADWEEP (31),37,1051,532,519,218,118,100,833,414,419
C3713,31,0,State - LAKSHADWEEP (31),38,1006,504,502,216,109,107,790,395,395
C3713,31,0,State - LAKSHADWEEP (31),39,958,508,450,198,110,88,760,398,362
C3713,31,0,State - LAKSHADWEEP (31),40,1075,577,498,197,103,94,878,474,404
C3713,31,0,State - LAKSHADWEEP (31),41,965,496,469,185,99,86,780,397,383
C3713,31,0,State - LAKSHADWEEP (31),42,938,514,424,234,123,111,704,391,313
C3713,31,0,State - LAKSHADWEEP (31),43,835,453,382,148,74,74,687,379,308
C3713,31,0,State - LAKSHADWEEP (31),44,795,413,382,152,79,73,643,334,309
C3713,31,0,State - LAKSHADWEEP (31),45,855,455,400,182,106,76,673,349,324
C3713,31,0,State - LAKSHADWEEP (31),46,868,442,426,173,91,82,695,351,344
C3713,31,0,State - LAKSHADWEEP (31),47,696,369,327,136,78,58,560,291,269
C3713,31,0,State - LAKSHADWEEP (31),48,778,380,398,148,68,80,630,312,318
C3713,31,0,State - LAKSHADWEEP (31),49,613,329,284,123,62,61,490,267,223
C3713,31,0,State - LAKSHADWEEP (31),50,661,332,329,118,66,52,543,266,277
C3713,31,0,State - LAKSHADWEEP (31),51,590,331,259,142,76,66,448,255,193
C3713,31,0,State - LAKSHADWEEP (31),52,630,337,293,162,87,75,468,250,218
C3713,31,0,State - LAKSHADWEEP (31),53,599,313,286,135,69,66,464,244,220
C3713,31,0,State - LAKSHADWEEP (31),54,586,312,274,112,70,42,474,242,232
C3713,31,0,State - LAKSHADWEEP (31),55,703,326,377,136,56,80,567,270,297
C3713,31,0,State - LAKSHADWEEP (31),56,632,318,314,126,60,66,506,258,248
C3713,31,0,State - LAKSHADWEEP (31),57,534,304,230,104,57,47,430,247,183
C3713,31,0,State - LAKSHADWEEP (31),58,576,316,260,112,69,43,464,247,217
C3713,31,0,State - LAKSHADWEEP (31),59,456,249,207,99,56,43,357,193,164
C3713,31,0,State - LAKSHADWEEP (31),60,577,257,320,116,55,61,461,202,259
C3713,31,0,State - LAKSHADWEEP (31),61,376,189,187,77,33,44,299,156,143
C3713,31,0,State - LAKSHADWEEP (31),62,400,216,184,94,52,42,306,164,142
C3713,31,0,State - LAKSHADWEEP (31),63,367,215,152,73,47,26,294,168,126
C3713,31,0,State - LAKSHADWEEP (31),64,314,169,145,65,40,25,249,129,120
C3713,31,0,State - LAKSHADWEEP (31),65,441,215,226,92,47,45,349,168,181
C3713,31,0,State - LAKSHADWEEP (31),66,315,175,140,72,35,37,243,140,103
C3713,31,0,State - LAKSHADWEEP (31),67,230,130,100,47,32,15,183,98,85
C3713,31,0,State - LAKSHADWEEP (31),68,242,130,112,57,33,24,185,97,88
C3713,31,0,State - LAKSHADWEEP (31),69,185,103,82,51,28,23,134,75,59
C3713,31,0,State - LAKSHADWEEP (31),70,355,156,199,68,29,39,287,127,160
C3713,31,0,State - LAKSHADWEEP (31),71,175,82,93,39,16,23,136,66,70
C3713,31,0,State - LAKSHADWEEP (31),72,148,92,56,31,19,12,117,73,44
C3713,31,0,State - LAKSHADWEEP (31),73,98,48,50,16,5,11,82,43,39
C3713,31,0,State - LAKSHADWEEP (31),74,73,32,41,16,6,10,57,26,31
C3713,31,0,State - LAKSHADWEEP (31),75,207,101,106,31,17,14,176,84,92
C3713,31,0,State - LAKSHADWEEP (31),76,116,52,64,24,15,9,92,37,55
C3713,31,0,State - LAKSHADWEEP (31),77,65,41,24,12,7,5,53,34,19
C3713,31,0,State - LAKSHADWEEP (31),78,55,27,28,17,9,8,38,18,20
C3713,31,0,State - LAKSHADWEEP (31),79,50,23,27,11,5,6,39,18,21
C3713,31,0,State - LAKSHADWEEP (31),80,129,52,77,22,12,10,107,40,67
C3713,31,0,State - LAKSHADWEEP (31),81,54,22,32,8,5,3,46,17,29
C3713,31,0,State - LAKSHADWEEP (31),82,23,14,9,5,4,1,18,10,8
C3713,31,0,State - LAKSHADWEEP (31),83,21,13,8,6,5,1,15,8,7
C3713,31,0,State - LAKSHADWEEP (31),84,19,10,9,6,4,2,13,6,7
C3713,31,0,State - LAKSHADWEEP (31),85,56,21,35,8,3,5,48,18,30
C3713,31,0,State - LAKSHADWEEP (31),86,26,12,14,4,2,2,22,10,12
C3713,31,0,State - LAKSHADWEEP (31),87,8,7,1,3,3,0,5,4,1
C3713,31,0,State - LAKSHADWEEP (31),88,17,9,8,3,3,0,14,6,8
C3713,31,0,State - LAKSHADWEEP (31),89,7,5,2,0,0,0,7,5,2
C3713,31,0,State - LAKSHADWEEP (31),90,26,7,19,7,3,4,19,4,15
C3713,31,0,State - LAKSHADWEEP (31),91,9,3,6,0,0,0,9,3,6
C3713,31,0,State - LAKSHADWEEP (31),92,4,3,1,1,1,0,3,2,1
C3713,31,0,State - LAKSHADWEEP (31),93,8,4,4,0,0,0,8,4,4
C3713,31,0,State - LAKSHADWEEP (31),94,8,6,2,2,2,0,6,4,2
C3713,31,0,State - LAKSHADWEEP (31),95,16,8,8,4,3,1,12,5,7
C3713,31,0,State - LAKSHADWEEP (31),96,12,2,10,4,2,2,8,0,8
C3713,31,0,State - LAKSHADWEEP (31),97,9,7,2,0,0,0,9,7,2
C3713,31,0,State - LAKSHADWEEP (31),98,6,4,2,2,1,1,4,3,1
C3713,31,0,State - LAKSHADWEEP (31),99,9,6,3,2,1,1,7,5,2
C3713,31,0,State - LAKSHADWEEP (31),100+,14,6,8,3,1,2,11,5,6
C3713,31,0,State - LAKSHADWEEP (31),Age not stated,115,74,41,27,20,7,88,54,34
C3713,32,0,State - KERALA (32),All ages,33406061,16027412,17378649,17471135,8408054,9063081,15934926,7619358,8315568
C3713,32,0,State - KERALA (32),0,482341,243852,238489,252391,127392,124999,229950,116460,113490
C3713,32,0,State - KERALA (32),1,500354,255004,245350,261659,133300,128359,238695,121704,116991
C3713,32,0,State - KERALA (32),2,482851,245356,237495,252321,128331,123990,230530,117025,113505
C3713,32,0,State - KERALA (32),3,486817,247884,238933,256287,130421,125866,230530,117463,113067
C3713,32,0,State - KERALA (32),4,500729,255438,245291,263682,134365,129317,237047,121073,115974
C3713,32,0,State - KERALA (32),5,512686,261438,251248,269955,137393,132562,242731,124045,118686
C3713,32,0,State - KERALA (32),6,507177,259272,247905,267369,136686,130683,239808,122586,117222
C3713,32,0,State - KERALA (32),7,510507,260663,249844,269683,137381,132302,240824,123282,117542
C3713,32,0,State - KERALA (32),8,505052,257189,247863,266464,135648,130816,238588,121541,117047
C3713,32,0,State - KERALA (32),9,519690,264628,255062,274733,139969,134764,244957,124659,120298
C3713,32,0,State - KERALA (32),10,580680,296685,283995,308617,157549,151068,272063,139136,132927
C3713,32,0,State - KERALA (32),11,568020,289140,278880,300586,152852,147734,267434,136288,131146
C3713,32,0,State - KERALA (32),12,541784,276952,264832,289296,147699,141597,252488,129253,123235
C3713,32,0,State - KERALA (32),13,578706,293478,285228,307138,155230,151908,271568,138248,133320
C3713,32,0,State - KERALA (32),14,553580,282662,270918,293701,149567,144134,259879,133095,126784
C3713,32,0,State - KERALA (32),15,541700,276123,265577,285887,145596,140291,255813,130527,125286
C3713,32,0,State - KERALA (32),16,515159,261654,253505,271122,137616,133506,244037,124038,119999
C3713,32,0,State - KERALA (32),17,517325,263097,254228,269726,137316,132410,247599,125781,121818
C3713,32,0,State - KERALA (32),18,527597,269522,258075,274990,140996,133994,252607,128526,124081
C3713,32,0,State - KERALA (32),19,508771,257903,250868,264088,134680,129408,244683,123223,121460
C3713,32,0,State - KERALA (32),20,555345,279283,276062,288693,146322,142371,266652,132961,133691
C3713,32,0,State - KERALA (32),21,521601,259752,261849,269911,135275,134636,251690,124477,127213
C3713,32,0,State - KERALA (32),22,531068,259666,271402,276695,136102,140593,254373,123564,130809
C3713,32,0,State - KERALA (32),23,524597,250442,274155,272516,131353,141163,252081,119089,132992
C3713,32,0,State - KERALA (32),24,533198,249683,283515,278246,131231,147015,254952,118452,136500
C3713,32,0,State - KERALA (32),25,546715,252370,294345,287979,133845,154134,258736,118525,140211
C3713,32,0,State - KERALA (32),26,526650,244441,282209,276832,129841,146991,249818,114600,135218
C3713,32,0,State - KERALA (32),27,510651,237999,272652,268935,126721,142214,241716,111278,130438
C3713,32,0,State - KERALA (32),28,536685,245857,290828,282679,130749,151930,254006,115108,138898
C3713,32,0,State - KERALA (32),29,483391,223311,260080,252611,117883,134728,230780,105428,125352
C3713,32,0,State - KERALA (32),30,579855,266060,313795,307266,142074,165192,272589,123986,148603
C3713,32,0,State - KERALA (32),31,466740,216325,250415,241891,113355,128536,224849,102970,121879
C3713,32,0,State - KERALA (32),32,484742,223415,261327,252696,117751,134945,232046,105664,126382
C3713,32,0,State - KERALA (32),33,448856,206019,242837,231906,107579,124327,216950,98440,118510
C3713,32,0,State - KERALA (32),34,475308,216398,258910,244501,112215,132286,230807,104183,126624
C3713,32,0,State - KERALA (32),35,572123,258314,313809,302273,137385,164888,269850,120929,148921
C3713,32,0,State - KERALA (32),36,508215,229025,279190,264057,119753,144304,244158,109272,134886
C3713,32,0,State - KERALA (32),37,472243,211305,260938,245072,109817,135255,227171,101488,125683
C3713,32,0,State - KERALA (32),38,553249,247712,305537,288702,129938,158764,264547,117774,146773
C3713,32,0,State - KERALA (32),39,473843,215463,258380,244525,111448,133077,229318,104015,125303
C3713,32,0,State - KERALA (32),40,601775,271233,330542,318431,143423,175008,283344,127810,155534
C3713,32,0,State - KERALA (32),41,450343,210270,240073,229460,107619,121841,220883,102651,118232
C3713,32,0,State - KERALA (32),42,502835,236854,265981,259569,122793,136776,243266,114061,129205
C3713,32,0,State - KERALA (32),43,437207,202850,234357,223021,103624,119397,214186,99226,114960
C3713,32,0,State - KERALA (32),44,420338,196217,224121,215657,100758,114899,204681,95459,109222
C3713,32,0,State - KERALA (32),45,572618,264829,307789,302650,139939,162711,269968,124890,145078
C3713,32,0,State - KERALA (32),46,450054,212387,237667,233023,109945,123078,217031,102442,114589
C3713,32,0,State - KERALA (32),47,418998,197322,221676,218125,103082,115043,200873,94240,106633
C3713,32,0,State - KERALA (32),48,495898,232157,263741,261313,122589,138724,234585,109568,125017
C3713,32,0,State - KERALA (32),49,410962,198903,212059,212771,102882,109889,198191,96021,102170
C3713,32,0,State - KERALA (32),50,530352,243497,286855,283692,130279,153413,246660,113218,133442
C3713,32,0,State - KERALA (32),51,371941,185853,186088,189151,94983,94168,182790,90870,91920
C3713,32,0,State - KERALA (32),52,354720,171536,183184,184086,89798,94288,170634,81738,88896
C3713,32,0,State - KERALA (32),53,328022,162116,165906,167420,83080,84340,160602,79036,81566
C3713,32,0,State - KERALA (32),54,343110,168189,174921,176813,86777,90036,166297,81412,84885
C3713,32,0,State - KERALA (32),55,472631,225560,247071,251612,120787,130825,221019,104773,116246
C3713,32,0,State - KERALA (32),56,340433,167937,172496,176281,87093,89188,164152,80844,83308
C3713,32,0,State - KERALA (32),57,283682,141103,142579,146294,72768,73526,137388,68335,69053
C3713,32,0,State - KERALA (32),58,373157,188680,184477,190686,95962,94724,182471,92718,89753
C3713,32,0,State - KERALA (32),59,272505,138247,134258,138510,70250,68260,133995,67997,65998
C3713,32,0,State - KERALA (32),60,443926,204341,239585,237480,109942,127538,206446,94399,112047
C3713,32,0,State - KERALA (32),61,254290,125563,128727,128486,63810,64676,125804,61753,64051
C3713,32,0,State - KERALA (32),62,265229,130812,134417,133997,66139,67858,131232,64673,66559
C3713,32,0,State - KERALA (32),63,242212,121563,120649,120430,60235,60195,121782,61328,60454
C3713,32,0,State - KERALA (32),64,209014,102857,106157,104554,51251,53303,104460,51606,52854
C3713,32,0,State - KERALA (32),65,349259,153856,195403,186109,82277,103832,163150,71579,91571
C3713,32,0,State - KERALA (32),66,189755,88205,101550,98091,45509,52582,91664,42696,48968
C3713,32,0,State - KERALA (32),67,162297,77837,84460,85100,40964,44136,77197,36873,40324
C3713,32,0,State - KERALA (32),68,173615,79798,93817,90608,41514,49094,83007,38284,44723
C3713,32,0,State - KERALA (32),69,127208,59536,67672,65357,30273,35084,61851,29263,32588
C3713,32,0,State - KERALA (32),70,258614,106577,152037,138556,57631,80925,120058,48946,71112
C3713,32,0,State - KERALA (32),71,128666,59469,69197,65919,30488,35431,62747,28981,33766
C3713,32,0,State - KERALA (32),72,130458,60970,69488,67339,31644,35695,63119,29326,33793
C3713,32,0,State - KERALA (32),73,108500,50425,58075,55479,25823,29656,53021,24602,28419
C3713,32,0,State - KERALA (32),74,107134,49121,58013,54693,25087,29606,52441,24034,28407
C3713,32,0,State - KERALA (32),75,189140,75206,113934,101876,41173,60703,87264,34033,53231
C3713,32,0,State - KERALA (32),76,106496,45155,61341,55837,23867,31970,50659,21288,29371
C3713,32,0,State - KERALA (32),77,68217,30412,37805,35796,15948,19848,32421,14464,17957
C3713,32,0,State - KERALA (32),78,81107,33940,47167,43308,18178,25130,37799,15762,22037
C3713,32,0,State - KERALA (32),79,56407,23604,32803,29850,12586,17264,26557,11018,15539
C3713,32,0,State - KERALA (32),80,123734,45497,78237,68277,25920,42357,55457,19577,35880
C3713,32,0,State - KERALA (32),81,54863,22498,32365,29180,12185,16995,25683,10313,15370
C3713,32,0,State - KERALA (32),82,47308,19565,27743,25461,10909,14552,21847,8656,13191
C3713,32,0,State - KERALA (32),83,37813,15563,22250,20086,8516,11570,17727,7047,10680
C3713,32,0,State - KERALA (32),84,38725,15421,23304,20758,8485,12273,17967,6936,11031
C3713,32,0,State - KERALA (32),85,69675,24344,45331,39177,14253,24924,30498,10091,20407
C3713,32,0,State - KERALA (32),86,37696,14058,23638,20762,8020,12742,16934,6038,10896
C3713,32,0,State - KERALA (32),87,23119,8836,14283,12858,5090,7768,10261,3746,6515
C3713,32,0,State - KERALA (32),88,19855,7411,12444,11059,4198,6861,8796,3213,5583
C3713,32,0,State - KERALA (32),89,13910,5254,8656,7725,2969,4756,6185,2285,3900
C3713,32,0,State - KERALA (32),90,26564,8516,18048,15278,5089,10189,11286,3427,7859
C3713,32,0,State - KERALA (32),91,9845,3345,6500,5481,1955,3526,4364,1390,2974
C3713,32,0,State - KERALA (32),92,6183,2269,3914,3459,1315,2144,2724,954,1770
C3713,32,0,State - KERALA (32),93,5764,2123,3641,3278,1257,2021,2486,866,1620
C3713,32,0,State - KERALA (32),94,4574,1714,2860,2702,1059,1643,1872,655,1217
C3713,32,0,State - KERALA (32),95,6586,2111,4475,3904,1290,2614,2682,821,1861
C3713,32,0,State - KERALA (32),96,4034,1419,2615,2398,864,1534,1636,555,1081
C3713,32,0,State - KERALA (32),97,2378,902,1476,1431,574,857,947,328,619
C3713,32,0,State - KERALA (32),98,2383,837,1546,1430,518,912,953,319,634
C3713,32,0,State - KERALA (32),99,1409,477,932,859,303,556,550,174,376
C3713,32,0,State - KERALA (32),100+,5431,2188,3243,3124,1212,1912,2307,976,1331
C3713,32,0,State - KERALA (32),Age not stated,34486,17297,17189,17337,8679,8658,17149,8618,8531
C3713,33,0,State - TAMIL NADU (33),All ages,72147030,36137975,36009055,37229590,18679065,18550525,34917440,17458910,17458530
C3713,33,0,State - TAMIL NADU (33),0,1004971,518251,486720,519367,269359,250008,485604,248892,236712
C3713,33,0,State - TAMIL NADU (33),1,1078713,556872,521841,560340,290781,269559,518373,266091,252282
C3713,33,0,State - TAMIL NADU (33),2,1053548,539636,513912,560145,288135,272010,493403,251501,241902
C3713,33,0,State - TAMIL NADU (33),3,1084158,554773,529385,580961,298119,282842,503197,256654,246543
C3713,33,0,State - TAMIL NADU (33),4,1057311,545046,512265,561066,290225,270841,496245,254821,241424
C3713,33,0,State - TAMIL NADU (33),5,1079481,557696,521785,570011,295712,274299,509470,261984,247486
C3713,33,0,State - TAMIL NADU (33),6,1065650,548002,517648,559412,288219,271193,506238,259783,246455
C3713,33,0,State - TAMIL NADU (33),7,1139867,585055,554812,614119,315690,298429,525748,269365,256383
C3713,33,0,State - TAMIL NADU (33),8,1127033,575557,551476,611270,312939,298331,515763,262618,253145
C3713,33,0,State - TAMIL NADU (33),9,1139224,584983,554241,613724,316394,297330,525500,268589,256911
C3713,33,0,State - TAMIL NADU (33),10,1290991,666692,624299,693192,359065,334127,597799,307627,290172
C3713,33,0,State - TAMIL NADU (33),11,1217158,629072,588086,648632,336677,311955,568526,292395,276131
C3713,33,0,State - TAMIL NADU (33),12,1207576,623211,584365,656309,341181,315128,551267,282030,269237
C3713,33,0,State - TAMIL NADU (33),13,1236636,635251,601385,667459,344941,322518,569177,290310,278867
C3713,33,0,State - TAMIL NADU (33),14,1225186,634764,590422,659568,344302,315266,565618,290462,275156
C3713,33,0,State - TAMIL NADU (33),15,1279794,664183,615611,695349,364062,331287,584445,300121,284324
C3713,33,0,State - TAMIL NADU (33),16,1177774,610930,566844,634943,333404,301539,542831,277526,265305
C3713,33,0,State - TAMIL NADU (33),17,1196680,623711,572969,644866,341577,303289,551814,282134,269680
C3713,33,0,State - TAMIL NADU (33),18,1325332,683260,642072,718852,376212,342640,606480,307048,299432
C3713,33,0,State - TAMIL NADU (33),19,1274212,647754,626458,679088,349978,329110,595124,297776,297348
C3713,33,0,State - TAMIL NADU (33),20,1449406,719304,730102,789443,394974,394469,659963,324330,335633
C3713,33,0,State - TAMIL NADU (33),21,1244160,617853,626307,638181,322134,316047,605979,295719,310260
C3713,33,0,State - TAMIL NADU (33),22,1242885,608972,633913,647484,323048,324436,595401,285924,309477
C3713,33,0,State - TAMIL NADU (33),23,1230114,603747,626367,619296,310637,308659,610818,293110,317708
C3713,33,0,State - TAMIL NADU (33),24,1244978,604928,640050,620830,307977,312853,624148,296951,327197
C3713,33,0,State - TAMIL NADU (33),25,1549069,725651,823418,831588,391913,439675,717481,333738,383743
C3713,33,0,State - TAMIL NADU (33),26,1271750,616761,654989,628275,310409,317866,643475,306352,337123
C3713,33,0,State - TAMIL NADU (33),27,1333993,662270,671723,671802,339484,332318,662191,322786,339405
C3713,33,0,State - TAMIL NADU (33),28,1321466,636844,684622,654364,318648,335716,667102,318196,348906
C3713,33,0,State - TAMIL NADU (33),29,1187468,595848,591620,574469,292044,282425,612999,303804,309195
C3713,33,0,State - TAMIL NADU (33),30,1709209,820748,888461,914728,437701,477027,794481,383047,411434
C3713,33,0,State - TAMIL NADU (33),31,1053219,543290,509929,485451,254073,231378,567768,289217,278551
C3713,33,0,State - TAMIL NADU (33),32,1110370,561252,549118,534206,273234,260972,576164,288018,288146
C3713,33,0,State - TAMIL NADU (33),33,940295,479816,460479,430591,222932,207659,509704,256884,252820
C3713,33,0,State - TAMIL NADU (33),34,1002467,503643,498824,460242,231572,228670,542225,272071,270154
C3713,33,0,State - TAMIL NADU (33),35,1692559,793584,898975,921545,424461,497084,771014,369123,401891
C3713,33,0,State - TAMIL NADU (33),36,1075794,522689,553105,511273,245223,266050,564521,277466,287055
C3713,33,0,State - TAMIL NADU (33),37,1011152,498491,512661,486170,237849,248321,524982,260642,264340
C3713,33,0,State - TAMIL NADU (33),38,1111922,530792,581130,529880,248819,281061,582042,281973,300069
C3713,33,0,State - TAMIL NADU (33),39,945029,469649,475380,445767,219023,226744,499262,250626,248636
C3713,33,0,State - TAMIL NADU (33),40,1742751,834994,907757,973817,459934,513883,768934,375060,393874
C3713,33,0,State - TAMIL NADU (33),41,889932,461677,428255,408106,210593,197513,481826,251084,230742
C3713,33,0,State - TAMIL NADU (33),42,928210,482183,446027,437367,227041,210326,490843,255142,235701
C3713,33,0,State - TAMIL NADU (33),43,740585,381996,358589,327318,168981,158337,413267,213015,200252
C3713,33,0,State - TAMIL NADU (33),44,762731,388996,373735,349219,177506,171713,413512,211490,202022
C3713,33,0,State - TAMIL NADU (33),45,1628037,787942,840095,916909,437864,479045,711128,350078,361050
C3713,33,0,State - TAMIL NADU (33),46,836154,429555,406599,397869,203306,194563,438285,226249,212036
C3713,33,0,State - TAMIL NADU (33),47,748438,390093,358345,352781,184439,168342,395657,205654,190003
C3713,33,0,State - TAMIL NADU (33),48,815532,414078,401454,389258,196083,193175,426274,217995,208279
C3713,33,0,State - TAMIL NADU (33),49,684895,353247,331648,326557,166200,160357,358338,187047,171291
C3713,33,0,State - TAMIL NADU (33),50,1458094,687779,770315,837437,388781,448656,620657,298998,321659
C3713,33,0,State - TAMIL NADU (33),51,624279,330357,293922,293559,153440,140119,330720,176917,153803
C3713,33,0,State - TAMIL NADU (33),52,598151,320908,277243,277169,148275,128894,320982,172633,148349
C3713,33,0,State - TAMIL NADU (33),53,468967,252024,216943,201274,107975,93299,267693,144049,123644
C3713,33,0,State - TAMIL NADU (33),54,553969,284495,269474,253204,127762,125442,300765,156733,144032
C3713,33,0,State - TAMIL NADU (33),55,1177299,542372,634927,670147,302492,367655,507152,239880,267272
C3713,33,0,State - TAMIL NADU (33),56,563175,290232,272943,269899,136700,133199,293276,153532,139744
C3713,33,0,State - TAMIL NADU (33),57,425071,226492,198579,195312,103198,92114,229759,123294,106465
C3713,33,0,State - TAMIL NADU (33),58,479191,247193,231998,220544,110916,109628,258647,136277,122370
C3713,33,0,State - TAMIL NADU (33),59,456406,234635,221771,222608,112046,110562,233798,122589,111209
C3713,33,0,State - TAMIL NADU (33),60,1276389,580996,695393,768314,349315,418999,508075,231681,276394
C3713,33,0,State - TAMIL NADU (33),61,460519,236407,224112,230767,117316,113451,229752,119091,110661
C3713,33,0,State - TAMIL NADU (33),62,387009,208590,178419,184636,99573,85063,202373,109017,93356
C3713,33,0,State - TAMIL NADU (33),63,325537,180540,144997,140929,78833,62096,184608,101707,82901
C3713,33,0,State - TAMIL NADU (33),64,333154,171506,161648,159453,81326,78127,173701,90180,83521
C3713,33,0,State - TAMIL NADU (33),65,877549,390162,487387,530292,238968,291324,347257,151194,196063
C3713,33,0,State - TAMIL NADU (33),66,305354,150464,154890,157710,77987,79723,147644,72477,75167
C3713,33,0,State - TAMIL NADU (33),67,224796,122714,102082,108709,60537,48172,116087,62177,53910
C3713,33,0,State - TAMIL NADU (33),68,226501,115697,110804,107007,53326,53681,119494,62371,57123
C3713,33,0,State - TAMIL NADU (33),69,234170,117375,116795,119206,59880,59326,114964,57495,57469
C3713,33,0,State - TAMIL NADU (33),70,768218,351563,416655,469268,221495,247773,298950,130068,168882
C3713,33,0,State - TAMIL NADU (33),71,231135,117332,113803,118627,60410,58217,112508,56922,55586
C3713,33,0,State - TAMIL NADU (33),72,157869,86980,70889,73702,41195,32507,84167,45785,38382
C3713,33,0,State - TAMIL NADU (33),73,113154,64211,48943,47648,27556,20092,65506,36655,28851
C3713,33,0,State - TAMIL NADU (33),74,136153,73081,63072,61374,33503,27871,74779,39578,35201
C3713,33,0,State - TAMIL NADU (33),75,362178,171521,190657,207031,102099,104932,155147,69422,85725
C3713,33,0,State - TAMIL NADU (33),76,127988,65676,62312,61432,32431,29001,66556,33245,33311
C3713,33,0,State - TAMIL NADU (33),77,70135,39974,30161,29549,17506,12043,40586,22468,18118
C3713,33,0,State - TAMIL NADU (33),78,70898,37623,33275,29942,16188,13754,40956,21435,19521
C3713,33,0,State - TAMIL NADU (33),79,79042,38952,40090,37837,18892,18945,41205,20060,21145
C3713,33,0,State - TAMIL NADU (33),80,270874,116984,153890,158932,72486,86446,111942,44498,67444
C3713,33,0,State - TAMIL NADU (33),81,75734,35566,40168,37415,18264,19151,38319,17302,21017
C3713,33,0,State - TAMIL NADU (33),82,41997,22458,19539,18251,10193,8058,23746,12265,11481
C3713,33,0,State - TAMIL NADU (33),83,31197,17113,14084,12075,7158,4917,19122,9955,9167
C3713,33,0,State - TAMIL NADU (33),84,36937,18691,18246,15439,8379,7060,21498,10312,11186
C3713,33,0,State - TAMIL NADU (33),85,92072,40233,51839,49049,23067,25982,43023,17166,25857
C3713,33,0,State - TAMIL NADU (33),86,34429,16750,17679,15389,8099,7290,19040,8651,10389
C3713,33,0,State - TAMIL NADU (33),87,19768,10852,8916,8168,4914,3254,11600,5938,5662
C3713,33,0,State - TAMIL NADU (33),88,14668,7584,7084,5830,3254,2576,8838,4330,4508
C3713,33,0,State - TAMIL NADU (33),89,16021,7435,8586,7606,3682,3924,8415,3753,4662
C3713,33,0,State - TAMIL NADU (33),90,47437,18909,28528,27201,11597,15604,20236,7312,12924
C3713,33,0,State - TAMIL NADU (33),91,12838,5493,7345,6306,2861,3445,6532,2632,3900
C3713,33,0,State - TAMIL NADU (33),92,5728,2896,2832,2500,1346,1154,3228,1550,1678
C3713,33,0,State - TAMIL NADU (33),93,4259,2164,2095,1734,976,758,2525,1188,1337
C3713,33,0,State - TAMIL NADU (33),94,4423,2085,2338,1964,1012,952,2459,1073,1386
C3713,33,0,State - TAMIL NADU (33),95,9833,3984,5849,5476,2475,3001,4357,1509,2848
C3713,33,0,State - TAMIL NADU (33),96,4187,1909,2278,2037,999,1038,2150,910,1240
C3713,33,0,State - TAMIL NADU (33),97,2457,1170,1287,1169,600,569,1288,570,718
C3713,33,0,State - TAMIL NADU (33),98,2736,1207,1529,1448,689,759,1288,518,770
C3713,33,0,State - TAMIL NADU (33),99,1761,737,1024,970,419,551,791,318,473
C3713,33,0,State - TAMIL NADU (33),100+,12654,5642,7012,6705,2980,3725,5949,2662,3287
C3713,33,0,State - TAMIL NADU (33),Age not stated,66805,34670,32135,35881,18620,17261,30924,16050,14874
C3713,34,0,State - PUDUCHERRY (34),All ages,1247953,612511,635442,395200,194907,200293,852753,417604,435149
C3713,34,0,State - PUDUCHERRY (34),0,17989,9089,8900,6129,3155,2974,11860,5934,5926
C3713,34,0,State - PUDUCHERRY (34),1,20261,10316,9945,6707,3402,3305,13554,6914,6640
C3713,34,0,State - PUDUCHERRY (34),2,18626,9577,9049,6221,3200,3021,12405,6377,6028
C3713,34,0,State - PUDUCHERRY (34),3,18608,9454,9154,6256,3194,3062,12352,6260,6092
C3713,34,0,State - PUDUCHERRY (34),4,18465,9267,9198,6213,3159,3054,12252,6108,6144
C3713,34,0,State - PUDUCHERRY (34),5,19043,9612,9431,6308,3235,3073,12735,6377,6358
C3713,34,0,State - PUDUCHERRY (34),6,19866,10212,9654,6680,3453,3227,13186,6759,6427
C3713,34,0,State - PUDUCHERRY (34),7,20124,10237,9887,6703,3342,3361,13421,6895,6526
C3713,34,0,State - PUDUCHERRY (34),8,19561,9990,9571,6536,3348,3188,13025,6642,6383
C3713,34,0,State - PUDUCHERRY (34),9,20123,10276,9847,6741,3432,3309,13382,6844,6538
C3713,34,0,State - PUDUCHERRY (34),10,22468,11433,11035,7480,3743,3737,14988,7690,7298
C3713,34,0,State - PUDUCHERRY (34),11,21640,11050,10590,7251,3716,3535,14389,7334,7055
C3713,34,0,State - PUDUCHERRY (34),12,20235,10292,9943,6780,3446,3334,13455,6846,6609
C3713,34,0,State - PUDUCHERRY (34),13,20836,10681,10155,7042,3574,3468,13794,7107,6687
C3713,34,0,State - PUDUCHERRY (34),14,20547,10480,10067,6798,3493,3305,13749,6987,6762
C3713,34,0,State - PUDUCHERRY (34),15,20942,10812,10130,6931,3520,3411,14011,7292,6719
C3713,34,0,State - PUDUCHERRY (34),16,19439,9985,9454,6392,3277,3115,13047,6708,6339
C3713,34,0,State - PUDUCHERRY (34),17,19528,10113,9415,6379,3343,3036,13149,6770,6379
C3713,34,0,State - PUDUCHERRY (34),18,21267,10731,10536,7177,3623,3554,14090,7108,6982
C3713,34,0,State - PUDUCHERRY (34),19,21140,10590,10550,7140,3631,3509,14000,6959,7041
C3713,34,0,State - PUDUCHERRY (34),20,23050,11220,11830,7872,3822,4050,15178,7398,7780
C3713,34,0,State - PUDUCHERRY (34),21,21610,10320,11290,7211,3483,3728,14399,6837,7562
C3713,34,0,State - PUDUCHERRY (34),22,21386,10024,11362,7091,3303,3788,14295,6721,7574
C3713,34,0,State - PUDUCHERRY (34),23,21488,9933,11555,7074,3289,3785,14414,6644,7770
C3713,34,0,State - PUDUCHERRY (34),24,21285,9790,11495,7024,3258,3766,14261,6532,7729
C3713,34,0,State - PUDUCHERRY (34),25,24186,10860,13326,8136,3679,4457,16050,7181,8869
C3713,34,0,State - PUDUCHERRY (34),26,23571,10843,12728,7966,3710,4256,15605,7133,8472
C3713,34,0,State - PUDUCHERRY (34),27,23845,11233,12612,7822,3793,4029,16023,7440,8583
C3713,34,0,State - PUDUCHERRY (34),28,24151,11377,12774,7784,3796,3988,16367,7581,8786
C3713,34,0,State - PUDUCHERRY (34),29,22491,10739,11752,7132,3464,3668,15359,7275,8084
C3713,34,0,State - PUDUCHERRY (34),30,27035,12657,14378,8578,4109,4469,18457,8548,9909
C3713,34,0,State - PUDUCHERRY (34),31,22053,10753,11300,6822,3356,3466,15231,7397,7834
C3713,34,0,State - PUDUCHERRY (34),32,21137,10108,11029,6383,3093,3290,14754,7015,7739
C3713,34,0,State - PUDUCHERRY (34),33,20159,10008,10151,6105,3112,2993,14054,6896,7158
C3713,34,0,State - PUDUCHERRY (34),34,20686,10235,10451,6226,3198,3028,14460,7037,7423
C3713,34,0,State - PUDUCHERRY (34),35,26248,12524,13724,8677,4032,4645,17571,8492,9079
C3713,34,0,State - PUDUCHERRY (34),36,21257,10383,10874,6532,3243,3289,14725,7140,7585
C3713,34,0,State - PUDUCHERRY (34),37,19773,9793,9980,5962,2932,3030,13811,6861,6950
C3713,34,0,State - PUDUCHERRY (34),38,21845,10646,11199,6443,3213,3230,15402,7433,7969
C3713,34,0,State - PUDUCHERRY (34),39,18336,9309,9027,5332,2770,2562,13004,6539,6465
C3713,34,0,State - PUDUCHERRY (34),40,24041,11587,12454,7941,3741,4200,16100,7846,8254
C3713,34,0,State - PUDUCHERRY (34),41,17985,9320,8665,5198,2733,2465,12787,6587,6200
C3713,34,0,State - PUDUCHERRY (34),42,17429,8834,8595,4906,2446,2460,12523,6388,6135
C3713,34,0,State - PUDUCHERRY (34),43,15289,7851,7438,4101,2144,1957,11188,5707,5481
C3713,34,0,State - PUDUCHERRY (34),44,15035,7890,7145,4071,2298,1773,10964,5592,5372
C3713,34,0,State - PUDUCHERRY (34),45,22171,10566,11605,7436,3380,4056,14735,7186,7549
C3713,34,0,State - PUDUCHERRY (34),46,15790,8120,7670,4654,2404,2250,11136,5716,5420
C3713,34,0,State - PUDUCHERRY (34),47,14128,7468,6660,3997,2201,1796,10131,5267,4864
C3713,34,0,State - PUDUCHERRY (34),48,15203,7956,7247,4298,2331,1967,10905,5625,5280
C3713,34,0,State - PUDUCHERRY (34),49,12013,6515,5498,3443,1902,1541,8570,4613,3957
C3713,34,0,State - PUDUCHERRY (34),50,18945,8784,10161,6394,2824,3570,12551,5960,6591
C3713,34,0,State - PUDUCHERRY (34),51,11995,6372,5623,3370,1826,1544,8625,4546,4079
C3713,34,0,State - PUDUCHERRY (34),52,10663,5596,5067,2805,1516,1289,7858,4080,3778
C3713,34,0,State - PUDUCHERRY (34),53,9644,5074,4570,2383,1343,1040,7261,3731,3530
C3713,34,0,State - PUDUCHERRY (34),54,9676,5032,4644,2510,1305,1205,7166,3727,3439
C3713,34,0,State - PUDUCHERRY (34),55,15776,6926,8850,5531,2325,3206,10245,4601,5644
C3713,34,0,State - PUDUCHERRY (34),56,10009,5002,5007,3018,1488,1530,6991,3514,3477
C3713,34,0,State - PUDUCHERRY (34),57,7933,4166,3767,2019,1067,952,5914,3099,2815
C3713,34,0,State - PUDUCHERRY (34),58,9198,4731,4467,2309,1218,1091,6889,3513,3376
C3713,34,0,State - PUDUCHERRY (34),59,7193,3790,3403,1834,984,850,5359,2806,2553
C3713,34,0,State - PUDUCHERRY (34),60,16356,6736,9620,5941,2347,3594,10415,4389,6026
C3713,34,0,State - PUDUCHERRY (34),61,8286,4023,4263,2512,1190,1322,5774,2833,2941
C3713,34,0,State - PUDUCHERRY (34),62,7082,3464,3618,1785,903,882,5297,2561,2736
C3713,34,0,State - PUDUCHERRY (34),63,6463,3384,3079,1512,837,675,4951,2547,2404
C3713,34,0,State - PUDUCHERRY (34),64,5641,2891,2750,1411,748,663,4230,2143,2087
C3713,34,0,State - PUDUCHERRY (34),65,11384,4299,7085,4184,1592,2592,7200,2707,4493
C3713,34,0,State - PUDUCHERRY (34),66,5150,2287,2863,1639,722,917,3511,1565,1946
C3713,34,0,State - PUDUCHERRY (34),67,3883,1886,1997,971,465,506,2912,1421,1491
C3713,34,0,State - PUDUCHERRY (34),68,4215,2051,2164,1069,540,529,3146,1511,1635
C3713,34,0,State - PUDUCHERRY (34),69,3351,1631,1720,870,432,438,2481,1199,1282
C3713,34,0,State - PUDUCHERRY (34),70,10381,3944,6437,3788,1497,2291,6593,2447,4146
C3713,34,0,State - PUDUCHERRY (34),71,4184,1897,2287,1356,587,769,2828,1310,1518
C3713,34,0,State - PUDUCHERRY (34),72,3118,1569,1549,719,390,329,2399,1179,1220
C3713,34,0,State - PUDUCHERRY (34),73,2432,1279,1153,547,325,222,1885,954,931
C3713,34,0,State - PUDUCHERRY (34),74,2406,1172,1234,583,305,278,1823,867,956
C3713,34,0,State - PUDUCHERRY (34),75,5850,2303,3547,1888,804,1084,3962,1499,2463
C3713,34,0,State - PUDUCHERRY (34),76,2610,1113,1497,759,310,449,1851,803,1048
C3713,34,0,State - PUDUCHERRY (34),77,1539,750,789,341,187,154,1198,563,635
C3713,34,0,State - PUDUCHERRY (34),78,1588,759,829,335,166,169,1253,593,660
C3713,34,0,State - PUDUCHERRY (34),79,1202,569,633,281,138,143,921,431,490
C3713,34,0,State - PUDUCHERRY (34),80,4094,1425,2669,1422,546,876,2672,879,1793
C3713,34,0,State - PUDUCHERRY (34),81,1524,629,895,501,214,287,1023,415,608
C3713,34,0,State - PUDUCHERRY (34),82,915,434,481,184,96,88,731,338,393
C3713,34,0,State - PUDUCHERRY (34),83,750,367,383,143,81,62,607,286,321
C3713,34,0,State - PUDUCHERRY (34),84,655,296,359,143,72,71,512,224,288
C3713,34,0,State - PUDUCHERRY (34),85,1575,574,1001,468,198,270,1107,376,731
C3713,34,0,State - PUDUCHERRY (34),86,739,316,423,203,108,95,536,208,328
C3713,34,0,State - PUDUCHERRY (34),87,447,223,224,91,62,29,356,161,195
C3713,34,0,State - PUDUCHERRY (34),88,352,168,184,77,45,32,275,123,152
C3713,34,0,State - PUDUCHERRY (34),89,270,135,135,63,32,31,207,103,104
C3713,34,0,State - PUDUCHERRY (34),90,709,265,444,250,99,151,459,166,293
C3713,34,0,State - PUDUCHERRY (34),91,267,117,150,105,48,57,162,69,93
C3713,34,0,State - PUDUCHERRY (34),92,172,89,83,48,27,21,124,62,62
C3713,34,0,State - PUDUCHERRY (34),93,129,53,76,29,15,14,100,38,62
C3713,34,0,State - PUDUCHERRY (34),94,108,53,55,34,17,17,74,36,38
C3713,34,0,State - PUDUCHERRY (34),95,191,73,118,57,23,34,134,50,84
C3713,34,0,State - PUDUCHERRY (34),96,96,47,49,26,10,16,70,37,33
C3713,34,0,State - PUDUCHERRY (34),97,66,33,33,19,6,13,47,27,20
C3713,34,0,State - PUDUCHERRY (34),98,59,30,29,13,8,5,46,22,24
C3713,34,0,State - PUDUCHERRY (34),99,25,10,15,7,3,4,18,7,11
C3713,34,0,State - PUDUCHERRY (34),100+,172,75,97,74,37,37,98,38,60
C3713,34,0,State - PUDUCHERRY (34),Age not stated,1101,560,541,498,258,240,603,302,301
C3713,35,0,State - ANDAMAN & NICOBAR ISLANDS (35),All ages,380581,202871,177710,237093,126287,110806,143488,76584,66904
C3713,35,0,State - ANDAMAN & NICOBAR ISLANDS (35),0,5378,2727,2651,3575,1818,1757,1803,909,894
C3713,35,0,State - ANDAMAN & NICOBAR ISLANDS (35),1,5997,3071,2926,3837,1945,1892,2160,1126,1034
C3713,35,0,State - ANDAMAN & NICOBAR ISLANDS (35),2,5834,2939,2895,3798,1900,1898,2036,1039,997
C3713,35,0,State - ANDAMAN & NICOBAR ISLANDS (35),3,5760,2938,2822,3743,1912,1831,2017,1026,991
C3713,35,0,State - ANDAMAN & NICOBAR ISLANDS (35),4,5785,2966,2819,3722,1894,1828,2063,1072,991
C3713,35,0,State - ANDAMAN & NICOBAR ISLANDS (35),5,5967,2989,2978,3788,1899,1889,2179,1090,1089
C3713,35,0,State - ANDAMAN & NICOBAR ISLANDS (35),6,6157,3140,3017,3952,2002,1950,2205,1138,1067
C3713,35,0,State - ANDAMAN & NICOBAR ISLANDS (35),7,6218,3208,3010,3919,2061,1858,2299,1147,1152
C3713,35,0,State - ANDAMAN & NICOBAR ISLANDS (35),8,5940,3072,2868,3723,1938,1785,2217,1134,1083
C3713,35,0,State - ANDAMAN & NICOBAR ISLANDS (35),9,6172,3103,3069,3883,1949,1934,2289,1154,1135
C3713,35,0,State - ANDAMAN & NICOBAR ISLANDS (35),10,7051,3608,3443,4436,2271,2165,2615,1337,1278
C3713,35,0,State - ANDAMAN & NICOBAR ISLANDS (35),11,6929,3506,3423,4374,2164,2210,2555,1342,1213
C3713,35,0,State - ANDAMAN & NICOBAR ISLANDS (35),12,6474,3261,3213,4096,2034,2062,2378,1227,1151
C3713,35,0,State - ANDAMAN & NICOBAR ISLANDS (35),13,6497,3367,3130,4171,2115,2056,2326,1252,1074
C3713,35,0,State - ANDAMAN & NICOBAR ISLANDS (35),14,6516,3376,3140,4149,2147,2002,2367,1229,1138
C3713,35,0,State - ANDAMAN & NICOBAR ISLANDS (35),15,6728,3480,3248,4169,2176,1993,2559,1304,1255
C3713,35,0,State - ANDAMAN & NICOBAR ISLANDS (35),16,6499,3397,3102,4010,2105,1905,2489,1292,1197
C3713,35,0,State - ANDAMAN & NICOBAR ISLANDS (35),17,6407,3400,3007,3929,2074,1855,2478,1326,1152
C3713,35,0,State - ANDAMAN & NICOBAR ISLANDS (35),18,6870,3587,3283,4282,2228,2054,2588,1359,1229
C3713,35,0,State - ANDAMAN & NICOBAR ISLANDS (35),19,6522,3402,3120,3979,2061,1918,2543,1341,1202
C3713,35,0,State - ANDAMAN & NICOBAR ISLANDS (35),20,7312,3827,3485,4422,2266,2156,2890,1561,1329
C3713,35,0,State - ANDAMAN & NICOBAR ISLANDS (35),21,6799,3545,3254,4121,2083,2038,2678,1462,1216
C3713,35,0,State - ANDAMAN & NICOBAR ISLANDS (35),22,7639,4061,3578,4609,2385,2224,3030,1676,1354
C3713,35,0,State - ANDAMAN & NICOBAR ISLANDS (35),23,7482,3977,3505,4573,2387,2186,2909,1590,1319
C3713,35,0,State - ANDAMAN & NICOBAR ISLANDS (35),24,7883,4118,3765,4815,2533,2282,3068,1585,1483
C3713,35,0,State - ANDAMAN & NICOBAR ISLANDS (35),25,8892,4678,4214,5427,2867,2560,3465,1811,1654
C3713,35,0,State - ANDAMAN & NICOBAR ISLANDS (35),26,8706,4650,4056,5334,2890,2444,3372,1760,1612
C3713,35,0,State - ANDAMAN & NICOBAR ISLANDS (35),27,8146,4399,3747,5063,2723,2340,3083,1676,1407
C3713,35,0,State - ANDAMAN & NICOBAR ISLANDS (35),28,8699,4595,4104,5279,2761,2518,3420,1834,1586
C3713,35,0,State - ANDAMAN & NICOBAR ISLANDS (35),29,7279,3908,3371,4455,2434,2021,2824,1474,1350
C3713,35,0,State - ANDAMAN & NICOBAR ISLANDS (35),30,9407,4943,4464,5796,3027,2769,3611,1916,1695
C3713,35,0,State - ANDAMAN & NICOBAR ISLANDS (35),31,6774,3746,3028,4099,2294,1805,2675,1452,1223
C3713,35,0,State - ANDAMAN & NICOBAR ISLANDS (35),32,7172,3933,3239,4366,2438,1928,2806,1495,1311
C3713,35,0,State - ANDAMAN & NICOBAR ISLANDS (35),33,5943,3216,2727,3596,1986,1610,2347,1230,1117
C3713,35,0,State - ANDAMAN & NICOBAR ISLANDS (35),34,6427,3521,2906,3954,2200,1754,2473,1321,1152
C3713,35,0,State - ANDAMAN & NICOBAR ISLANDS (35),35,8644,4463,4181,5330,2719,2611,3314,1744,1570
C3713,35,0,State - ANDAMAN & NICOBAR ISLANDS (35),36,6527,3448,3079,3888,2088,1800,2639,1360,1279
C3713,35,0,State - ANDAMAN & NICOBAR ISLANDS (35),37,5701,3044,2657,3357,1852,1505,2344,1192,1152
C3713,35,0,State - ANDAMAN & NICOBAR ISLANDS (35),38,6562,3363,3199,3947,2008,1939,2615,1355,1260
C3713,35,0,State - ANDAMAN & NICOBAR ISLANDS (35),39,5408,2852,2556,3280,1757,1523,2128,1095,1033
C3713,35,0,State - ANDAMAN & NICOBAR ISLANDS (35),40,7959,4260,3699,4847,2620,2227,3112,1640,1472
C3713,35,0,State - ANDAMAN & NICOBAR ISLANDS (35),41,5063,2866,2197,2941,1689,1252,2122,1177,945
C3713,35,0,State - ANDAMAN & NICOBAR ISLANDS (35),42,5401,3055,2346,3234,1822,1412,2167,1233,934
C3713,35,0,State - ANDAMAN & NICOBAR ISLANDS (35),43,4053,2219,1834,2412,1317,1095,1641,902,739
C3713,35,0,State - ANDAMAN & NICOBAR ISLANDS (35),44,4259,2413,1846,2525,1473,1052,1734,940,794
C3713,35,0,State - ANDAMAN & NICOBAR ISLANDS (35),45,7372,3945,3427,4547,2424,2123,2825,1521,1304
C3713,35,0,State - ANDAMAN & NICOBAR ISLANDS (35),46,4553,2546,2007,2675,1490,1185,1878,1056,822
C3713,35,0,State - ANDAMAN & NICOBAR ISLANDS (35),47,3717,2155,1562,2191,1274,917,1526,881,645
C3713,35,0,State - ANDAMAN & NICOBAR ISLANDS (35),48,4746,2649,2097,2901,1609,1292,1845,1040,805
C3713,35,0,State - ANDAMAN & NICOBAR ISLANDS (35),49,3473,1975,1498,2118,1194,924,1355,781,574
C3713,35,0,State - ANDAMAN & NICOBAR ISLANDS (35),50,5824,3053,2771,3663,1911,1752,2161,1142,1019
C3713,35,0,State - ANDAMAN & NICOBAR ISLANDS (35),51,3192,1845,1347,1884,1103,781,1308,742,566
C3713,35,0,State - ANDAMAN & NICOBAR ISLANDS (35),52,3146,1837,1309,1967,1164,803,1179,673,506
C3713,35,0,State - ANDAMAN & NICOBAR ISLANDS (35),53,2453,1393,1060,1471,831,640,982,562,420
C3713,35,0,State - ANDAMAN & NICOBAR ISLANDS (35),54,2681,1582,1099,1690,978,712,991,604,387
C3713,35,0,State - ANDAMAN & NICOBAR ISLANDS (35),55,4408,2264,2144,2810,1411,1399,1598,853,745
C3713,35,0,State - ANDAMAN & NICOBAR ISLANDS (35),56,2744,1602,1142,1676,972,704,1068,630,438
C3713,35,0,State - ANDAMAN & NICOBAR ISLANDS (35),57,1981,1191,790,1211,727,484,770,464,306
C3713,35,0,State - ANDAMAN & NICOBAR ISLANDS (35),58,2615,1544,1071,1665,981,684,950,563,387
C3713,35,0,State - ANDAMAN & NICOBAR ISLANDS (35),59,2046,1269,777,1300,798,502,746,471,275
C3713,35,0,State - ANDAMAN & NICOBAR ISLANDS (35),60,3954,2041,1913,2749,1395,1354,1205,646,559
C3713,35,0,State - ANDAMAN & NICOBAR ISLANDS (35),61,1864,1078,786,1224,683,541,640,395,245
C3713,35,0,State - ANDAMAN & NICOBAR ISLANDS (35),62,1876,1095,781,1300,745,555,576,350,226
C3713,35,0,State - ANDAMAN & NICOBAR ISLANDS (35),63,1428,867,561,955,581,374,473,286,187
C3713,35,0,State - ANDAMAN & NICOBAR ISLANDS (35),64,1254,726,528,874,495,379,380,231,149
C3713,35,0,State - ANDAMAN & NICOBAR ISLANDS (35),65,2618,1315,1303,1924,984,940,694,331,363
C3713,35,0,State - ANDAMAN & NICOBAR ISLANDS (35),66,1098,633,465,775,451,324,323,182,141
C3713,35,0,State - ANDAMAN & NICOBAR ISLANDS (35),67,795,475,320,567,336,231,228,139,89
C3713,35,0,State - ANDAMAN & NICOBAR ISLANDS (35),68,956,546,410,660,377,283,296,169,127
C3713,35,0,State - ANDAMAN & NICOBAR ISLANDS (35),69,759,461,298,543,329,214,216,132,84
C3713,35,0,State - ANDAMAN & NICOBAR ISLANDS (35),70,1939,1063,876,1395,766,629,544,297,247
C3713,35,0,State - ANDAMAN & NICOBAR ISLANDS (35),71,691,407,284,486,280,206,205,127,78
C3713,35,0,State - ANDAMAN & NICOBAR ISLANDS (35),72,613,373,240,426,257,169,187,116,71
C3713,35,0,State - ANDAMAN & NICOBAR ISLANDS (35),73,400,250,150,267,165,102,133,85,48
C3713,35,0,State - ANDAMAN & NICOBAR ISLANDS (35),74,455,285,170,331,219,112,124,66,58
C3713,35,0,State - ANDAMAN & NICOBAR ISLANDS (35),75,1001,542,459,730,405,325,271,137,134
C3713,35,0,State - ANDAMAN & NICOBAR ISLANDS (35),76,393,225,168,261,150,111,132,75,57
C3713,35,0,State - ANDAMAN & NICOBAR ISLANDS (35),77,280,171,109,201,127,74,79,44,35
C3713,35,0,State - ANDAMAN & NICOBAR ISLANDS (35),78,320,193,127,226,144,82,94,49,45
C3713,35,0,State - ANDAMAN & NICOBAR ISLANDS (35),79,257,164,93,188,126,62,69,38,31
C3713,35,0,State - ANDAMAN & NICOBAR ISLANDS (35),80,716,352,364,549,279,270,167,73,94
C3713,35,0,State - ANDAMAN & NICOBAR ISLANDS (35),81,261,142,119,198,109,89,63,33,30
C3713,35,0,State - ANDAMAN & NICOBAR ISLANDS (35),82,148,89,59,102,67,35,46,22,24
C3713,35,0,State - ANDAMAN & NICOBAR ISLANDS (35),83,95,57,38,61,40,21,34,17,17
C3713,35,0,State - ANDAMAN & NICOBAR ISLANDS (35),84,116,71,45,91,55,36,25,16,9
C3713,35,0,State - ANDAMAN & NICOBAR ISLANDS (35),85,271,139,132,209,112,97,62,27,35
C3713,35,0,State - ANDAMAN & NICOBAR ISLANDS (35),86,132,71,61,95,55,40,37,16,21
C3713,35,0,State - ANDAMAN & NICOBAR ISLANDS (35),87,53,24,29,34,16,18,19,8,11
C3713,35,0,State - ANDAMAN & NICOBAR ISLANDS (35),88,62,32,30,47,29,18,15,3,12
C3713,35,0,State - ANDAMAN & NICOBAR ISLANDS (35),89,69,39,30,54,32,22,15,7,8
C3713,35,0,State - ANDAMAN & NICOBAR ISLANDS (35),90,116,58,58,92,44,48,24,14,10
C3713,35,0,State - ANDAMAN & NICOBAR ISLANDS (35),91,61,29,32,46,25,21,15,4,11
C3713,35,0,State - ANDAMAN & NICOBAR ISLANDS (35),92,42,17,25,32,11,21,10,6,4
C3713,35,0,State - ANDAMAN & NICOBAR ISLANDS (35),93,34,21,13,24,17,7,10,4,6
C3713,35,0,State - ANDAMAN & NICOBAR ISLANDS (35),94,37,20,17,27,15,12,10,5,5
C3713,35,0,State - ANDAMAN & NICOBAR ISLANDS (35),95,50,23,27,38,17,21,12,6,6
C3713,35,0,State - ANDAMAN & NICOBAR ISLANDS (35),96,35,14,21,27,10,17,8,4,4
C3713,35,0,State - ANDAMAN & NICOBAR ISLANDS (35),97,28,16,12,22,14,8,6,2,4
C3713,35,0,State - ANDAMAN & NICOBAR ISLANDS (35),98,29,17,12,21,12,9,8,5,3
C3713,35,0,State - ANDAMAN & NICOBAR ISLANDS (35),99,16,6,10,13,5,8,3,1,2
C3713,35,0,State - ANDAMAN & NICOBAR ISLANDS (35),100+,102,42,60,75,28,47,27,14,13
C3713,35,0,State - ANDAMAN & NICOBAR ISLANDS (35),Age not stated,368,195,173,180,101,79,188,94,94
