Table Name,State Code,District Code,Tehsil Code,Area Name,Age,Total - Persons,Total - Males,Total - Females,Rural - Persons,Rural - Males,Rural - Females,Urban - Persons,Urban - Males,Urban - Females
C3713,0,0,0,INDIA,All ages,1028610328,532156772,496453556,742490639,381602674,360887965,286119689,150554098,135565591
C3713,0,0,0,INDIA,0,16561349,8648208,7913141,12884538,6711420,6173118,3676811,1936788,1740023
C3713,0,0,0,INDIA,1,19647573,10246425,9401148,14925518,7755233,7170285,4722055,2491192,2230863
C3713,0,0,0,INDIA,2,24168984,12486394,11682590,18734931,9637881,9097050,5434053,2848513,2585540
C3713,0,0,0,INDIA,3,25443946,12937405,12506541,19580602,9922445,9658157,5863344,3014960,2848384
C3713,0,0,0,INDIA,4,24625312,12801180,11824132,18982821,9830219,9152602,5642491,2970961,2671530
C3713,0,0,0,INDIA,5,26959509,14216386,12743123,20769519,10922483,9847036,6189990,3293903,2896087
C3713,0,0,0,INDIA,6,26412941,13663205,12749736,20592568,10627967,9964601,5820373,3035238,2785135
C3713,0,0,0,INDIA,7,23045028,11910330,11134698,17360501,8950259,8410242,5684527,2960071,2724456
C3713,0,0,0,INDIA,8,31031074,16174274,14856800,23981724,12475322,11506402,7049350,3698952,3350398
C3713,0,0,0,INDIA,9,20868238,10770638,10097600,15751933,8118667,7633266,5116305,2651971,2464334
C3713,0,0,0,INDIA,10,33855378,17941703,15913675,25813075,13661419,12151656,8042303,4280284,3762019
C3713,0,0,0,INDIA,11,18078949,9505257,8573692,13013528,6844903,6168625,5065421,2660354,2405067
C3713,0,0,0,INDIA,12,30427429,16153819,14273610,22868526,12137327,10731199,7558903,4016492,3542411
C3713,0,0,0,INDIA,13,19897051,10219364,9677687,14310749,7374738,6936011,5586302,2844626,2741676
C3713,0,0,0,INDIA,14,22588051,11812734,10775317,16376444,8584358,7792086,6211607,3228376,2983231
C3713,0,0,0,INDIA,15,22521059,12225932,10295127,16322708,8920230,7402478,6198351,3305702,2892649
C3713,0,0,0,INDIA,16,21777810,11572289,10205521,15480193,8277681,7202512,6297617,3294608,3003009
C3713,0,0,0,INDIA,17,14898862,8033721,6865141,9889295,5342038,4547257,5009567,2691683,2317884
C3713,0,0,0,INDIA,18,27686902,15166111,12520791,19632050,10731079,8900971,8054852,4435032,3619820
C3713,0,0,0,INDIA,19,13331257,6941938,6389319,8737577,4477390,4260187,4593680,2464548,2129132
C3713,0,0,0,INDIA,20,28367204,14595850,13771354,20065489,10236624,9828865,8301715,4359226,3942489
C3713,0,0,0,INDIA,21,12110022,6548123,5561899,7809759,4154299,3655460,4300263,2393824,1906439
C3713,0,0,0,INDIA,22,21428918,11404995,10023923,14810704,7816953,6993751,6618214,3588042,3030172
C3713,0,0,0,INDIA,23,13465533,6562775,6902758,9069399,4247159,4822240,4396134,2315616,2080518
C3713,0,0,0,INDIA,24,14392455,7209407,7183048,9643553,4672447,4971106,4748902,2536960,2211942
C3713,0,0,0,INDIA,25,28917266,14934412,13982854,20579681,10733195,9846486,8337585,4201217,4136368
C3713,0,0,0,INDIA,26,14816846,7474319,7342527,10042974,4975142,5067832,4773872,2499177,2274695
C3713,0,0,0,INDIA,27,10990931,5640459,5350472,7205197,3628535,3576662,3785734,2011924,1773810
C3713,0,0,0,INDIA,28,21781213,10112839,11668374,15441434,6951200,8490234,6339779,3161639,3178140
C3713,0,0,0,INDIA,29,6916137,3395517,3520620,4415854,2089101,2326753,2500283,1306416,1193867
C3713,0,0,0,INDIA,30,34634209,18093460,16540749,24575420,12896797,11678623,10058789,5196663,4862126
C3713,0,0,0,INDIA,31,5739449,2977527,2761922,3743765,1869866,1873899,1995684,1107661,888023
C3713,0,0,0,INDIA,32,17482474,8837855,8644619,12157220,6038811,6118409,5325254,2799044,2526210
C3713,0,0,0,INDIA,33,8610078,3791820,4818258,6016761,2494896,3521865,2593317,1296924,1296393
C3713,0,0,0,INDIA,34,7807834,3661254,4146580,5335713,2388409,2947304,2472121,1272845,1199276
C3713,0,0,0,INDIA,35,32175754,17754473,14421281,22570044,12634603,9935441,9605710,5119870,4485840
C3713,0,0,0,INDIA,36,10948347,5459654,5488693,7548480,3736488,3811992,3399867,1723166,1676701
C3713,0,0,0,INDIA,37,6584873,3268803,3316070,4369963,2124994,2244969,2214910,1143809,1071101
C3713,0,0,0,INDIA,38,15905963,7126262,8779701,11239034,4855853,6383181,4666929,2270409,2396520
C3713,0,0,0,INDIA,39,4959148,2429535,2529613,3231023,1529686,1701337,1728125,899849,828276
C3713,0,0,0,INDIA,40,30733879,17299610,13434269,21625954,12227829,9398125,9107925,5071781,4036144
C3713,0,0,0,INDIA,41,4002930,2184688,1818242,2666033,1419492,1246541,1336897,765196,571701
C3713,0,0,0,INDIA,42,11168253,5922453,5245800,7618870,3949912,3668958,3549383,1972541,1576842
C3713,0,0,0,INDIA,43,5432438,2346733,3085705,3729003,1483009,2245994,1703435,863724,839711
C3713,0,0,0,INDIA,44,4400797,2125231,2275566,2925311,1340197,1585114,1475486,785034,690452
C3713,0,0,0,INDIA,45,24710862,13759010,10951852,17408569,9745602,7662967,7302293,4013408,3288885
C3713,0,0,0,INDIA,46,5659548,2885114,2774434,3862756,1923083,1939673,1796792,962031,834761
C3713,0,0,0,INDIA,47,4146735,2110068,2036667,2707723,1324346,1383377,1439012,785722,653290
C3713,0,0,0,INDIA,48,9899369,4570723,5328646,7037630,3079901,3957729,2861739,1490822,1370917
C3713,0,0,0,INDIA,49,2992462,1542971,1449491,1938324,950741,987583,1054138,592230,461908
C3713,0,0,0,INDIA,50,21540415,11929738,9610677,15598975,8702968,6896007,5941440,3226770,2714670
C3713,0,0,0,INDIA,51,2757432,1582201,1175231,1831297,1015978,815319,926135,566223,359912
C3713,0,0,0,INDIA,52,6225881,3389644,2836237,4273347,2260397,2012950,1952534,1129247,823287
C3713,0,0,0,INDIA,53,3164651,1487972,1676679,2154312,922449,1231863,1010339,565523,444816
C3713,0,0,0,INDIA,54,2899180,1462053,1437127,1919667,910899,1008768,979513,551154,428359
C3713,0,0,0,INDIA,55,14963273,7531157,7432116,11004591,5573426,5431165,3958682,1957731,2000951
C3713,0,0,0,INDIA,56,3518257,1809330,1708927,2475221,1230968,1244253,1043036,578362,464674
C3713,0,0,0,INDIA,57,2177975,1110799,1067176,1471252,704601,766651,706723,406198,300525
C3713,0,0,0,INDIA,58,5355016,2267315,3087701,3937196,1536188,2401008,1417820,731127,686693
C3713,0,0,0,INDIA,59,1638826,864421,774405,1082809,527571,555238,556017,336850,219167
C3713,0,0,0,INDIA,60,18141973,9029205,9112768,13846126,6995426,6850700,4295847,2033779,2262068
C3713,0,0,0,INDIA,61,1733310,918063,815247,1247730,635435,612295,485580,282628,202952
C3713,0,0,0,INDIA,62,4064010,2013153,2050857,3017149,1454487,1562662,1046861,558666,488195
C3713,0,0,0,INDIA,63,2032394,866527,1165867,1468453,564552,903901,563941,301975,261966
C3713,0,0,0,INDIA,64,1545092,759399,785693,1072511,496826,575685,472581,262573,210008
C3713,0,0,0,INDIA,65,12943767,6240628,6703139,9835671,4818520,5017151,3108096,1422108,1685988
C3713,0,0,0,INDIA,66,1842746,931608,911138,1337314,664235,673079,505432,267373,238059
C3713,0,0,0,INDIA,67,1389037,716620,672417,964842,482998,481844,424195,233622,190573
C3713,0,0,0,INDIA,68,2751020,1149161,1601859,2065606,816876,1248730,685414,332285,353129
C3713,0,0,0,INDIA,69,880385,434086,446299,613323,288077,325246,267062,146009,121053
C3713,0,0,0,INDIA,70,10683125,5413125,5270000,8269937,4282512,3987425,2413188,1130613,1282575
C3713,0,0,0,INDIA,71,813785,448784,365001,589365,316423,272942,224420,132361,92059
C3713,0,0,0,INDIA,72,1851177,968120,883057,1346646,697355,649291,504531,270765,233766
C3713,0,0,0,INDIA,73,744499,367050,377449,514261,238235,276026,230238,128815,101423
C3713,0,0,0,INDIA,74,616058,330609,285449,409267,212467,196800,206791,118142,88649
C3713,0,0,0,INDIA,75,4395972,2176473,2219499,3331987,1682992,1648995,1063985,493481,570504
C3713,0,0,0,INDIA,76,717945,380193,337752,500093,260567,239526,217852,119626,98226
C3713,0,0,0,INDIA,77,369926,201104,168822,246780,130011,116769,123146,71093,52053
C3713,0,0,0,INDIA,78,801367,367422,433945,573623,250681,322942,227744,116741,111003
C3713,0,0,0,INDIA,79,266015,138017,127998,177657,87870,89787,88358,50147,38211
C3713,0,0,0,INDIA,80,3484205,1690327,1793878,2693434,1341946,1351488,790771,348381,442390
C3713,0,0,0,INDIA,81,260732,143661,117071,189022,101694,87328,71710,41967,29743
C3713,0,0,0,INDIA,82,456114,235839,220275,325070,167454,157616,131044,68385,62659
C3713,0,0,0,INDIA,83,191874,95901,95973,128922,61879,67043,62952,34022,28930
C3713,0,0,0,INDIA,84,173009,92223,80786,111500,58758,52742,61509,33465,28044
C3713,0,0,0,INDIA,85,1127207,541946,585261,837589,416389,421200,289618,125557,164061
C3713,0,0,0,INDIA,86,173485,91441,82044,117571,62258,55313,55914,29183,26731
C3713,0,0,0,INDIA,87,119867,62886,56981,78742,41273,37469,41125,21613,19512
C3713,0,0,0,INDIA,88,167513,78875,88638,119685,55097,64588,47828,23778,24050
C3713,0,0,0,INDIA,89,73487,35750,37737,50060,23791,26269,23427,11959,11468
C3713,0,0,0,INDIA,90,806412,374483,431929,620879,298225,322654,185533,76258,109275
C3713,0,0,0,INDIA,91,68585,35799,32786,48444,24985,23459,20141,10814,9327
C3713,0,0,0,INDIA,92,120898,60765,60133,86453,43450,43003,34445,17315,17130
C3713,0,0,0,INDIA,93,56603,27271,29332,39076,18341,20735,17527,8930,8597
C3713,0,0,0,INDIA,94,49209,24778,24431,34310,17096,17214,14899,7682,7217
C3713,0,0,0,INDIA,95,295868,142394,153474,224874,111548,113326,70994,30846,40148
C3713,0,0,0,INDIA,96,65322,33120,32202,47033,23934,23099,18289,9186,9103
C3713,0,0,0,INDIA,97,42135,21566,20569,29326,14934,14392,12809,6632,6177
C3713,0,0,0,INDIA,98,102439,48749,53690,76516,36204,40312,25923,12545,13378
C3713,0,0,0,INDIA,99,64282,31067,33215,47749,23091,24658,16533,7976,8557
C3713,0,0,0,INDIA,100+,139472,50139,89333,110118,40713,69405,29354,9426,19928
C3713,0,0,0,INDIA,Age not stated,2738472,1500562,1237910,1896818,1035395,861423,841654,465167,376487
C3713,1,0,0,State - JAMMU & KASHMIR  01,All ages,10143700,5360926,4782774,7627062,3977652,3649410,2516638,1383274,1133364
C3713,1,0,0,State - JAMMU & KASHMIR  01,0,112822,60202,52620,95996,50880,45116,16826,9322,7504
C3713,1,0,0,State - JAMMU & KASHMIR  01,1,159159,83444,75715,129522,67289,62233,29637,16155,13482
C3713,1,0,0,State - JAMMU & KASHMIR  01,2,217062,111431,105631,178529,90842,87687,38533,20589,17944
C3713,1,0,0,State - JAMMU & KASHMIR  01,3,229462,116532,112930,186421,93859,92562,43041,22673,20368
C3713,1,0,0,State - JAMMU & KASHMIR  01,4,245098,125575,119523,200228,101850,98378,44870,23725,21145
C3713,1,0,0,State - JAMMU & KASHMIR  01,5,237728,122741,114987,192900,98853,94047,44828,23888,20940
C3713,1,0,0,State - JAMMU & KASHMIR  01,6,284472,145469,139003,231369,117236,114133,53103,28233,24870
C3713,1,0,0,State - JAMMU & KASHMIR  01,7,217317,111487,105830,171613,87310,84303,45704,24177,21527
C3713,1,0,0,State - JAMMU & KASHMIR  01,8,321662,165379,156283,257828,131577,126251,63834,33802,30032
C3713,1,0,0,State - JAMMU & KASHMIR  01,9,231584,119404,112180,183644,93942,89702,47940,25462,22478
C3713,1,0,0,State - JAMMU & KASHMIR  01,10,368272,190872,177400,290808,149858,140950,77464,41014,36450
C3713,1,0,0,State - JAMMU & KASHMIR  01,11,178719,93395,85324,138926,72418,66508,39793,20977,18816
C3713,1,0,0,State - JAMMU & KASHMIR  01,12,333604,172296,161308,263074,135123,127951,70530,37173,33357
C3713,1,0,0,State - JAMMU & KASHMIR  01,13,210357,106871,103486,162134,82161,79973,48223,24710,23513
C3713,1,0,0,State - JAMMU & KASHMIR  01,14,269707,139403,130304,208181,107099,101082,61526,32304,29222
C3713,1,0,0,State - JAMMU & KASHMIR  01,15,265700,136751,128949,205895,105341,100554,59805,31410,28395
C3713,1,0,0,State - JAMMU & KASHMIR  01,16,281221,143852,137369,213763,108975,104788,67458,34877,32581
C3713,1,0,0,State - JAMMU & KASHMIR  01,17,160447,82204,78243,118200,60152,58048,42247,22052,20195
C3713,1,0,0,State - JAMMU & KASHMIR  01,18,316768,164487,152281,240245,123865,116380,76523,40622,35901
C3713,1,0,0,State - JAMMU & KASHMIR  01,19,122945,65038,57907,88283,46358,41925,34662,18680,15982
C3713,1,0,0,State - JAMMU & KASHMIR  01,20,318693,167241,151452,239649,124563,115086,79044,42678,36366
C3713,1,0,0,State - JAMMU & KASHMIR  01,21,103421,57105,46316,72107,39291,32816,31314,17814,13500
C3713,1,0,0,State - JAMMU & KASHMIR  01,22,199033,107823,91210,145422,78037,67385,53611,29786,23825
C3713,1,0,0,State - JAMMU & KASHMIR  01,23,125373,66659,58714,87345,45076,42269,38028,21583,16445
C3713,1,0,0,State - JAMMU & KASHMIR  01,24,143449,77641,65808,99961,52540,47421,43488,25101,18387
C3713,1,0,0,State - JAMMU & KASHMIR  01,25,282921,152891,130030,210147,112766,97381,72774,40125,32649
C3713,1,0,0,State - JAMMU & KASHMIR  01,26,136971,74719,62252,95145,50640,44505,41826,24079,17747
C3713,1,0,0,State - JAMMU & KASHMIR  01,27,104509,58239,46270,70522,38307,32215,33987,19932,14055
C3713,1,0,0,State - JAMMU & KASHMIR  01,28,196015,97241,98774,140450,67222,73228,55565,30019,25546
C3713,1,0,0,State - JAMMU & KASHMIR  01,29,68967,39578,29389,44558,24151,20407,24409,15427,8982
C3713,1,0,0,State - JAMMU & KASHMIR  01,30,339406,187504,151902,248151,136350,111801,91255,51154,40101
C3713,1,0,0,State - JAMMU & KASHMIR  01,31,47783,29301,18482,29556,16821,12735,18227,12480,5747
C3713,1,0,0,State - JAMMU & KASHMIR  01,32,145679,78390,67289,100100,51888,48212,45579,26502,19077
C3713,1,0,0,State - JAMMU & KASHMIR  01,33,87560,44067,43493,59491,27612,31879,28069,16455,11614
C3713,1,0,0,State - JAMMU & KASHMIR  01,34,76710,39515,37195,51383,24431,26952,25327,15084,10243
C3713,1,0,0,State - JAMMU & KASHMIR  01,35,310713,172803,137910,225175,124965,100210,85538,47838,37700
C3713,1,0,0,State - JAMMU & KASHMIR  01,36,107068,56024,51044,74519,37669,36850,32549,18355,14194
C3713,1,0,0,State - JAMMU & KASHMIR  01,37,68044,36614,31430,45078,23110,21968,22966,13504,9462
C3713,1,0,0,State - JAMMU & KASHMIR  01,38,157657,72329,85328,112085,49363,62722,45572,22966,22606
C3713,1,0,0,State - JAMMU & KASHMIR  01,39,46623,24808,21815,30635,15264,15371,15988,9544,6444
C3713,1,0,0,State - JAMMU & KASHMIR  01,40,325227,195619,129608,237412,142466,94946,87815,53153,34662
C3713,1,0,0,State - JAMMU & KASHMIR  01,41,28576,16361,12215,18637,10103,8534,9939,6258,3681
C3713,1,0,0,State - JAMMU & KASHMIR  01,42,91879,49448,42431,62687,32807,29880,29192,16641,12551
C3713,1,0,0,State - JAMMU & KASHMIR  01,43,51407,21705,29702,35204,13832,21372,16203,7873,8330
C3713,1,0,0,State - JAMMU & KASHMIR  01,44,41600,19626,21974,28338,12510,15828,13262,7116,6146
C3713,1,0,0,State - JAMMU & KASHMIR  01,45,244553,139866,104687,177609,100664,76945,66944,39202,27742
C3713,1,0,0,State - JAMMU & KASHMIR  01,46,52352,26032,26320,36280,17442,18838,16072,8590,7482
C3713,1,0,0,State - JAMMU & KASHMIR  01,47,39029,20122,18907,25997,12720,13277,13032,7402,5630
C3713,1,0,0,State - JAMMU & KASHMIR  01,48,97289,45806,51483,69528,31304,38224,27761,14502,13259
C3713,1,0,0,State - JAMMU & KASHMIR  01,49,25092,13210,11882,16470,8109,8361,8622,5101,3521
C3713,1,0,0,State - JAMMU & KASHMIR  01,50,226574,137900,88674,169085,102321,66764,57489,35579,21910
C3713,1,0,0,State - JAMMU & KASHMIR  01,51,17214,10383,6831,11306,6457,4849,5908,3926,1982
C3713,1,0,0,State - JAMMU & KASHMIR  01,52,46370,26206,20164,31542,17419,14123,14828,8787,6041
C3713,1,0,0,State - JAMMU & KASHMIR  01,53,27560,13366,14194,18901,8625,10276,8659,4741,3918
C3713,1,0,0,State - JAMMU & KASHMIR  01,54,22586,11442,11144,15257,7324,7933,7329,4118,3211
C3713,1,0,0,State - JAMMU & KASHMIR  01,55,147834,75203,72631,109907,55768,54139,37927,19435,18492
C3713,1,0,0,State - JAMMU & KASHMIR  01,56,30304,16063,14241,21006,10859,10147,9298,5204,4094
C3713,1,0,0,State - JAMMU & KASHMIR  01,57,18580,9793,8787,12401,6279,6122,6179,3514,2665
C3713,1,0,0,State - JAMMU & KASHMIR  01,58,46230,18751,27479,33091,12908,20183,13139,5843,7296
C3713,1,0,0,State - JAMMU & KASHMIR  01,59,11704,6036,5668,7567,3583,3984,4137,2453,1684
C3713,1,0,0,State - JAMMU & KASHMIR  01,60,188736,110027,78709,145983,86047,59936,42753,23980,18773
C3713,1,0,0,State - JAMMU & KASHMIR  01,61,8433,4680,3753,5865,3150,2715,2568,1530,1038
C3713,1,0,0,State - JAMMU & KASHMIR  01,62,23918,12699,11219,16636,8582,8054,7282,4117,3165
C3713,1,0,0,State - JAMMU & KASHMIR  01,63,13631,5737,7894,9602,3816,5786,4029,1921,2108
C3713,1,0,0,State - JAMMU & KASHMIR  01,64,9124,4255,4869,6361,2776,3585,2763,1479,1284
C3713,1,0,0,State - JAMMU & KASHMIR  01,65,110089,56132,53957,82682,42416,40266,27407,13716,13691
C3713,1,0,0,State - JAMMU & KASHMIR  01,66,13655,7005,6650,10065,5156,4909,3590,1849,1741
C3713,1,0,0,State - JAMMU & KASHMIR  01,67,8538,4362,4176,5941,2981,2960,2597,1381,1216
C3713,1,0,0,State - JAMMU & KASHMIR  01,68,19886,8048,11838,14339,5624,8715,5547,2424,3123
C3713,1,0,0,State - JAMMU & KASHMIR  01,69,5950,2707,3243,4119,1804,2315,1831,903,928
C3713,1,0,0,State - JAMMU & KASHMIR  01,70,108931,62838,46093,86219,50308,35911,22712,12530,10182
C3713,1,0,0,State - JAMMU & KASHMIR  01,71,4039,2249,1790,2858,1568,1290,1181,681,500
C3713,1,0,0,State - JAMMU & KASHMIR  01,72,10880,5754,5126,7898,4188,3710,2982,1566,1416
C3713,1,0,0,State - JAMMU & KASHMIR  01,73,5077,2404,2673,3670,1702,1968,1407,702,705
C3713,1,0,0,State - JAMMU & KASHMIR  01,74,3897,2039,1858,2693,1364,1329,1204,675,529
C3713,1,0,0,State - JAMMU & KASHMIR  01,75,41633,21901,19732,32202,17025,15177,9431,4876,4555
C3713,1,0,0,State - JAMMU & KASHMIR  01,76,5182,2716,2466,3756,1945,1811,1426,771,655
C3713,1,0,0,State - JAMMU & KASHMIR  01,77,2879,1500,1379,1986,1037,949,893,463,430
C3713,1,0,0,State - JAMMU & KASHMIR  01,78,6704,3090,3614,4949,2254,2695,1755,836,919
C3713,1,0,0,State - JAMMU & KASHMIR  01,79,2099,1039,1060,1471,716,755,628,323,305
C3713,1,0,0,State - JAMMU & KASHMIR  01,80,41093,22877,18216,33790,19017,14773,7303,3860,3443
C3713,1,0,0,State - JAMMU & KASHMIR  01,81,1248,697,551,917,489,428,331,208,123
C3713,1,0,0,State - JAMMU & KASHMIR  01,82,2744,1465,1279,2005,1051,954,739,414,325
C3713,1,0,0,State - JAMMU & KASHMIR  01,83,1259,631,628,919,449,470,340,182,158
C3713,1,0,0,State - JAMMU & KASHMIR  01,84,1123,628,495,807,444,363,316,184,132
C3713,1,0,0,State - JAMMU & KASHMIR  01,85,11256,5661,5595,8869,4526,4343,2387,1135,1252
C3713,1,0,0,State - JAMMU & KASHMIR  01,86,1304,697,607,959,516,443,345,181,164
C3713,1,0,0,State - JAMMU & KASHMIR  01,87,792,423,369,528,283,245,264,140,124
C3713,1,0,0,State - JAMMU & KASHMIR  01,88,1544,705,839,1159,515,644,385,190,195
C3713,1,0,0,State - JAMMU & KASHMIR  01,89,615,316,299,454,233,221,161,83,78
C3713,1,0,0,State - JAMMU & KASHMIR  01,90,10733,6109,4624,9050,5226,3824,1683,883,800
C3713,1,0,0,State - JAMMU & KASHMIR  01,91,357,201,156,260,148,112,97,53,44
C3713,1,0,0,State - JAMMU & KASHMIR  01,92,625,333,292,451,230,221,174,103,71
C3713,1,0,0,State - JAMMU & KASHMIR  01,93,358,186,172,247,115,132,111,71,40
C3713,1,0,0,State - JAMMU & KASHMIR  01,94,347,178,169,253,131,122,94,47,47
C3713,1,0,0,State - JAMMU & KASHMIR  01,95,2713,1459,1254,2170,1192,978,543,267,276
C3713,1,0,0,State - JAMMU & KASHMIR  01,96,481,248,233,352,185,167,129,63,66
C3713,1,0,0,State - JAMMU & KASHMIR  01,97,289,172,117,203,113,90,86,59,27
C3713,1,0,0,State - JAMMU & KASHMIR  01,98,770,405,365,592,309,283,178,96,82
C3713,1,0,0,State - JAMMU & KASHMIR  01,99,539,301,238,420,227,193,119,74,45
C3713,1,0,0,State - JAMMU & KASHMIR  01,100+,1853,953,900,1562,818,744,291,135,156
C3713,1,0,0,State - JAMMU & KASHMIR  01,Age not stated,45715,24836,20879,34537,18422,16115,11178,6414,4764
C3713,2,0,0,State - HIMACHAL PRADESH  02,All ages,6077900,3087940,2989960,5482319,2756073,2726246,595581,331867,263714
C3713,2,0,0,State - HIMACHAL PRADESH  02,0,99609,53327,46282,92525,49479,43046,7084,3848,3236
C3713,2,0,0,State - HIMACHAL PRADESH  02,1,104150,55642,48508,96079,51225,44854,8071,4417,3654
C3713,2,0,0,State - HIMACHAL PRADESH  02,2,113606,60044,53562,105074,55446,49628,8532,4598,3934
C3713,2,0,0,State - HIMACHAL PRADESH  02,3,121215,62916,58299,111699,57915,53784,9516,5001,4515
C3713,2,0,0,State - HIMACHAL PRADESH  02,4,121607,64626,56981,112162,59413,52749,9445,5213,4232
C3713,2,0,0,State - HIMACHAL PRADESH  02,5,123996,65408,58588,113628,59692,53936,10368,5716,4652
C3713,2,0,0,State - HIMACHAL PRADESH  02,6,108954,56463,52491,99461,51364,48097,9493,5099,4394
C3713,2,0,0,State - HIMACHAL PRADESH  02,7,117677,61554,56123,107112,55856,51256,10565,5698,4867
C3713,2,0,0,State - HIMACHAL PRADESH  02,8,137680,71958,65722,126072,65571,60501,11608,6387,5221
C3713,2,0,0,State - HIMACHAL PRADESH  02,9,130857,67675,63182,120131,61834,58297,10726,5841,4885
C3713,2,0,0,State - HIMACHAL PRADESH  02,10,151321,78154,73167,138386,71164,67222,12935,6990,5945
C3713,2,0,0,State - HIMACHAL PRADESH  02,11,127690,65993,61697,116769,60149,56620,10921,5844,5077
C3713,2,0,0,State - HIMACHAL PRADESH  02,12,152423,78352,74071,139686,71539,68147,12737,6813,5924
C3713,2,0,0,State - HIMACHAL PRADESH  02,13,134792,67786,67006,123195,61585,61610,11597,6201,5396
C3713,2,0,0,State - HIMACHAL PRADESH  02,14,138813,70972,67841,126959,64676,62283,11854,6296,5558
C3713,2,0,0,State - HIMACHAL PRADESH  02,15,131453,66860,64593,119727,60542,59185,11726,6318,5408
C3713,2,0,0,State - HIMACHAL PRADESH  02,16,129259,65472,63787,117292,58976,58316,11967,6496,5471
C3713,2,0,0,State - HIMACHAL PRADESH  02,17,114904,59749,55155,103569,53492,50077,11335,6257,5078
C3713,2,0,0,State - HIMACHAL PRADESH  02,18,149531,79698,69833,134091,70453,63638,15440,9245,6195
C3713,2,0,0,State - HIMACHAL PRADESH  02,19,101477,52539,48938,90109,45891,44218,11368,6648,4720
C3713,2,0,0,State - HIMACHAL PRADESH  02,20,137672,70453,67219,121690,60946,60744,15982,9507,6475
C3713,2,0,0,State - HIMACHAL PRADESH  02,21,101305,52718,48587,89358,45555,43803,11947,7163,4784
C3713,2,0,0,State - HIMACHAL PRADESH  02,22,127237,64343,62894,112699,55718,56981,14538,8625,5913
C3713,2,0,0,State - HIMACHAL PRADESH  02,23,103186,51008,52178,91423,44278,47145,11763,6730,5033
C3713,2,0,0,State - HIMACHAL PRADESH  02,24,113629,57181,56448,100775,49721,51054,12854,7460,5394
C3713,2,0,0,State - HIMACHAL PRADESH  02,25,133934,65771,68163,118507,57037,61470,15427,8734,6693
C3713,2,0,0,State - HIMACHAL PRADESH  02,26,106688,52800,53888,94706,46218,48488,11982,6582,5400
C3713,2,0,0,State - HIMACHAL PRADESH  02,27,86995,44857,42138,76883,39334,37549,10112,5523,4589
C3713,2,0,0,State - HIMACHAL PRADESH  02,28,126255,60696,65559,112825,53527,59298,13430,7169,6261
C3713,2,0,0,State - HIMACHAL PRADESH  02,29,63635,32408,31227,55672,28199,27473,7963,4209,3754
C3713,2,0,0,State - HIMACHAL PRADESH  02,30,150542,72935,77607,133597,63879,69718,16945,9056,7889
C3713,2,0,0,State - HIMACHAL PRADESH  02,31,50215,27410,22805,43813,23786,20027,6402,3624,2778
C3713,2,0,0,State - HIMACHAL PRADESH  02,32,107601,53278,54323,94939,46549,48390,12662,6729,5933
C3713,2,0,0,State - HIMACHAL PRADESH  02,33,62657,31134,31523,55199,27114,28085,7458,4020,3438
C3713,2,0,0,State - HIMACHAL PRADESH  02,34,61660,30644,31016,53791,26325,27466,7869,4319,3550
C3713,2,0,0,State - HIMACHAL PRADESH  02,35,141491,69620,71871,125146,60500,64646,16345,9120,7225
C3713,2,0,0,State - HIMACHAL PRADESH  02,36,79055,38406,40649,69959,33558,36401,9096,4848,4248
C3713,2,0,0,State - HIMACHAL PRADESH  02,37,48026,24097,23929,41594,20546,21048,6432,3551,2881
C3713,2,0,0,State - HIMACHAL PRADESH  02,38,101233,47025,54208,89843,41094,48749,11390,5931,5459
C3713,2,0,0,State - HIMACHAL PRADESH  02,39,41257,20698,20559,35504,17549,17955,5753,3149,2604
C3713,2,0,0,State - HIMACHAL PRADESH  02,40,145493,71972,73521,129372,62712,66660,16121,9260,6861
C3713,2,0,0,State - HIMACHAL PRADESH  02,41,30974,17012,13962,26640,14414,12226,4334,2598,1736
C3713,2,0,0,State - HIMACHAL PRADESH  02,42,77683,40217,37466,68520,34789,33731,9163,5428,3735
C3713,2,0,0,State - HIMACHAL PRADESH  02,43,38403,18931,19472,33416,16117,17299,4987,2814,2173
C3713,2,0,0,State - HIMACHAL PRADESH  02,44,38116,19273,18843,33161,16359,16802,4955,2914,2041
C3713,2,0,0,State - HIMACHAL PRADESH  02,45,126897,62291,64606,114214,54787,59427,12683,7504,5179
C3713,2,0,0,State - HIMACHAL PRADESH  02,46,48570,24403,24167,43132,21189,21943,5438,3214,2224
C3713,2,0,0,State - HIMACHAL PRADESH  02,47,33880,17764,16116,29552,15149,14403,4328,2615,1713
C3713,2,0,0,State - HIMACHAL PRADESH  02,48,70077,34003,36074,62902,29936,32966,7175,4067,3108
C3713,2,0,0,State - HIMACHAL PRADESH  02,49,23458,12562,10896,20252,10573,9679,3206,1989,1217
C3713,2,0,0,State - HIMACHAL PRADESH  02,50,116657,55657,61000,106401,49767,56634,10256,5890,4366
C3713,2,0,0,State - HIMACHAL PRADESH  02,51,21293,12390,8903,18615,10615,8000,2678,1775,903
C3713,2,0,0,State - HIMACHAL PRADESH  02,52,49835,27145,22690,44611,23978,20633,5224,3167,2057
C3713,2,0,0,State - HIMACHAL PRADESH  02,53,25127,13940,11187,22056,12010,10046,3071,1930,1141
C3713,2,0,0,State - HIMACHAL PRADESH  02,54,25333,13943,11390,22415,12181,10234,2918,1762,1156
C3713,2,0,0,State - HIMACHAL PRADESH  02,55,85694,39675,46019,79370,36320,43050,6324,3355,2969
C3713,2,0,0,State - HIMACHAL PRADESH  02,56,31330,16904,14426,28195,14966,13229,3135,1938,1197
C3713,2,0,0,State - HIMACHAL PRADESH  02,57,19721,11739,7982,17245,10077,7168,2476,1662,814
C3713,2,0,0,State - HIMACHAL PRADESH  02,58,38820,18818,20002,35453,17048,18405,3367,1770,1597
C3713,2,0,0,State - HIMACHAL PRADESH  02,59,12972,7585,5387,11347,6541,4806,1625,1044,581
C3713,2,0,0,State - HIMACHAL PRADESH  02,60,101087,46465,54622,94804,43446,51358,6283,3019,3264
C3713,2,0,0,State - HIMACHAL PRADESH  02,61,12990,7594,5396,11810,6859,4951,1180,735,445
C3713,2,0,0,State - HIMACHAL PRADESH  02,62,32123,17338,14785,29507,15852,13655,2616,1486,1130
C3713,2,0,0,State - HIMACHAL PRADESH  02,63,14665,8073,6592,13274,7229,6045,1391,844,547
C3713,2,0,0,State - HIMACHAL PRADESH  02,64,13265,7480,5785,11949,6692,5257,1316,788,528
C3713,2,0,0,State - HIMACHAL PRADESH  02,65,76855,34536,42319,72139,32302,39837,4716,2234,2482
C3713,2,0,0,State - HIMACHAL PRADESH  02,66,15321,8223,7098,14055,7534,6521,1266,689,577
C3713,2,0,0,State - HIMACHAL PRADESH  02,67,10249,5770,4479,9249,5181,4068,1000,589,411
C3713,2,0,0,State - HIMACHAL PRADESH  02,68,19925,9400,10525,18341,8581,9760,1584,819,765
C3713,2,0,0,State - HIMACHAL PRADESH  02,69,6556,3527,3029,5890,3148,2742,666,379,287
C3713,2,0,0,State - HIMACHAL PRADESH  02,70,72094,34086,38008,68088,32134,35954,4006,1952,2054
C3713,2,0,0,State - HIMACHAL PRADESH  02,71,6203,3557,2646,5673,3230,2443,530,327,203
C3713,2,0,0,State - HIMACHAL PRADESH  02,72,16098,8748,7350,14824,8064,6760,1274,684,590
C3713,2,0,0,State - HIMACHAL PRADESH  02,73,6282,3603,2679,5680,3229,2451,602,374,228
C3713,2,0,0,State - HIMACHAL PRADESH  02,74,6030,3492,2538,5456,3123,2333,574,369,205
C3713,2,0,0,State - HIMACHAL PRADESH  02,75,35005,16945,18060,32954,15965,16989,2051,980,1071
C3713,2,0,0,State - HIMACHAL PRADESH  02,76,7487,4183,3304,6907,3847,3060,580,336,244
C3713,2,0,0,State - HIMACHAL PRADESH  02,77,3601,2114,1487,3213,1882,1331,388,232,156
C3713,2,0,0,State - HIMACHAL PRADESH  02,78,8135,4249,3886,7551,3941,3610,584,308,276
C3713,2,0,0,State - HIMACHAL PRADESH  02,79,2637,1530,1107,2380,1379,1001,257,151,106
C3713,2,0,0,State - HIMACHAL PRADESH  02,80,33051,15616,17435,31560,14970,16590,1491,646,845
C3713,2,0,0,State - HIMACHAL PRADESH  02,81,2465,1455,1010,2317,1368,949,148,87,61
C3713,2,0,0,State - HIMACHAL PRADESH  02,82,4851,2676,2175,4506,2506,2000,345,170,175
C3713,2,0,0,State - HIMACHAL PRADESH  02,83,2115,1254,861,1953,1163,790,162,91,71
C3713,2,0,0,State - HIMACHAL PRADESH  02,84,2007,1268,739,1830,1162,668,177,106,71
C3713,2,0,0,State - HIMACHAL PRADESH  02,85,11860,5771,6089,11265,5496,5769,595,275,320
C3713,2,0,0,State - HIMACHAL PRADESH  02,86,2035,1156,879,1871,1066,805,164,90,74
C3713,2,0,0,State - HIMACHAL PRADESH  02,87,1352,823,529,1232,753,479,120,70,50
C3713,2,0,0,State - HIMACHAL PRADESH  02,88,1804,963,841,1672,889,783,132,74,58
C3713,2,0,0,State - HIMACHAL PRADESH  02,89,676,343,333,620,311,309,56,32,24
C3713,2,0,0,State - HIMACHAL PRADESH  02,90,8781,3981,4800,8375,3797,4578,406,184,222
C3713,2,0,0,State - HIMACHAL PRADESH  02,91,679,389,290,619,353,266,60,36,24
C3713,2,0,0,State - HIMACHAL PRADESH  02,92,1242,632,610,1171,590,581,71,42,29
C3713,2,0,0,State - HIMACHAL PRADESH  02,93,528,289,239,474,253,221,54,36,18
C3713,2,0,0,State - HIMACHAL PRADESH  02,94,465,241,224,429,221,208,36,20,16
C3713,2,0,0,State - HIMACHAL PRADESH  02,95,2866,1324,1542,2734,1260,1474,132,64,68
C3713,2,0,0,State - HIMACHAL PRADESH  02,96,647,329,318,601,308,293,46,21,25
C3713,2,0,0,State - HIMACHAL PRADESH  02,97,388,200,188,351,177,174,37,23,14
C3713,2,0,0,State - HIMACHAL PRADESH  02,98,1059,497,562,1005,472,533,54,25,29
C3713,2,0,0,State - HIMACHAL PRADESH  02,99,737,321,416,689,293,396,48,28,20
C3713,2,0,0,State - HIMACHAL PRADESH  02,100+,1348,405,943,1303,393,910,45,12,33
C3713,2,0,0,State - HIMACHAL PRADESH  02,Age not stated,14716,8200,6516,13480,7431,6049,1236,769,467
C3713,3,0,0,State - PUNJAB  03,All ages,24358999,12985045,11373954,16096488,8516596,7579892,8262511,4468449,3794062
C3713,3,0,0,State - PUNJAB  03,0,313890,176541,137349,223280,125620,97660,90610,50921,39689
C3713,3,0,0,State - PUNJAB  03,1,389349,218833,170516,262101,147484,114617,127248,71349,55899
C3713,3,0,0,State - PUNJAB  03,2,463223,257731,205492,317206,176757,140449,146017,80974,65043
C3713,3,0,0,State - PUNJAB  03,3,487109,267713,219396,332410,182679,149731,154699,85034,69665
C3713,3,0,0,State - PUNJAB  03,4,475167,265681,209486,326663,182647,144016,148504,83034,65470
C3713,3,0,0,State - PUNJAB  03,5,534806,300142,234664,365778,204805,160973,169028,95337,73691
C3713,3,0,0,State - PUNJAB  03,6,508285,277160,231125,349288,189864,159424,158997,87296,71701
C3713,3,0,0,State - PUNJAB  03,7,510806,278813,231993,348530,189763,158767,162276,89050,73226
C3713,3,0,0,State - PUNJAB  03,8,612014,335118,276896,416563,226894,189669,195451,108224,87227
C3713,3,0,0,State - PUNJAB  03,9,491457,267731,223726,341752,185187,156565,149705,82544,67161
C3713,3,0,0,State - PUNJAB  03,10,688107,378175,309932,463052,252491,210561,225055,125684,99371
C3713,3,0,0,State - PUNJAB  03,11,469071,254374,214697,317689,170975,146714,151382,83399,67983
C3713,3,0,0,State - PUNJAB  03,12,631912,341074,290838,421358,225743,195615,210554,115331,95223
C3713,3,0,0,State - PUNJAB  03,13,503385,261931,241454,336285,174195,162090,167100,87736,79364
C3713,3,0,0,State - PUNJAB  03,14,539295,287345,251950,360300,190957,169343,178995,96388,82607
C3713,3,0,0,State - PUNJAB  03,15,533752,287356,246396,348998,186307,162691,184754,101049,83705
C3713,3,0,0,State - PUNJAB  03,16,549131,292117,257014,363809,192159,171650,185322,99958,85364
C3713,3,0,0,State - PUNJAB  03,17,425519,231164,194355,270928,146621,124307,154591,84543,70048
C3713,3,0,0,State - PUNJAB  03,18,675114,380349,294765,442962,246797,196165,232152,133552,98600
C3713,3,0,0,State - PUNJAB  03,19,372417,202487,169930,235667,126459,109208,136750,76028,60722
C3713,3,0,0,State - PUNJAB  03,20,684841,373593,311248,450048,243362,206686,234793,130231,104562
C3713,3,0,0,State - PUNJAB  03,21,335493,184463,151030,205745,111545,94200,129748,72918,56830
C3713,3,0,0,State - PUNJAB  03,22,552529,303568,248961,355499,194238,161261,197030,109330,87700
C3713,3,0,0,State - PUNJAB  03,23,372123,191098,181025,236481,119404,117077,135642,71694,63948
C3713,3,0,0,State - PUNJAB  03,24,394165,203252,190913,249947,125945,124002,144218,77307,66911
C3713,3,0,0,State - PUNJAB  03,25,608927,338197,270730,391860,218353,173507,217067,119844,97223
C3713,3,0,0,State - PUNJAB  03,26,375138,196861,178277,236681,122390,114291,138457,74471,63986
C3713,3,0,0,State - PUNJAB  03,27,264321,143769,120552,160481,86059,74422,103840,57710,46130
C3713,3,0,0,State - PUNJAB  03,28,530331,249823,280508,349085,159772,189313,181246,90051,91195
C3713,3,0,0,State - PUNJAB  03,29,166905,83614,83291,100814,48412,52402,66091,35202,30889
C3713,3,0,0,State - PUNJAB  03,30,747022,404708,342314,486246,263625,222621,260776,141083,119693
C3713,3,0,0,State - PUNJAB  03,31,132381,69062,63319,80321,40199,40122,52060,28863,23197
C3713,3,0,0,State - PUNJAB  03,32,457347,227036,230311,293456,143577,149879,163891,83459,80432
C3713,3,0,0,State - PUNJAB  03,33,228912,98943,129969,150905,62047,88858,78007,36896,41111
C3713,3,0,0,State - PUNJAB  03,34,203492,90010,113482,131529,55142,76387,71963,34868,37095
C3713,3,0,0,State - PUNJAB  03,35,743806,435328,308478,478859,283789,195070,264947,151539,113408
C3713,3,0,0,State - PUNJAB  03,36,273425,136639,136786,171502,84775,86727,101923,51864,50059
C3713,3,0,0,State - PUNJAB  03,37,156385,81721,74664,94373,49203,45170,62012,32518,29494
C3713,3,0,0,State - PUNJAB  03,38,438601,184994,253607,286279,116772,169507,152322,68222,84100
C3713,3,0,0,State - PUNJAB  03,39,113194,53444,59750,67903,30626,37277,45291,22818,22473
C3713,3,0,0,State - PUNJAB  03,40,745964,437018,308946,475989,281343,194646,269975,155675,114300
C3713,3,0,0,State - PUNJAB  03,41,90579,48650,41929,54696,28652,26044,35883,19998,15885
C3713,3,0,0,State - PUNJAB  03,42,320640,165700,154940,196609,100062,96547,124031,65638,58393
C3713,3,0,0,State - PUNJAB  03,43,156165,62181,93984,100594,37033,63561,55571,25148,30423
C3713,3,0,0,State - PUNJAB  03,44,120082,52326,67756,73644,29585,44059,46438,22741,23697
C3713,3,0,0,State - PUNJAB  03,45,599526,356664,242862,382958,230323,152635,216568,126341,90227
C3713,3,0,0,State - PUNJAB  03,46,145097,74665,70432,88908,44621,44287,56189,30044,26145
C3713,3,0,0,State - PUNJAB  03,47,107187,57988,49199,63231,33669,29562,43956,24319,19637
C3713,3,0,0,State - PUNJAB  03,48,259403,108173,151230,169702,65599,104103,89701,42574,47127
C3713,3,0,0,State - PUNJAB  03,49,62824,30742,32082,37740,17188,20552,25084,13554,11530
C3713,3,0,0,State - PUNJAB  03,50,510300,300371,209929,337620,200544,137076,172680,99827,72853
C3713,3,0,0,State - PUNJAB  03,51,57576,33572,24004,34886,19706,15180,22690,13866,8824
C3713,3,0,0,State - PUNJAB  03,52,164562,90041,74521,103719,55744,47975,60843,34297,26546
C3713,3,0,0,State - PUNJAB  03,53,88495,42207,46288,58495,26295,32200,30000,15912,14088
C3713,3,0,0,State - PUNJAB  03,54,74678,37162,37516,47646,22610,25036,27032,14552,12480
C3713,3,0,0,State - PUNJAB  03,55,317678,172621,145057,211433,117177,94256,106245,55444,50801
C3713,3,0,0,State - PUNJAB  03,56,79102,42523,36579,50601,26654,23947,28501,15869,12632
C3713,3,0,0,State - PUNJAB  03,57,49056,27258,21798,30059,16123,13936,18997,11135,7862
C3713,3,0,0,State - PUNJAB  03,58,140308,52791,87517,97206,33249,63957,43102,19542,23560
C3713,3,0,0,State - PUNJAB  03,59,31035,16402,14633,19117,9326,9791,11918,7076,4842
C3713,3,0,0,State - PUNJAB  03,60,416881,214956,201925,294328,154671,139657,122553,60285,62268
C3713,3,0,0,State - PUNJAB  03,61,33692,17455,16237,22705,11294,11411,10987,6161,4826
C3713,3,0,0,State - PUNJAB  03,62,117482,53254,64228,81552,36175,45377,35930,17079,18851
C3713,3,0,0,State - PUNJAB  03,63,60267,20681,39586,43711,13265,30446,16556,7416,9140
C3713,3,0,0,State - PUNJAB  03,64,41326,17270,24056,28556,10928,17628,12770,6342,6428
C3713,3,0,0,State - PUNJAB  03,65,383292,193548,189744,272307,140916,131391,110985,52632,58353
C3713,3,0,0,State - PUNJAB  03,66,53224,28029,25195,37013,19466,17547,16211,8563,7648
C3713,3,0,0,State - PUNJAB  03,67,35914,20078,15836,24028,13330,10698,11886,6748,5138
C3713,3,0,0,State - PUNJAB  03,68,92809,34514,58295,69561,24465,45096,23248,10049,13199
C3713,3,0,0,State - PUNJAB  03,69,20571,9932,10639,14334,6476,7858,6237,3456,2781
C3713,3,0,0,State - PUNJAB  03,70,326065,183038,143027,241362,138964,102398,84703,44074,40629
C3713,3,0,0,State - PUNJAB  03,71,19877,11411,8466,14114,7964,6150,5763,3447,2316
C3713,3,0,0,State - PUNJAB  03,72,55137,30241,24896,39181,21259,17922,15956,8982,6974
C3713,3,0,0,State - PUNJAB  03,73,21159,9794,11365,15020,6381,8639,6139,3413,2726
C3713,3,0,0,State - PUNJAB  03,74,16148,8526,7622,10960,5478,5482,5188,3048,2140
C3713,3,0,0,State - PUNJAB  03,75,137774,73524,64250,101156,54853,46303,36618,18671,17947
C3713,3,0,0,State - PUNJAB  03,76,19451,10448,9003,13476,7062,6414,5975,3386,2589
C3713,3,0,0,State - PUNJAB  03,77,8983,4988,3995,5990,3201,2789,2993,1787,1206
C3713,3,0,0,State - PUNJAB  03,78,26914,11484,15430,19829,7837,11992,7085,3647,3438
C3713,3,0,0,State - PUNJAB  03,79,6773,3506,3267,4762,2346,2416,2011,1160,851
C3713,3,0,0,State - PUNJAB  03,80,131960,69753,62207,102422,55242,47180,29538,14511,15027
C3713,3,0,0,State - PUNJAB  03,81,6395,3722,2673,4818,2723,2095,1577,999,578
C3713,3,0,0,State - PUNJAB  03,82,14915,8084,6831,10964,5907,5057,3951,2177,1774
C3713,3,0,0,State - PUNJAB  03,83,5669,2720,2949,4170,1868,2302,1499,852,647
C3713,3,0,0,State - PUNJAB  03,84,4567,2540,2027,3199,1739,1460,1368,801,567
C3713,3,0,0,State - PUNJAB  03,85,44567,22991,21576,33417,17606,15811,11150,5385,5765
C3713,3,0,0,State - PUNJAB  03,86,4912,2784,2128,3487,1937,1550,1425,847,578
C3713,3,0,0,State - PUNJAB  03,87,3194,1866,1328,2274,1301,973,920,565,355
C3713,3,0,0,State - PUNJAB  03,88,5259,2402,2857,3934,1712,2222,1325,690,635
C3713,3,0,0,State - PUNJAB  03,89,1861,979,882,1342,684,658,519,295,224
C3713,3,0,0,State - PUNJAB  03,90,35813,18157,17656,27938,14361,13577,7875,3796,4079
C3713,3,0,0,State - PUNJAB  03,91,2262,1234,1028,1607,862,745,655,372,283
C3713,3,0,0,State - PUNJAB  03,92,3938,2063,1875,2797,1445,1352,1141,618,523
C3713,3,0,0,State - PUNJAB  03,93,2012,1004,1008,1392,682,710,620,322,298
C3713,3,0,0,State - PUNJAB  03,94,1733,904,829,1174,586,588,559,318,241
C3713,3,0,0,State - PUNJAB  03,95,11343,5779,5564,8648,4480,4168,2695,1299,1396
C3713,3,0,0,State - PUNJAB  03,96,2236,1206,1030,1549,831,718,687,375,312
C3713,3,0,0,State - PUNJAB  03,97,1446,772,674,1007,503,504,439,269,170
C3713,3,0,0,State - PUNJAB  03,98,4352,2103,2249,3272,1552,1720,1080,551,529
C3713,3,0,0,State - PUNJAB  03,99,2808,1397,1411,2159,1066,1093,649,331,318
C3713,3,0,0,State - PUNJAB  03,100+,6712,2554,4158,5444,2112,3332,1268,442,826
C3713,3,0,0,State - PUNJAB  03,Age not stated,93902,52341,41561,58043,31924,26119,35859,20417,15442
C3713,4,0,0,State - CHANDIGARH  04,All ages,900635,506938,393697,92120,56816,35304,808515,450122,358393
C3713,4,0,0,State - CHANDIGARH  04,0,13073,7150,5923,1731,938,793,11342,6212,5130
C3713,4,0,0,State - CHANDIGARH  04,1,15176,8280,6896,1907,1018,889,13269,7262,6007
C3713,4,0,0,State - CHANDIGARH  04,2,16300,8833,7467,2171,1180,991,14129,7653,6476
C3713,4,0,0,State - CHANDIGARH  04,3,17923,9423,8500,2194,1142,1052,15729,8281,7448
C3713,4,0,0,State - CHANDIGARH  04,4,16753,9231,7522,2118,1184,934,14635,8047,6588
C3713,4,0,0,State - CHANDIGARH  04,5,19180,10461,8719,2317,1275,1042,16863,9186,7677
C3713,4,0,0,State - CHANDIGARH  04,6,17208,9286,7922,1978,1068,910,15230,8218,7012
C3713,4,0,0,State - CHANDIGARH  04,7,17585,9510,8075,2001,1089,912,15584,8421,7163
C3713,4,0,0,State - CHANDIGARH  04,8,20230,11022,9208,2141,1159,982,18089,9863,8226
C3713,4,0,0,State - CHANDIGARH  04,9,15987,8636,7351,1654,851,803,14333,7785,6548
C3713,4,0,0,State - CHANDIGARH  04,10,21763,11927,9836,2192,1210,982,19571,10717,8854
C3713,4,0,0,State - CHANDIGARH  04,11,15528,8505,7023,1442,813,629,14086,7692,6394
C3713,4,0,0,State - CHANDIGARH  04,12,20702,11284,9418,1936,1084,852,18766,10200,8566
C3713,4,0,0,State - CHANDIGARH  04,13,16458,8672,7786,1438,776,662,15020,7896,7124
C3713,4,0,0,State - CHANDIGARH  04,14,17322,9540,7782,1596,939,657,15726,8601,7125
C3713,4,0,0,State - CHANDIGARH  04,15,18011,10269,7742,1620,1025,595,16391,9244,7147
C3713,4,0,0,State - CHANDIGARH  04,16,18067,10229,7838,1641,1058,583,16426,9171,7255
C3713,4,0,0,State - CHANDIGARH  04,17,16081,9430,6651,1457,968,489,14624,8462,6162
C3713,4,0,0,State - CHANDIGARH  04,18,24629,15377,9252,2840,2141,699,21789,13236,8553
C3713,4,0,0,State - CHANDIGARH  04,19,16488,9709,6779,1639,1152,487,14849,8557,6292
C3713,4,0,0,State - CHANDIGARH  04,20,25197,14779,10418,3211,2192,1019,21986,12587,9399
C3713,4,0,0,State - CHANDIGARH  04,21,17447,10282,7165,1776,1218,558,15671,9064,6607
C3713,4,0,0,State - CHANDIGARH  04,22,23957,14334,9623,3335,2257,1078,20622,12077,8545
C3713,4,0,0,State - CHANDIGARH  04,23,17687,9958,7729,2000,1261,739,15687,8697,6990
C3713,4,0,0,State - CHANDIGARH  04,24,19245,11089,8156,2477,1580,897,16768,9509,7259
C3713,4,0,0,State - CHANDIGARH  04,25,26701,15422,11279,4082,2661,1421,22619,12761,9858
C3713,4,0,0,State - CHANDIGARH  04,26,19480,11081,8399,2404,1503,901,17076,9578,7498
C3713,4,0,0,State - CHANDIGARH  04,27,14933,8703,6230,1718,1152,566,13215,7551,5664
C3713,4,0,0,State - CHANDIGARH  04,28,21740,11952,9788,2981,1859,1122,18759,10093,8666
C3713,4,0,0,State - CHANDIGARH  04,29,10241,5739,4502,1061,632,429,9180,5107,4073
C3713,4,0,0,State - CHANDIGARH  04,30,28807,16634,12173,4138,2693,1445,24669,13941,10728
C3713,4,0,0,State - CHANDIGARH  04,31,8558,4946,3612,739,493,246,7819,4453,3366
C3713,4,0,0,State - CHANDIGARH  04,32,18851,10798,8053,2283,1525,758,16568,9273,7295
C3713,4,0,0,State - CHANDIGARH  04,33,9078,4639,4439,838,491,347,8240,4148,4092
C3713,4,0,0,State - CHANDIGARH  04,34,9492,5108,4384,844,512,332,8648,4596,4052
C3713,4,0,0,State - CHANDIGARH  04,35,26629,16017,10612,3318,2311,1007,23311,13706,9605
C3713,4,0,0,State - CHANDIGARH  04,36,13091,7130,5961,1094,676,418,11997,6454,5543
C3713,4,0,0,State - CHANDIGARH  04,37,8208,4393,3815,595,351,244,7613,4042,3571
C3713,4,0,0,State - CHANDIGARH  04,38,14777,7386,7391,1349,746,603,13428,6640,6788
C3713,4,0,0,State - CHANDIGARH  04,39,6824,3631,3193,406,244,162,6418,3387,3031
C3713,4,0,0,State - CHANDIGARH  04,40,24015,14216,9799,2501,1764,737,21514,12452,9062
C3713,4,0,0,State - CHANDIGARH  04,41,5989,3438,2551,263,178,85,5726,3260,2466
C3713,4,0,0,State - CHANDIGARH  04,42,12388,6939,5449,801,498,303,11587,6441,5146
C3713,4,0,0,State - CHANDIGARH  04,43,6660,3355,3305,336,182,154,6324,3173,3151
C3713,4,0,0,State - CHANDIGARH  04,44,6288,3391,2897,267,162,105,6021,3229,2792
C3713,4,0,0,State - CHANDIGARH  04,45,19593,11486,8107,1707,1123,584,17886,10363,7523
C3713,4,0,0,State - CHANDIGARH  04,46,7772,4262,3510,366,216,150,7406,4046,3360
C3713,4,0,0,State - CHANDIGARH  04,47,5907,3324,2583,241,148,93,5666,3176,2490
C3713,4,0,0,State - CHANDIGARH  04,48,9391,4994,4397,542,306,236,8849,4688,4161
C3713,4,0,0,State - CHANDIGARH  04,49,4416,2578,1838,166,96,70,4250,2482,1768
C3713,4,0,0,State - CHANDIGARH  04,50,15164,8891,6273,1179,767,412,13985,8124,5861
C3713,4,0,0,State - CHANDIGARH  04,51,4073,2530,1543,150,102,48,3923,2428,1495
C3713,4,0,0,State - CHANDIGARH  04,52,7163,4320,2843,322,187,135,6841,4133,2708
C3713,4,0,0,State - CHANDIGARH  04,53,3961,2320,1641,162,90,72,3799,2230,1569
C3713,4,0,0,State - CHANDIGARH  04,54,4009,2414,1595,144,77,67,3865,2337,1528
C3713,4,0,0,State - CHANDIGARH  04,55,8772,4959,3813,649,402,247,8123,4557,3566
C3713,4,0,0,State - CHANDIGARH  04,56,4023,2461,1562,182,104,78,3841,2357,1484
C3713,4,0,0,State - CHANDIGARH  04,57,2850,1818,1032,106,70,36,2744,1748,996
C3713,4,0,0,State - CHANDIGARH  04,58,4434,2538,1896,246,119,127,4188,2419,1769
C3713,4,0,0,State - CHANDIGARH  04,59,2148,1425,723,76,47,29,2072,1378,694
C3713,4,0,0,State - CHANDIGARH  04,60,7803,4058,3745,726,397,329,7077,3661,3416
C3713,4,0,0,State - CHANDIGARH  04,61,1617,960,657,76,48,28,1541,912,629
C3713,4,0,0,State - CHANDIGARH  04,62,2919,1620,1299,152,101,51,2767,1519,1248
C3713,4,0,0,State - CHANDIGARH  04,63,1620,905,715,57,36,21,1563,869,694
C3713,4,0,0,State - CHANDIGARH  04,64,1583,916,667,67,41,26,1516,875,641
C3713,4,0,0,State - CHANDIGARH  04,65,5753,2805,2948,474,253,221,5279,2552,2727
C3713,4,0,0,State - CHANDIGARH  04,66,1568,857,711,73,43,30,1495,814,681
C3713,4,0,0,State - CHANDIGARH  04,67,1311,704,607,50,29,21,1261,675,586
C3713,4,0,0,State - CHANDIGARH  04,68,1709,816,893,72,33,39,1637,783,854
C3713,4,0,0,State - CHANDIGARH  04,69,885,489,396,37,19,18,848,470,378
C3713,4,0,0,State - CHANDIGARH  04,70,4387,2182,2205,402,229,173,3985,1953,2032
C3713,4,0,0,State - CHANDIGARH  04,71,811,468,343,26,19,7,785,449,336
C3713,4,0,0,State - CHANDIGARH  04,72,1488,825,663,70,43,27,1418,782,636
C3713,4,0,0,State - CHANDIGARH  04,73,803,485,318,28,16,12,775,469,306
C3713,4,0,0,State - CHANDIGARH  04,74,788,480,308,32,20,12,756,460,296
C3713,4,0,0,State - CHANDIGARH  04,75,2327,1151,1176,189,109,80,2138,1042,1096
C3713,4,0,0,State - CHANDIGARH  04,76,756,426,330,32,17,15,724,409,315
C3713,4,0,0,State - CHANDIGARH  04,77,449,279,170,18,13,5,431,266,165
C3713,4,0,0,State - CHANDIGARH  04,78,729,400,329,44,30,14,685,370,315
C3713,4,0,0,State - CHANDIGARH  04,79,398,251,147,16,12,4,382,239,143
C3713,4,0,0,State - CHANDIGARH  04,80,1620,763,857,133,80,53,1487,683,804
C3713,4,0,0,State - CHANDIGARH  04,81,275,171,104,5,4,1,270,167,103
C3713,4,0,0,State - CHANDIGARH  04,82,448,237,211,21,14,7,427,223,204
C3713,4,0,0,State - CHANDIGARH  04,83,198,120,78,5,2,3,193,118,75
C3713,4,0,0,State - CHANDIGARH  04,84,203,134,69,6,4,2,197,130,67
C3713,4,0,0,State - CHANDIGARH  04,85,731,343,388,41,28,13,690,315,375
C3713,4,0,0,State - CHANDIGARH  04,86,192,113,79,8,4,4,184,109,75
C3713,4,0,0,State - CHANDIGARH  04,87,134,70,64,3,0,3,131,70,61
C3713,4,0,0,State - CHANDIGARH  04,88,155,81,74,3,2,1,152,79,73
C3713,4,0,0,State - CHANDIGARH  04,89,97,55,42,2,1,1,95,54,41
C3713,4,0,0,State - CHANDIGARH  04,90,430,202,228,51,30,21,379,172,207
C3713,4,0,0,State - CHANDIGARH  04,91,71,40,31,3,1,2,68,39,29
C3713,4,0,0,State - CHANDIGARH  04,92,114,54,60,4,2,2,110,52,58
C3713,4,0,0,State - CHANDIGARH  04,93,69,44,25,3,3,0,66,41,25
C3713,4,0,0,State - CHANDIGARH  04,94,44,30,14,4,2,2,40,28,12
C3713,4,0,0,State - CHANDIGARH  04,95,163,80,83,19,15,4,144,65,79
C3713,4,0,0,State - CHANDIGARH  04,96,52,30,22,3,0,3,49,30,19
C3713,4,0,0,State - CHANDIGARH  04,97,42,20,22,6,3,3,36,17,19
C3713,4,0,0,State - CHANDIGARH  04,98,68,37,31,2,0,2,66,37,29
C3713,4,0,0,State - CHANDIGARH  04,99,52,25,27,8,3,5,44,22,22
C3713,4,0,0,State - CHANDIGARH  04,100+,50,18,32,6,3,3,44,15,29
C3713,4,0,0,State - CHANDIGARH  04,Age not stated,1300,740,560,75,42,33,1225,698,527
C3713,5,0,0,State - UTTARANCHAL  05,All ages,8489349,4325924,4163425,6310275,3144590,3165685,2179074,1181334,997740
C3713,5,0,0,State - UTTARANCHAL  05,0,165618,87785,77833,135534,71570,63964,30084,16215,13869
C3713,5,0,0,State - UTTARANCHAL  05,1,163138,86344,76794,128708,67785,60923,34430,18559,15871
C3713,5,0,0,State - UTTARANCHAL  05,2,187431,97887,89544,147136,76415,70721,40295,21472,18823
C3713,5,0,0,State - UTTARANCHAL  05,3,201859,103961,97898,158240,81065,77175,43619,22896,20723
C3713,5,0,0,State - UTTARANCHAL  05,4,204039,107731,96308,160813,84470,76343,43226,23261,19965
C3713,5,0,0,State - UTTARANCHAL  05,5,221979,118230,103749,173837,92216,81621,48142,26014,22128
C3713,5,0,0,State - UTTARANCHAL  05,6,215968,111011,104957,168092,85727,82365,47876,25284,22592
C3713,5,0,0,State - UTTARANCHAL  05,7,194956,100563,94393,150560,76909,73651,44396,23654,20742
C3713,5,0,0,State - UTTARANCHAL  05,8,249951,130325,119626,192073,99338,92735,57878,30987,26891
C3713,5,0,0,State - UTTARANCHAL  05,9,188507,97320,91187,146707,75109,71598,41800,22211,19589
C3713,5,0,0,State - UTTARANCHAL  05,10,267500,140300,127200,202852,105180,97672,64648,35120,29528
C3713,5,0,0,State - UTTARANCHAL  05,11,173807,90500,83307,131640,67907,63733,42167,22593,19574
C3713,5,0,0,State - UTTARANCHAL  05,12,254137,132934,121203,192189,99399,92790,61948,33535,28413
C3713,5,0,0,State - UTTARANCHAL  05,13,189796,95664,94132,143510,71843,71667,46286,23821,22465
C3713,5,0,0,State - UTTARANCHAL  05,14,208290,106866,101424,156298,79430,76868,51992,27436,24556
C3713,5,0,0,State - UTTARANCHAL  05,15,204524,106305,98219,153634,78825,74809,50890,27480,23410
C3713,5,0,0,State - UTTARANCHAL  05,16,202706,104043,98663,150897,76405,74492,51809,27638,24171
C3713,5,0,0,State - UTTARANCHAL  05,17,157106,81810,75296,115412,58731,56681,41694,23079,18615
C3713,5,0,0,State - UTTARANCHAL  05,18,231579,125608,105971,169424,89580,79844,62155,36028,26127
C3713,5,0,0,State - UTTARANCHAL  05,19,133944,68152,65792,96765,46775,49990,37179,21377,15802
C3713,5,0,0,State - UTTARANCHAL  05,20,199665,102915,96750,139896,68637,71259,59769,34278,25491
C3713,5,0,0,State - UTTARANCHAL  05,21,123154,63143,60011,87015,42227,44788,36139,20916,15223
C3713,5,0,0,State - UTTARANCHAL  05,22,173655,88110,85545,122016,58923,63093,51639,29187,22452
C3713,5,0,0,State - UTTARANCHAL  05,23,116153,55013,61140,82136,36337,45799,34017,18676,15341
C3713,5,0,0,State - UTTARANCHAL  05,24,129913,62519,67394,91545,41371,50174,38368,21148,17220
C3713,5,0,0,State - UTTARANCHAL  05,25,186303,93281,93022,130783,63358,67425,55520,29923,25597
C3713,5,0,0,State - UTTARANCHAL  05,26,127014,61262,65752,90040,41588,48452,36974,19674,17300
C3713,5,0,0,State - UTTARANCHAL  05,27,89812,44461,45351,63058,30091,32967,26754,14370,12384
C3713,5,0,0,State - UTTARANCHAL  05,28,164526,75495,89031,118782,52378,66404,45744,23117,22627
C3713,5,0,0,State - UTTARANCHAL  05,29,58179,28308,29871,40636,19050,21586,17543,9258,8285
C3713,5,0,0,State - UTTARANCHAL  05,30,230916,114807,116109,162442,79121,83321,68474,35686,32788
C3713,5,0,0,State - UTTARANCHAL  05,31,47814,24613,23201,33218,16457,16761,14596,8156,6440
C3713,5,0,0,State - UTTARANCHAL  05,32,136496,67067,69429,96048,45841,50207,40448,21226,19222
C3713,5,0,0,State - UTTARANCHAL  05,33,67245,30517,36728,48286,20831,27455,18959,9686,9273
C3713,5,0,0,State - UTTARANCHAL  05,34,64702,30316,34386,45228,20265,24963,19474,10051,9423
C3713,5,0,0,State - UTTARANCHAL  05,35,222806,116199,106607,154984,79094,75890,67822,37105,30717
C3713,5,0,0,State - UTTARANCHAL  05,36,91795,44267,47528,64429,30049,34380,27366,14218,13148
C3713,5,0,0,State - UTTARANCHAL  05,37,51752,25392,26360,35438,16783,18655,16314,8609,7705
C3713,5,0,0,State - UTTARANCHAL  05,38,122812,55649,67163,86852,37716,49136,35960,17933,18027
C3713,5,0,0,State - UTTARANCHAL  05,39,38149,18743,19406,25978,12082,13896,12171,6661,5510
C3713,5,0,0,State - UTTARANCHAL  05,40,226165,120032,106133,158447,81320,77127,67718,38712,29006
C3713,5,0,0,State - UTTARANCHAL  05,41,31473,16749,14724,21806,11062,10744,9667,5687,3980
C3713,5,0,0,State - UTTARANCHAL  05,42,93603,48447,45156,65640,32718,32922,27963,15729,12234
C3713,5,0,0,State - UTTARANCHAL  05,43,43190,19505,23685,30674,13139,17535,12516,6366,6150
C3713,5,0,0,State - UTTARANCHAL  05,44,40539,19534,21005,28691,13146,15545,11848,6388,5460
C3713,5,0,0,State - UTTARANCHAL  05,45,183533,95728,87805,130099,65535,64564,53434,30193,23241
C3713,5,0,0,State - UTTARANCHAL  05,46,51578,25332,26246,37134,17478,19656,14444,7854,6590
C3713,5,0,0,State - UTTARANCHAL  05,47,35090,17587,17503,24741,11822,12919,10349,5765,4584
C3713,5,0,0,State - UTTARANCHAL  05,48,81655,38258,43397,59428,26680,32748,22227,11578,10649
C3713,5,0,0,State - UTTARANCHAL  05,49,23834,12372,11462,16920,8399,8521,6914,3973,2941
C3713,5,0,0,State - UTTARANCHAL  05,50,168286,87126,81160,123959,62167,61792,44327,24959,19368
C3713,5,0,0,State - UTTARANCHAL  05,51,24557,13764,10793,18053,9671,8382,6504,4093,2411
C3713,5,0,0,State - UTTARANCHAL  05,52,59011,31773,27238,43624,22657,20967,15387,9116,6271
C3713,5,0,0,State - UTTARANCHAL  05,53,28486,14405,14081,21061,10060,11001,7425,4345,3080
C3713,5,0,0,State - UTTARANCHAL  05,54,28858,15075,13783,21199,10592,10607,7659,4483,3176
C3713,5,0,0,State - UTTARANCHAL  05,55,118777,56846,61931,90196,41955,48241,28581,14891,13690
C3713,5,0,0,State - UTTARANCHAL  05,56,34829,17850,16979,26558,13022,13536,8271,4828,3443
C3713,5,0,0,State - UTTARANCHAL  05,57,21467,11787,9680,16038,8318,7720,5429,3469,1960
C3713,5,0,0,State - UTTARANCHAL  05,58,47375,22916,24459,36383,16805,19578,10992,6111,4881
C3713,5,0,0,State - UTTARANCHAL  05,59,15221,8880,6341,11205,6141,5064,4016,2739,1277
C3713,5,0,0,State - UTTARANCHAL  05,60,140683,66736,73947,111803,52160,59643,28880,14576,14304
C3713,5,0,0,State - UTTARANCHAL  05,61,15323,8848,6475,12452,6956,5496,2871,1892,979
C3713,5,0,0,State - UTTARANCHAL  05,62,39403,20468,18935,31899,16181,15718,7504,4287,3217
C3713,5,0,0,State - UTTARANCHAL  05,63,17945,9051,8894,14388,6995,7393,3557,2056,1501
C3713,5,0,0,State - UTTARANCHAL  05,64,16165,8799,7366,12958,6844,6114,3207,1955,1252
C3713,5,0,0,State - UTTARANCHAL  05,65,103571,48414,55157,82126,38222,43904,21445,10192,11253
C3713,5,0,0,State - UTTARANCHAL  05,66,19044,10151,8893,15418,8154,7264,3626,1997,1629
C3713,5,0,0,State - UTTARANCHAL  05,67,11644,6388,5256,9183,4926,4257,2461,1462,999
C3713,5,0,0,State - UTTARANCHAL  05,68,24883,11510,13373,20149,9113,11036,4734,2397,2337
C3713,5,0,0,State - UTTARANCHAL  05,69,7721,4232,3489,6181,3359,2822,1540,873,667
C3713,5,0,0,State - UTTARANCHAL  05,70,85790,42086,43704,68913,33784,35129,16877,8302,8575
C3713,5,0,0,State - UTTARANCHAL  05,71,7206,4297,2909,5860,3442,2418,1346,855,491
C3713,5,0,0,State - UTTARANCHAL  05,72,19490,10514,8976,15942,8547,7395,3548,1967,1581
C3713,5,0,0,State - UTTARANCHAL  05,73,7716,4415,3301,6231,3519,2712,1485,896,589
C3713,5,0,0,State - UTTARANCHAL  05,74,7118,4218,2900,5680,3375,2305,1438,843,595
C3713,5,0,0,State - UTTARANCHAL  05,75,36995,18118,18877,29504,14522,14982,7491,3596,3895
C3713,5,0,0,State - UTTARANCHAL  05,76,7893,4475,3418,6388,3596,2792,1505,879,626
C3713,5,0,0,State - UTTARANCHAL  05,77,4318,2598,1720,3505,2092,1413,813,506,307
C3713,5,0,0,State - UTTARANCHAL  05,78,8696,4495,4201,7065,3656,3409,1631,839,792
C3713,5,0,0,State - UTTARANCHAL  05,79,2568,1530,1038,2038,1204,834,530,326,204
C3713,5,0,0,State - UTTARANCHAL  05,80,28996,14040,14956,23275,11336,11939,5721,2704,3017
C3713,5,0,0,State - UTTARANCHAL  05,81,2485,1497,988,1985,1177,808,500,320,180
C3713,5,0,0,State - UTTARANCHAL  05,82,5220,2912,2308,4102,2301,1801,1118,611,507
C3713,5,0,0,State - UTTARANCHAL  05,83,2088,1230,858,1670,984,686,418,246,172
C3713,5,0,0,State - UTTARANCHAL  05,84,2272,1296,976,1767,1022,745,505,274,231
C3713,5,0,0,State - UTTARANCHAL  05,85,9857,4816,5041,7701,3798,3903,2156,1018,1138
C3713,5,0,0,State - UTTARANCHAL  05,86,1970,1133,837,1530,877,653,440,256,184
C3713,5,0,0,State - UTTARANCHAL  05,87,1302,726,576,971,545,426,331,181,150
C3713,5,0,0,State - UTTARANCHAL  05,88,1674,892,782,1341,685,656,333,207,126
C3713,5,0,0,State - UTTARANCHAL  05,89,624,339,285,466,249,217,158,90,68
C3713,5,0,0,State - UTTARANCHAL  05,90,6209,2871,3338,4855,2233,2622,1354,638,716
C3713,5,0,0,State - UTTARANCHAL  05,91,560,308,252,414,216,198,146,92,54
C3713,5,0,0,State - UTTARANCHAL  05,92,992,508,484,758,372,386,234,136,98
C3713,5,0,0,State - UTTARANCHAL  05,93,454,226,228,337,159,178,117,67,50
C3713,5,0,0,State - UTTARANCHAL  05,94,401,221,180,302,164,138,99,57,42
C3713,5,0,0,State - UTTARANCHAL  05,95,2001,917,1084,1531,693,838,470,224,246
C3713,5,0,0,State - UTTARANCHAL  05,96,505,243,262,393,178,215,112,65,47
C3713,5,0,0,State - UTTARANCHAL  05,97,304,159,145,224,114,110,80,45,35
C3713,5,0,0,State - UTTARANCHAL  05,98,716,331,385,557,251,306,159,80,79
C3713,5,0,0,State - UTTARANCHAL  05,99,459,223,236,346,172,174,113,51,62
C3713,5,0,0,State - UTTARANCHAL  05,100+,1095,484,611,849,376,473,246,108,138
C3713,5,0,0,State - UTTARANCHAL  05,Age not stated,17770,9827,7943,12231,6476,5755,5539,3351,2188
C3713,6,0,0,State - HARYANA  06,All ages,21144564,11363953,9780611,15029260,8052988,6976272,6115304,3310965,2804339
C3713,6,0,0,State - HARYANA  06,0,373985,206695,167290,286117,157770,128347,87868,48925,38943
C3713,6,0,0,State - HARYANA  06,1,401393,223251,178142,293443,162712,130731,107950,60539,47411
C3713,6,0,0,State - HARYANA  06,2,491008,271470,219538,367199,202767,164432,123809,68703,55106
C3713,6,0,0,State - HARYANA  06,3,509858,275496,234362,378169,204032,174137,131689,71464,60225
C3713,6,0,0,State - HARYANA  06,4,497495,274243,223252,370548,203573,166975,126947,70670,56277
C3713,6,0,0,State - HARYANA  06,5,541376,300824,240552,399432,221751,177681,141944,79073,62871
C3713,6,0,0,State - HARYANA  06,6,520422,281676,238746,387240,209089,178151,133182,72587,60595
C3713,6,0,0,State - HARYANA  06,7,483397,263333,220064,352462,191007,161455,130935,72326,58609
C3713,6,0,0,State - HARYANA  06,8,601638,326537,275101,441429,238285,203144,160209,88252,71957
C3713,6,0,0,State - HARYANA  06,9,476132,257266,218866,354846,190781,164065,121286,66485,54801
C3713,6,0,0,State - HARYANA  06,10,631695,343334,288361,458592,247466,211126,173103,95868,77235
C3713,6,0,0,State - HARYANA  06,11,451588,244124,207464,332469,178685,153784,119119,65439,53680
C3713,6,0,0,State - HARYANA  06,12,612847,330224,282623,446026,239450,206576,166821,90774,76047
C3713,6,0,0,State - HARYANA  06,13,466115,241448,224667,337490,174540,162950,128625,66908,61717
C3713,6,0,0,State - HARYANA  06,14,521031,277317,243714,380883,201990,178893,140148,75327,64821
C3713,6,0,0,State - HARYANA  06,15,488977,265714,223263,349789,189530,160259,139188,76184,63004
C3713,6,0,0,State - HARYANA  06,16,493178,272373,220805,353932,196602,157330,139246,75771,63475
C3713,6,0,0,State - HARYANA  06,17,378426,216973,161453,263890,152513,111377,114536,64460,50076
C3713,6,0,0,State - HARYANA  06,18,566110,329322,236788,400890,234061,166829,165220,95261,69959
C3713,6,0,0,State - HARYANA  06,19,329868,187261,142607,228307,130535,97772,101561,56726,44835
C3713,6,0,0,State - HARYANA  06,20,516849,284731,232118,360030,198807,161223,156819,85924,70895
C3713,6,0,0,State - HARYANA  06,21,314004,179926,134078,215708,124157,91551,98296,55769,42527
C3713,6,0,0,State - HARYANA  06,22,460013,259112,200901,320434,181709,138725,139579,77403,62176
C3713,6,0,0,State - HARYANA  06,23,310423,161984,148439,215066,111251,103815,95357,50733,44624
C3713,6,0,0,State - HARYANA  06,24,356014,189361,166653,247786,130644,117142,108228,58717,49511
C3713,6,0,0,State - HARYANA  06,25,488979,267758,221221,336306,185544,150762,152673,82214,70459
C3713,6,0,0,State - HARYANA  06,26,362462,193407,169055,253572,135281,118291,108890,58126,50764
C3713,6,0,0,State - HARYANA  06,27,252387,138289,114098,172191,94517,77674,80196,43772,36424
C3713,6,0,0,State - HARYANA  06,28,455710,223856,231854,320906,156081,164825,134804,67775,67029
C3713,6,0,0,State - HARYANA  06,29,173608,88583,85025,120167,60584,59583,53441,27999,25442
C3713,6,0,0,State - HARYANA  06,30,555843,297553,258290,377975,202898,175077,177868,94655,83213
C3713,6,0,0,State - HARYANA  06,31,163100,86310,76790,114640,60091,54549,48460,26219,22241
C3713,6,0,0,State - HARYANA  06,32,395715,203308,192407,272101,139891,132210,123614,63417,60197
C3713,6,0,0,State - HARYANA  06,33,193804,87069,106735,136731,59641,77090,57073,27428,29645
C3713,6,0,0,State - HARYANA  06,34,202575,96877,105698,142896,66628,76268,59679,30249,29430
C3713,6,0,0,State - HARYANA  06,35,516202,294999,221203,341410,197481,143929,174792,97518,77274
C3713,6,0,0,State - HARYANA  06,36,276377,143471,132906,191831,100430,91401,84546,43041,41505
C3713,6,0,0,State - HARYANA  06,37,156323,79908,76415,105566,54011,51555,50757,25897,24860
C3713,6,0,0,State - HARYANA  06,38,327095,149860,177235,222561,100077,122484,104534,49783,54751
C3713,6,0,0,State - HARYANA  06,39,125765,62644,63121,85899,42059,43840,39866,20585,19281
C3713,6,0,0,State - HARYANA  06,40,477118,272787,204331,311195,178306,132889,165923,94481,71442
C3713,6,0,0,State - HARYANA  06,41,123936,69517,54419,86662,48252,38410,37274,21265,16009
C3713,6,0,0,State - HARYANA  06,42,264074,143589,120485,174958,94640,80318,89116,48949,40167
C3713,6,0,0,State - HARYANA  06,43,124371,55662,68709,84722,36165,48557,39649,19497,20152
C3713,6,0,0,State - HARYANA  06,44,117697,59138,58559,78798,38240,40558,38899,20898,18001
C3713,6,0,0,State - HARYANA  06,45,363253,211608,151645,236081,137345,98736,127172,74263,52909
C3713,6,0,0,State - HARYANA  06,46,149612,81619,67993,102433,55445,46988,47179,26174,21005
C3713,6,0,0,State - HARYANA  06,47,97333,51687,45646,63964,33267,30697,33369,18420,14949
C3713,6,0,0,State - HARYANA  06,48,185077,88311,96766,125321,57422,67899,59756,30889,28867
C3713,6,0,0,State - HARYANA  06,49,69662,36692,32970,47759,24125,23634,21903,12567,9336
C3713,6,0,0,State - HARYANA  06,50,279626,157736,121890,186085,104247,81838,93541,53489,40052
C3713,6,0,0,State - HARYANA  06,51,75592,43352,32240,53300,29877,23423,22292,13475,8817
C3713,6,0,0,State - HARYANA  06,52,133095,75011,58084,90833,50698,40135,42262,24313,17949
C3713,6,0,0,State - HARYANA  06,53,71633,37411,34222,49566,24942,24624,22067,12469,9598
C3713,6,0,0,State - HARYANA  06,54,71162,37831,33331,49770,25767,24003,21392,12064,9328
C3713,6,0,0,State - HARYANA  06,55,177382,93122,84260,118168,62561,55607,59214,30561,28653
C3713,6,0,0,State - HARYANA  06,56,79274,42810,36464,56083,30008,26075,23191,12802,10389
C3713,6,0,0,State - HARYANA  06,57,46628,24987,21641,31990,16638,15352,14638,8349,6289
C3713,6,0,0,State - HARYANA  06,58,95443,42457,52986,67822,28795,39027,27621,13662,13959
C3713,6,0,0,State - HARYANA  06,59,38221,19759,18462,27396,13398,13998,10825,6361,4464
C3713,6,0,0,State - HARYANA  06,60,211043,99162,111881,148193,69526,78667,62850,29636,33214
C3713,6,0,0,State - HARYANA  06,61,57465,27234,30231,44701,20576,24125,12764,6658,6106
C3713,6,0,0,State - HARYANA  06,62,113625,54893,58732,86187,41300,44887,27438,13593,13845
C3713,6,0,0,State - HARYANA  06,63,55900,23845,32055,43252,17566,25686,12648,6279,6369
C3713,6,0,0,State - HARYANA  06,64,51709,24398,27311,40031,18275,21756,11678,6123,5555
C3713,6,0,0,State - HARYANA  06,65,216137,104379,111758,156884,76948,79936,59253,27431,31822
C3713,6,0,0,State - HARYANA  06,66,70581,36277,34304,55642,28761,26881,14939,7516,7423
C3713,6,0,0,State - HARYANA  06,67,43667,22944,20723,33709,17679,16030,9958,5265,4693
C3713,6,0,0,State - HARYANA  06,68,80524,36262,44262,63357,28174,35183,17167,8088,9079
C3713,6,0,0,State - HARYANA  06,69,29754,15102,14652,23502,11767,11735,6252,3335,2917
C3713,6,0,0,State - HARYANA  06,70,180166,96062,84104,133720,73188,60532,46446,22874,23572
C3713,6,0,0,State - HARYANA  06,71,36216,19948,16268,28954,15932,13022,7262,4016,3246
C3713,6,0,0,State - HARYANA  06,72,61800,34467,27333,47937,26969,20968,13863,7498,6365
C3713,6,0,0,State - HARYANA  06,73,21732,11387,10345,16729,8581,8148,5003,2806,2197
C3713,6,0,0,State - HARYANA  06,74,21841,12047,9794,16838,9268,7570,5003,2779,2224
C3713,6,0,0,State - HARYANA  06,75,77697,41429,36268,56685,31022,25663,21012,10407,10605
C3713,6,0,0,State - HARYANA  06,76,25611,14027,11584,20024,10987,9037,5587,3040,2547
C3713,6,0,0,State - HARYANA  06,77,11108,6345,4763,8445,4782,3663,2663,1563,1100
C3713,6,0,0,State - HARYANA  06,78,24069,12283,11786,18569,9433,9136,5500,2850,2650
C3713,6,0,0,State - HARYANA  06,79,9559,5307,4252,7637,4208,3429,1922,1099,823
C3713,6,0,0,State - HARYANA  06,80,65033,33729,31304,49319,26375,22944,15714,7354,8360
C3713,6,0,0,State - HARYANA  06,81,11796,6447,5349,9687,5309,4378,2109,1138,971
C3713,6,0,0,State - HARYANA  06,82,17077,9656,7421,13628,7817,5811,3449,1839,1610
C3713,6,0,0,State - HARYANA  06,83,5966,3339,2627,4714,2612,2102,1252,727,525
C3713,6,0,0,State - HARYANA  06,84,6122,3547,2575,4730,2734,1996,1392,813,579
C3713,6,0,0,State - HARYANA  06,85,23925,12730,11195,17652,9830,7822,6273,2900,3373
C3713,6,0,0,State - HARYANA  06,86,5989,3370,2619,4765,2718,2047,1224,652,572
C3713,6,0,0,State - HARYANA  06,87,3753,2180,1573,2874,1670,1204,879,510,369
C3713,6,0,0,State - HARYANA  06,88,4230,2275,1955,3285,1765,1520,945,510,435
C3713,6,0,0,State - HARYANA  06,89,2183,1139,1044,1723,904,819,460,235,225
C3713,6,0,0,State - HARYANA  06,90,14879,7468,7411,11127,5803,5324,3752,1665,2087
C3713,6,0,0,State - HARYANA  06,91,2448,1342,1106,1906,1040,866,542,302,240
C3713,6,0,0,State - HARYANA  06,92,3419,1808,1611,2609,1388,1221,810,420,390
C3713,6,0,0,State - HARYANA  06,93,1406,748,658,1023,562,461,383,186,197
C3713,6,0,0,State - HARYANA  06,94,1400,742,658,1020,543,477,380,199,181
C3713,6,0,0,State - HARYANA  06,95,5264,2740,2524,3855,2052,1803,1409,688,721
C3713,6,0,0,State - HARYANA  06,96,1650,895,755,1259,701,558,391,194,197
C3713,6,0,0,State - HARYANA  06,97,1050,568,482,762,412,350,288,156,132
C3713,6,0,0,State - HARYANA  06,98,2371,1167,1204,1832,896,936,539,271,268
C3713,6,0,0,State - HARYANA  06,99,1451,707,744,1132,563,569,319,144,175
C3713,6,0,0,State - HARYANA  06,100+,2473,988,1485,1917,814,1103,556,174,382
C3713,6,0,0,State - HARYANA  06,Age not stated,80499,45597,34902,57610,32479,25131,22889,13118,9771
C3713,7,0,0,State - DELHI  07,All ages,13850507,7607234,6243273,944727,522087,422640,12905780,7085147,5820633
C3713,7,0,0,State - DELHI  07,0,222574,119989,102585,18189,9812,8377,204385,110177,94208
C3713,7,0,0,State - DELHI  07,1,251501,135440,116061,19647,10699,8948,231854,124741,107113
C3713,7,0,0,State - DELHI  07,2,289334,155288,134046,22460,12259,10201,266874,143029,123845
C3713,7,0,0,State - DELHI  07,3,312112,163224,148888,24375,12852,11523,287737,150372,137365
C3713,7,0,0,State - DELHI  07,4,302340,163041,139299,23711,12834,10877,278629,150207,128422
C3713,7,0,0,State - DELHI  07,5,338020,183296,154724,26467,14521,11946,311553,168775,142778
C3713,7,0,0,State - DELHI  07,6,300968,159340,141628,23311,12507,10804,277657,146833,130824
C3713,7,0,0,State - DELHI  07,7,293448,156241,137207,22570,12029,10541,270878,144212,126666
C3713,7,0,0,State - DELHI  07,8,360572,192996,167576,27708,15041,12667,332864,177955,154909
C3713,7,0,0,State - DELHI  07,9,259271,137476,121795,20205,10706,9499,239066,126770,112296
C3713,7,0,0,State - DELHI  07,10,385468,209847,175621,28971,15898,13073,356497,193949,162548
C3713,7,0,0,State - DELHI  07,11,254017,136098,117919,18960,10253,8707,235057,125845,109212
C3713,7,0,0,State - DELHI  07,12,361702,196011,165691,26890,14670,12220,334812,181341,153471
C3713,7,0,0,State - DELHI  07,13,270902,138996,131906,19346,10057,9289,251556,128939,122617
C3713,7,0,0,State - DELHI  07,14,290710,155418,135292,20892,11218,9674,269818,144200,125618
C3713,7,0,0,State - DELHI  07,15,295996,163234,132762,20637,11537,9100,275359,151697,123662
C3713,7,0,0,State - DELHI  07,16,295712,161873,133839,20248,11309,8939,275464,150564,124900
C3713,7,0,0,State - DELHI  07,17,245377,138974,106403,15931,9400,6531,229446,129574,99872
C3713,7,0,0,State - DELHI  07,18,375356,227043,148313,25434,15817,9617,349922,211226,138696
C3713,7,0,0,State - DELHI  07,19,215538,125373,90165,13852,8240,5612,201686,117133,84553
C3713,7,0,0,State - DELHI  07,20,380523,217591,162932,25593,14565,11028,354930,203026,151904
C3713,7,0,0,State - DELHI  07,21,218143,127773,90370,13693,8336,5357,204450,119437,85013
C3713,7,0,0,State - DELHI  07,22,344594,200118,144476,23051,13495,9556,321543,186623,134920
C3713,7,0,0,State - DELHI  07,23,221176,121565,99611,14297,7837,6460,206879,113728,93151
C3713,7,0,0,State - DELHI  07,24,262424,147559,114865,17219,9533,7686,245205,138026,107179
C3713,7,0,0,State - DELHI  07,25,424623,234583,190040,29266,15959,13307,395357,218624,176733
C3713,7,0,0,State - DELHI  07,26,268048,147455,120593,17681,9569,8112,250367,137886,112481
C3713,7,0,0,State - DELHI  07,27,198315,111819,86496,12621,7085,5536,185694,104734,80960
C3713,7,0,0,State - DELHI  07,28,344099,182364,161735,24471,12404,12067,319628,169960,149668
C3713,7,0,0,State - DELHI  07,29,123840,68497,55343,7703,4139,3564,116137,64358,51779
C3713,7,0,0,State - DELHI  07,30,507354,281455,225899,36380,20317,16063,470974,261138,209836
C3713,7,0,0,State - DELHI  07,31,98267,56534,41733,6062,3535,2527,92205,52999,39206
C3713,7,0,0,State - DELHI  07,32,294893,162290,132603,20610,11301,9309,274283,150989,123294
C3713,7,0,0,State - DELHI  07,33,125294,63493,61801,8166,3969,4197,117128,59524,57604
C3713,7,0,0,State - DELHI  07,34,129168,67589,61579,8300,4316,3984,120868,63273,57595
C3713,7,0,0,State - DELHI  07,35,467952,273627,194325,32323,19723,12600,435629,253904,181725
C3713,7,0,0,State - DELHI  07,36,178608,94230,84378,11647,6240,5407,166961,87990,78971
C3713,7,0,0,State - DELHI  07,37,105174,56224,48950,6215,3442,2773,98959,52782,46177
C3713,7,0,0,State - DELHI  07,38,227687,114256,113431,14548,7326,7222,213139,106930,106209
C3713,7,0,0,State - DELHI  07,39,76609,40839,35770,4039,2276,1763,72570,38563,34007
C3713,7,0,0,State - DELHI  07,40,424377,251633,172744,26991,16314,10677,397386,235319,162067
C3713,7,0,0,State - DELHI  07,41,59562,34105,25457,3310,1983,1327,56252,32122,24130
C3713,7,0,0,State - DELHI  07,42,176792,100453,76339,10495,6002,4493,166297,94451,71846
C3713,7,0,0,State - DELHI  07,43,77279,39251,38028,4219,2048,2171,73060,37203,35857
C3713,7,0,0,State - DELHI  07,44,71398,37932,33466,3806,2062,1744,67592,35870,31722
C3713,7,0,0,State - DELHI  07,45,311092,182818,128274,18899,11424,7475,292193,171394,120799
C3713,7,0,0,State - DELHI  07,46,83791,45170,38621,4696,2576,2120,79095,42594,36501
C3713,7,0,0,State - DELHI  07,47,63159,34808,28351,3034,1698,1336,60125,33110,27015
C3713,7,0,0,State - DELHI  07,48,122767,64247,58520,6994,3500,3494,115773,60747,55026
C3713,7,0,0,State - DELHI  07,49,42250,23809,18441,1923,1099,824,40327,22710,17617
C3713,7,0,0,State - DELHI  07,50,240494,137330,103164,14190,8213,5977,226304,129117,97187
C3713,7,0,0,State - DELHI  07,51,37400,22759,14641,1787,1118,669,35613,21641,13972
C3713,7,0,0,State - DELHI  07,52,84355,48990,35365,4556,2655,1901,79799,46335,33464
C3713,7,0,0,State - DELHI  07,53,43621,24290,19331,2221,1212,1009,41400,23078,18322
C3713,7,0,0,State - DELHI  07,54,42964,23958,19006,2128,1199,929,40836,22759,18077
C3713,7,0,0,State - DELHI  07,55,154265,80569,73696,9123,4715,4408,145142,75854,69288
C3713,7,0,0,State - DELHI  07,56,44336,24380,19956,2399,1262,1137,41937,23118,18819
C3713,7,0,0,State - DELHI  07,57,28272,16070,12202,1409,807,602,26863,15263,11600
C3713,7,0,0,State - DELHI  07,58,60323,31606,28717,3363,1612,1751,56960,29994,26966
C3713,7,0,0,State - DELHI  07,59,23475,14805,8670,1153,732,421,22322,14073,8249
C3713,7,0,0,State - DELHI  07,60,152716,73478,79238,9587,4557,5030,143129,68921,74208
C3713,7,0,0,State - DELHI  07,61,18846,10777,8069,1110,663,447,17736,10114,7622
C3713,7,0,0,State - DELHI  07,62,45465,24020,21445,2703,1393,1310,42762,22627,20135
C3713,7,0,0,State - DELHI  07,63,22209,11964,10245,1115,561,554,21094,11403,9691
C3713,7,0,0,State - DELHI  07,64,19383,10793,8590,1036,586,450,18347,10207,8140
C3713,7,0,0,State - DELHI  07,65,117278,56107,61171,7006,3498,3508,110272,52609,57663
C3713,7,0,0,State - DELHI  07,66,20311,10874,9437,1057,585,472,19254,10289,8965
C3713,7,0,0,State - DELHI  07,67,16721,9463,7258,748,412,336,15973,9051,6922
C3713,7,0,0,State - DELHI  07,68,27812,13612,14200,1487,712,775,26325,12900,13425
C3713,7,0,0,State - DELHI  07,69,10172,5798,4374,486,270,216,9686,5528,4158
C3713,7,0,0,State - DELHI  07,70,85898,42407,43491,5610,2915,2695,80288,39492,40796
C3713,7,0,0,State - DELHI  07,71,8456,5168,3288,458,276,182,7998,4892,3106
C3713,7,0,0,State - DELHI  07,72,20960,11513,9447,1093,610,483,19867,10903,8964
C3713,7,0,0,State - DELHI  07,73,9165,5422,3743,413,233,180,8752,5189,3563
C3713,7,0,0,State - DELHI  07,74,8339,5043,3296,378,234,144,7961,4809,3152
C3713,7,0,0,State - DELHI  07,75,38933,19274,19659,2284,1164,1120,36649,18110,18539
C3713,7,0,0,State - DELHI  07,76,8893,5103,3790,502,270,232,8391,4833,3558
C3713,7,0,0,State - DELHI  07,77,4664,2902,1762,235,141,94,4429,2761,1668
C3713,7,0,0,State - DELHI  07,78,9394,5239,4155,469,264,205,8925,4975,3950
C3713,7,0,0,State - DELHI  07,79,3213,2030,1183,151,95,56,3062,1935,1127
C3713,7,0,0,State - DELHI  07,80,27622,13147,14475,2030,1033,997,25592,12114,13478
C3713,7,0,0,State - DELHI  07,81,2573,1622,951,177,89,88,2396,1533,863
C3713,7,0,0,State - DELHI  07,82,5388,3003,2385,309,167,142,5079,2836,2243
C3713,7,0,0,State - DELHI  07,83,2297,1384,913,140,74,66,2157,1310,847
C3713,7,0,0,State - DELHI  07,84,2445,1422,1023,139,78,61,2306,1344,962
C3713,7,0,0,State - DELHI  07,85,10827,5033,5794,767,379,388,10060,4654,5406
C3713,7,0,0,State - DELHI  07,86,1900,1104,796,119,70,49,1781,1034,747
C3713,7,0,0,State - DELHI  07,87,1460,838,622,86,56,30,1374,782,592
C3713,7,0,0,State - DELHI  07,88,1528,840,688,92,49,43,1436,791,645
C3713,7,0,0,State - DELHI  07,89,789,478,311,36,28,8,753,450,303
C3713,7,0,0,State - DELHI  07,90,6246,2807,3439,473,238,235,5773,2569,3204
C3713,7,0,0,State - DELHI  07,91,646,365,281,49,25,24,597,340,257
C3713,7,0,0,State - DELHI  07,92,1089,579,510,61,35,26,1028,544,484
C3713,7,0,0,State - DELHI  07,93,509,284,225,29,18,11,480,266,214
C3713,7,0,0,State - DELHI  07,94,494,265,229,35,19,16,459,246,213
C3713,7,0,0,State - DELHI  07,95,2005,885,1120,135,66,69,1870,819,1051
C3713,7,0,0,State - DELHI  07,96,513,283,230,30,21,9,483,262,221
C3713,7,0,0,State - DELHI  07,97,335,179,156,15,2,13,320,177,143
C3713,7,0,0,State - DELHI  07,98,697,334,363,39,16,23,658,318,340
C3713,7,0,0,State - DELHI  07,99,466,229,237,32,13,19,434,216,218
C3713,7,0,0,State - DELHI  07,100+,993,398,595,67,24,43,926,374,552
C3713,7,0,0,State - DELHI  07,Age not stated,21176,12726,8450,1554,891,663,19622,11835,7787
C3713,8,0,0,State - RAJASTHAN  08,All ages,56507188,29420011,27087177,43292813,22426640,20866173,13214375,6993371,6221004
C3713,8,0,0,State - RAJASTHAN  08,0,1220962,645900,575062,1020113,537733,482380,200849,108167,92682
C3713,8,0,0,State - RAJASTHAN  08,1,1098219,579460,518759,858736,451818,406918,239483,127642,111841
C3713,8,0,0,State - RAJASTHAN  08,2,1695020,890255,804765,1370633,718278,652355,324387,171977,152410
C3713,8,0,0,State - RAJASTHAN  08,3,1613129,827995,785134,1287958,659665,628293,325171,168330,156841
C3713,8,0,0,State - RAJASTHAN  08,4,1605890,837445,768445,1295320,673349,621971,310570,164096,146474
C3713,8,0,0,State - RAJASTHAN  08,5,1697058,904525,792533,1357920,721524,636396,339138,183001,156137
C3713,8,0,0,State - RAJASTHAN  08,6,1720724,894036,826688,1396709,723910,672799,324015,170126,153889
C3713,8,0,0,State - RAJASTHAN  08,7,1445249,758416,686833,1142370,598992,543378,302879,159424,143455
C3713,8,0,0,State - RAJASTHAN  08,8,1993163,1048793,944370,1592286,835672,756614,400877,213121,187756
C3713,8,0,0,State - RAJASTHAN  08,9,1211876,636737,575139,958542,503184,455358,253334,133553,119781
C3713,8,0,0,State - RAJASTHAN  08,10,2019681,1075079,944602,1591240,843856,747384,428441,231223,197218
C3713,8,0,0,State - RAJASTHAN  08,11,1024477,551360,473117,779710,420200,359510,244767,131160,113607
C3713,8,0,0,State - RAJASTHAN  08,12,1730909,928339,802570,1350367,723565,626802,380542,204774,175768
C3713,8,0,0,State - RAJASTHAN  08,13,1199638,621324,578314,917598,477231,440367,282040,144093,137947
C3713,8,0,0,State - RAJASTHAN  08,14,1267236,671316,595920,970122,515362,454760,297114,155954,141160
C3713,8,0,0,State - RAJASTHAN  08,15,1318217,717316,600901,1000173,545292,454881,318044,172024,146020
C3713,8,0,0,State - RAJASTHAN  08,16,1249834,669892,579942,942294,507392,434902,307540,162500,145040
C3713,8,0,0,State - RAJASTHAN  08,17,767986,422212,345774,539891,297302,242589,228095,124910,103185
C3713,8,0,0,State - RAJASTHAN  08,18,1516951,839003,677948,1131258,625768,505490,385693,213235,172458
C3713,8,0,0,State - RAJASTHAN  08,19,637226,339181,298045,445962,233614,212348,191264,105567,85697
C3713,8,0,0,State - RAJASTHAN  08,20,1548631,815607,733024,1158304,611203,547101,390327,204404,185923
C3713,8,0,0,State - RAJASTHAN  08,21,613917,337944,275973,424116,227985,196131,189801,109959,79842
C3713,8,0,0,State - RAJASTHAN  08,22,1151020,633778,517242,844124,463534,380590,306896,170244,136652
C3713,8,0,0,State - RAJASTHAN  08,23,711334,329444,381890,520438,228892,291546,190896,100552,90344
C3713,8,0,0,State - RAJASTHAN  08,24,724464,354170,370294,524804,246428,278376,199660,107742,91918
C3713,8,0,0,State - RAJASTHAN  08,25,1453465,804421,649044,1078473,608752,469721,374992,195669,179323
C3713,8,0,0,State - RAJASTHAN  08,26,742108,377822,364286,546185,273366,272819,195923,104456,91467
C3713,8,0,0,State - RAJASTHAN  08,27,535817,276628,259189,385408,195056,190352,150409,81572,68837
C3713,8,0,0,State - RAJASTHAN  08,28,1151664,518115,633549,870074,382354,487720,281590,135761,145829
C3713,8,0,0,State - RAJASTHAN  08,29,314169,150903,163266,229191,105847,123344,84978,45056,39922
C3713,8,0,0,State - RAJASTHAN  08,30,1695380,913740,781640,1254781,685428,569353,440599,228312,212287
C3713,8,0,0,State - RAJASTHAN  08,31,299285,150726,148559,221807,108265,113542,77478,42461,35017
C3713,8,0,0,State - RAJASTHAN  08,32,921175,468533,452642,685484,346585,338899,235691,121948,113743
C3713,8,0,0,State - RAJASTHAN  08,33,487437,196949,290488,373822,142540,231282,113615,54409,59206
C3713,8,0,0,State - RAJASTHAN  08,34,417874,187239,230635,316811,135719,181092,101063,51520,49543
C3713,8,0,0,State - RAJASTHAN  08,35,1482044,866293,615751,1066511,637604,428907,415533,228689,186844
C3713,8,0,0,State - RAJASTHAN  08,36,579937,293874,286063,438496,221490,217006,141441,72384,69057
C3713,8,0,0,State - RAJASTHAN  08,37,320801,157514,163287,235526,113480,122046,85275,44034,41241
C3713,8,0,0,State - RAJASTHAN  08,38,839937,360221,479716,635734,265299,370435,204203,94922,109281
C3713,8,0,0,State - RAJASTHAN  08,39,231141,111039,120102,171043,79601,91442,60098,31438,28660
C3713,8,0,0,State - RAJASTHAN  08,40,1427136,824175,602961,1037566,605095,432471,389570,219080,170490
C3713,8,0,0,State - RAJASTHAN  08,41,220515,119633,100882,164892,87524,77368,55623,32109,23514
C3713,8,0,0,State - RAJASTHAN  08,42,578105,306252,271853,427712,223677,204035,150393,82575,67818
C3713,8,0,0,State - RAJASTHAN  08,43,297457,115346,182111,225816,81095,144721,71641,34251,37390
C3713,8,0,0,State - RAJASTHAN  08,44,237062,110630,126432,176693,78653,98040,60369,31977,28392
C3713,8,0,0,State - RAJASTHAN  08,45,1104898,634621,470277,800416,464728,335688,304482,169893,134589
C3713,8,0,0,State - RAJASTHAN  08,46,301677,152948,148729,229239,114595,114644,72438,38353,34085
C3713,8,0,0,State - RAJASTHAN  08,47,204506,99505,105001,150404,70527,79877,54102,28978,25124
C3713,8,0,0,State - RAJASTHAN  08,48,516524,225876,290648,397068,166042,231026,119456,59834,59622
C3713,8,0,0,State - RAJASTHAN  08,49,142046,70790,71256,107319,51122,56197,34727,19668,15059
C3713,8,0,0,State - RAJASTHAN  08,50,977368,562588,414780,736514,427593,308921,240854,134995,105859
C3713,8,0,0,State - RAJASTHAN  08,51,149073,83487,65586,114058,62155,51903,35015,21332,13683
C3713,8,0,0,State - RAJASTHAN  08,52,327041,179703,147338,249033,134492,114541,78008,45211,32797
C3713,8,0,0,State - RAJASTHAN  08,53,167692,72714,94978,129947,52497,77450,37745,20217,17528
C3713,8,0,0,State - RAJASTHAN  08,54,153872,75545,78327,117709,55216,62493,36163,20329,15834
C3713,8,0,0,State - RAJASTHAN  08,55,663173,336796,326377,503854,259013,244841,159319,77783,81536
C3713,8,0,0,State - RAJASTHAN  08,56,187261,95285,91976,146417,73060,73357,40844,22225,18619
C3713,8,0,0,State - RAJASTHAN  08,57,119304,58450,60854,91985,43152,48833,27319,15298,12021
C3713,8,0,0,State - RAJASTHAN  08,58,294969,114352,180617,237271,87440,149831,57698,26912,30786
C3713,8,0,0,State - RAJASTHAN  08,59,84608,41622,42986,65450,30150,35300,19158,11472,7686
C3713,8,0,0,State - RAJASTHAN  08,60,819316,419636,399680,649050,338011,311039,170266,81625,88641
C3713,8,0,0,State - RAJASTHAN  08,61,109167,56737,52430,89424,45613,43811,19743,11124,8619
C3713,8,0,0,State - RAJASTHAN  08,62,230410,115224,115186,186998,92675,94323,43412,22549,20863
C3713,8,0,0,State - RAJASTHAN  08,63,112619,43141,69478,91206,32459,58747,21413,10682,10731
C3713,8,0,0,State - RAJASTHAN  08,64,89762,41485,48277,71663,31840,39823,18099,9645,8454
C3713,8,0,0,State - RAJASTHAN  08,65,591496,282831,308665,460050,223107,236943,131446,59724,71722
C3713,8,0,0,State - RAJASTHAN  08,66,110453,54398,56055,88807,43114,45693,21646,11284,10362
C3713,8,0,0,State - RAJASTHAN  08,67,69891,34148,35743,54745,25856,28889,15146,8292,6854
C3713,8,0,0,State - RAJASTHAN  08,68,162982,63986,98996,132761,49984,82777,30221,14002,16219
C3713,8,0,0,State - RAJASTHAN  08,69,48052,21924,26128,38506,16882,21624,9546,5042,4504
C3713,8,0,0,State - RAJASTHAN  08,70,515762,254923,260839,411481,205880,205601,104281,49043,55238
C3713,8,0,0,State - RAJASTHAN  08,71,54166,27816,26350,44683,22463,22220,9483,5353,4130
C3713,8,0,0,State - RAJASTHAN  08,72,111888,57017,54871,90644,45779,44865,21244,11238,10006
C3713,8,0,0,State - RAJASTHAN  08,73,41316,18956,22360,32892,14264,18628,8424,4692,3732
C3713,8,0,0,State - RAJASTHAN  08,74,34866,17364,17502,27219,12999,14220,7647,4365,3282
C3713,8,0,0,State - RAJASTHAN  08,75,195217,89659,105558,151073,69949,81124,44144,19710,24434
C3713,8,0,0,State - RAJASTHAN  08,76,40988,19928,21060,32741,15510,17231,8247,4418,3829
C3713,8,0,0,State - RAJASTHAN  08,77,19697,10018,9679,15196,7459,7737,4501,2559,1942
C3713,8,0,0,State - RAJASTHAN  08,78,45085,19322,25763,35748,14651,21097,9337,4671,4666
C3713,8,0,0,State - RAJASTHAN  08,79,14943,6922,8021,11841,5185,6656,3102,1737,1365
C3713,8,0,0,State - RAJASTHAN  08,80,172047,76204,95843,136567,61300,75267,35480,14904,20576
C3713,8,0,0,State - RAJASTHAN  08,81,17554,8455,9099,14525,6793,7732,3029,1662,1367
C3713,8,0,0,State - RAJASTHAN  08,82,28152,13472,14680,22519,10642,11877,5633,2830,2803
C3713,8,0,0,State - RAJASTHAN  08,83,10500,4782,5718,8249,3569,4680,2251,1213,1038
C3713,8,0,0,State - RAJASTHAN  08,84,9232,4648,4584,7073,3446,3627,2159,1202,957
C3713,8,0,0,State - RAJASTHAN  08,85,52867,23338,29529,39702,17893,21809,13165,5445,7720
C3713,8,0,0,State - RAJASTHAN  08,86,8620,4235,4385,6787,3304,3483,1833,931,902
C3713,8,0,0,State - RAJASTHAN  08,87,5555,2774,2781,4132,1983,2149,1423,791,632
C3713,8,0,0,State - RAJASTHAN  08,88,7972,3353,4619,6136,2516,3620,1836,837,999
C3713,8,0,0,State - RAJASTHAN  08,89,3458,1478,1980,2644,1073,1571,814,405,409
C3713,8,0,0,State - RAJASTHAN  08,90,34082,13642,20440,26629,10894,15735,7453,2748,4705
C3713,8,0,0,State - RAJASTHAN  08,91,3322,1565,1757,2665,1229,1436,657,336,321
C3713,8,0,0,State - RAJASTHAN  08,92,5233,2297,2936,4092,1803,2289,1141,494,647
C3713,8,0,0,State - RAJASTHAN  08,93,2193,949,1244,1648,681,967,545,268,277
C3713,8,0,0,State - RAJASTHAN  08,94,1938,886,1052,1471,640,831,467,246,221
C3713,8,0,0,State - RAJASTHAN  08,95,10312,4072,6240,7709,3135,4574,2603,937,1666
C3713,8,0,0,State - RAJASTHAN  08,96,2631,1149,1482,2033,874,1159,598,275,323
C3713,8,0,0,State - RAJASTHAN  08,97,1599,704,895,1229,528,701,370,176,194
C3713,8,0,0,State - RAJASTHAN  08,98,3856,1582,2274,2979,1244,1735,877,338,539
C3713,8,0,0,State - RAJASTHAN  08,99,2463,957,1506,1935,738,1197,528,219,309
C3713,8,0,0,State - RAJASTHAN  08,100+,8610,2948,5662,7110,2489,4621,1500,459,1041
C3713,8,0,0,State - RAJASTHAN  08,Age not stated,287584,147224,140360,228554,115225,113329,59030,31999,27031
C3713,9,0,0,State - UTTAR PRADESH  09,All ages,166197921,87565369,78632552,131658339,69157470,62500869,34539582,18407899,16131683
C3713,9,0,0,State - UTTAR PRADESH  09,0,2793583,1471103,1322480,2369265,1244224,1125041,424318,226879,197439
C3713,9,0,0,State - UTTAR PRADESH  09,1,3740741,1956206,1784535,3099137,1613976,1485161,641604,342230,299374
C3713,9,0,0,State - UTTAR PRADESH  09,2,4613729,2377977,2235752,3824893,1961316,1863577,788836,416661,372175
C3713,9,0,0,State - UTTAR PRADESH  09,3,4898648,2493443,2405205,4067845,2063792,2004053,830803,429651,401152
C3713,9,0,0,State - UTTAR PRADESH  09,4,4674971,2442742,2232229,3850633,2005359,1845274,824338,437383,386955
C3713,9,0,0,State - UTTAR PRADESH  09,5,5472211,2937216,2534995,4557919,2444394,2113525,914292,492822,421470
C3713,9,0,0,State - UTTAR PRADESH  09,6,5430745,2830346,2600399,4489521,2337381,2152140,941224,492965,448259
C3713,9,0,0,State - UTTAR PRADESH  09,7,4095286,2144766,1950520,3346064,1750926,1595138,749222,393840,355382
C3713,9,0,0,State - UTTAR PRADESH  09,8,6506706,3453580,3053126,5344951,2835660,2509291,1161755,617920,543835
C3713,9,0,0,State - UTTAR PRADESH  09,9,3386278,1778582,1607696,2743513,1440525,1302988,642765,338057,304708
C3713,9,0,0,State - UTTAR PRADESH  09,10,6989425,3805802,3183623,5676700,3094016,2582684,1312725,711786,600939
C3713,9,0,0,State - UTTAR PRADESH  09,11,2663137,1430368,1232769,2066387,1111812,954575,596750,318556,278194
C3713,9,0,0,State - UTTAR PRADESH  09,12,5738274,3120058,2618216,4559308,2485290,2074018,1178966,634768,544198
C3713,9,0,0,State - UTTAR PRADESH  09,13,3047586,1585504,1462082,2358494,1234033,1124461,689092,351471,337621
C3713,9,0,0,State - UTTAR PRADESH  09,14,3872012,2044323,1827689,2962358,1570447,1391911,909654,473876,435778
C3713,9,0,0,State - UTTAR PRADESH  09,15,3894270,2193030,1701240,3049087,1737622,1311465,845183,455408,389775
C3713,9,0,0,State - UTTAR PRADESH  09,16,3727299,2033407,1693892,2815458,1552845,1262613,911841,480562,431279
C3713,9,0,0,State - UTTAR PRADESH  09,17,2052690,1134353,918337,1481394,824594,656800,571296,309759,261537
C3713,9,0,0,State - UTTAR PRADESH  09,18,4770256,2757926,2012330,3617749,2102835,1514914,1152507,655091,497416
C3713,9,0,0,State - UTTAR PRADESH  09,19,1600326,857707,742619,1135539,598830,536709,464787,258877,205910
C3713,9,0,0,State - UTTAR PRADESH  09,20,4748447,2657278,2091169,3646822,2044104,1602718,1101625,613174,488451
C3713,9,0,0,State - UTTAR PRADESH  09,21,1383794,759148,624646,984178,527926,456252,399616,231222,168394
C3713,9,0,0,State - UTTAR PRADESH  09,22,3364542,1866617,1497925,2557019,1409943,1147076,807523,456674,350849
C3713,9,0,0,State - UTTAR PRADESH  09,23,1816302,760028,1056274,1402220,544911,857309,414082,215117,198965
C3713,9,0,0,State - UTTAR PRADESH  09,24,1998889,931567,1067322,1495999,657849,838150,502890,273718,229172
C3713,9,0,0,State - UTTAR PRADESH  09,25,4394925,2610977,1783948,3465133,2104820,1360313,929792,506157,423635
C3713,9,0,0,State - UTTAR PRADESH  09,26,1989058,986487,1002571,1510320,730285,780035,478738,256202,222536
C3713,9,0,0,State - UTTAR PRADESH  09,27,1142568,583655,558913,850778,424660,426118,291790,158995,132795
C3713,9,0,0,State - UTTAR PRADESH  09,28,3673318,1536376,2136942,2927418,1179888,1747530,745900,356488,389412
C3713,9,0,0,State - UTTAR PRADESH  09,29,592577,263839,328738,435114,181180,253934,157463,82659,74804
C3713,9,0,0,State - UTTAR PRADESH  09,30,5488634,3127131,2361503,4306429,2501970,1804459,1182205,625161,557044
C3713,9,0,0,State - UTTAR PRADESH  09,31,461087,219499,241588,340711,154716,185995,120376,64783,55593
C3713,9,0,0,State - UTTAR PRADESH  09,32,2697929,1274845,1423084,2102262,976853,1125409,595667,297992,297675
C3713,9,0,0,State - UTTAR PRADESH  09,33,1207143,372290,834853,979283,275833,703450,227860,96457,131403
C3713,9,0,0,State - UTTAR PRADESH  09,34,959480,345631,613849,745045,246702,498343,214435,98929,115506
C3713,9,0,0,State - UTTAR PRADESH  09,35,4842129,3039574,1802555,3716075,2408612,1307463,1126054,630962,495092
C3713,9,0,0,State - UTTAR PRADESH  09,36,1338067,657830,680237,1006835,493999,512836,331232,163831,167401
C3713,9,0,0,State - UTTAR PRADESH  09,37,621300,281234,340066,460168,201240,258928,161132,79994,81138
C3713,9,0,0,State - UTTAR PRADESH  09,38,2586862,922469,1664393,2039484,686110,1353374,547378,236359,311019
C3713,9,0,0,State - UTTAR PRADESH  09,39,420202,175441,244761,309937,120256,189681,110265,55185,55080
C3713,9,0,0,State - UTTAR PRADESH  09,40,4863115,3001183,1861932,3714094,2336763,1377331,1149021,664420,484601
C3713,9,0,0,State - UTTAR PRADESH  09,41,310876,161443,149433,226408,113949,112459,84468,47494,36974
C3713,9,0,0,State - UTTAR PRADESH  09,42,1588295,756020,832275,1205494,553930,651564,382801,202090,180711
C3713,9,0,0,State - UTTAR PRADESH  09,43,768342,203128,565214,620062,142066,477996,148280,61062,87218
C3713,9,0,0,State - UTTAR PRADESH  09,44,516804,192326,324478,392761,131611,261150,124043,60715,63328
C3713,9,0,0,State - UTTAR PRADESH  09,45,3738678,2305384,1433294,2840325,1788948,1051377,898353,516436,381917
C3713,9,0,0,State - UTTAR PRADESH  09,46,643361,305703,337658,483420,223483,259937,159941,82220,77721
C3713,9,0,0,State - UTTAR PRADESH  09,47,398895,174983,223912,297479,122005,175474,101416,52978,48438
C3713,9,0,0,State - UTTAR PRADESH  09,48,1611108,559646,1051462,1292418,411423,880995,318690,148223,170467
C3713,9,0,0,State - UTTAR PRADESH  09,49,246973,106496,140477,185056,72431,112625,61917,34065,27852
C3713,9,0,0,State - UTTAR PRADESH  09,50,3549003,2216426,1332577,2804859,1778240,1026619,744144,438186,305958
C3713,9,0,0,State - UTTAR PRADESH  09,51,219195,125056,94139,164733,91019,73714,54462,34037,20425
C3713,9,0,0,State - UTTAR PRADESH  09,52,819313,412995,406318,639546,310861,328685,179767,102134,77633
C3713,9,0,0,State - UTTAR PRADESH  09,53,435609,131384,304225,357592,93940,263652,78017,37444,40573
C3713,9,0,0,State - UTTAR PRADESH  09,54,311326,127388,183938,239972,89403,150569,71354,37985,33369
C3713,9,0,0,State - UTTAR PRADESH  09,55,2354496,1329214,1025282,1869256,1077501,791755,485240,251713,233527
C3713,9,0,0,State - UTTAR PRADESH  09,56,415545,201230,214315,324451,152583,171868,91094,48647,42447
C3713,9,0,0,State - UTTAR PRADESH  09,57,224994,95686,129308,175092,67866,107226,49902,27820,22082
C3713,9,0,0,State - UTTAR PRADESH  09,58,942685,283269,659416,791356,215379,575977,151329,67890,83439
C3713,9,0,0,State - UTTAR PRADESH  09,59,157503,73404,84099,120950,50754,70196,36553,22650,13903
C3713,9,0,0,State - UTTAR PRADESH  09,60,3067445,1741070,1326375,2539815,1469555,1070260,527630,271515,256115
C3713,9,0,0,State - UTTAR PRADESH  09,61,155247,86523,68724,123596,67057,56539,31651,19466,12185
C3713,9,0,0,State - UTTAR PRADESH  09,62,596736,282001,314735,493361,226458,266903,103375,55543,47832
C3713,9,0,0,State - UTTAR PRADESH  09,63,310720,86725,223995,264951,65114,199837,45769,21611,24158
C3713,9,0,0,State - UTTAR PRADESH  09,64,162171,67516,94655,129430,49532,79898,32741,17984,14757
C3713,9,0,0,State - UTTAR PRADESH  09,65,2081112,1148446,932666,1714779,965420,749359,366333,183026,183307
C3713,9,0,0,State - UTTAR PRADESH  09,66,194686,100434,94252,153168,77898,75270,41518,22536,18982
C3713,9,0,0,State - UTTAR PRADESH  09,67,119603,55614,63989,93147,40621,52526,26456,14993,11463
C3713,9,0,0,State - UTTAR PRADESH  09,68,434147,130185,303962,368205,101445,266760,65942,28740,37202
C3713,9,0,0,State - UTTAR PRADESH  09,69,77155,33012,44143,61474,24482,36992,15681,8530,7151
C3713,9,0,0,State - UTTAR PRADESH  09,70,1796423,1035293,761130,1506107,884130,621977,290316,151163,139153
C3713,9,0,0,State - UTTAR PRADESH  09,71,65185,37009,28176,51930,28843,23087,13255,8166,5089
C3713,9,0,0,State - UTTAR PRADESH  09,72,228498,118638,109860,183722,93619,90103,44776,25019,19757
C3713,9,0,0,State - UTTAR PRADESH  09,73,91686,33375,58311,75329,24459,50870,16357,8916,7441
C3713,9,0,0,State - UTTAR PRADESH  09,74,58096,28384,29712,44255,20114,24141,13841,8270,5571
C3713,9,0,0,State - UTTAR PRADESH  09,75,696534,387322,309212,576959,326689,250270,119575,60633,58942
C3713,9,0,0,State - UTTAR PRADESH  09,76,74492,40780,33712,57809,30972,26837,16683,9808,6875
C3713,9,0,0,State - UTTAR PRADESH  09,77,35570,18367,17203,27440,13480,13960,8130,4887,3243
C3713,9,0,0,State - UTTAR PRADESH  09,78,114738,41446,73292,94716,31460,63256,20022,9986,10036
C3713,9,0,0,State - UTTAR PRADESH  09,79,21823,10267,11556,16823,7301,9522,5000,2966,2034
C3713,9,0,0,State - UTTAR PRADESH  09,80,603857,336056,267801,507909,287751,220158,95948,48305,47643
C3713,9,0,0,State - UTTAR PRADESH  09,81,23814,13756,10058,19050,10782,8268,4764,2974,1790
C3713,9,0,0,State - UTTAR PRADESH  09,82,55728,30255,25473,44552,23788,20764,11176,6467,4709
C3713,9,0,0,State - UTTAR PRADESH  09,83,22281,9538,12743,18028,7169,10859,4253,2369,1884
C3713,9,0,0,State - UTTAR PRADESH  09,84,16159,8626,7533,12085,6161,5924,4074,2465,1609
C3713,9,0,0,State - UTTAR PRADESH  09,85,173226,97745,75481,141744,81684,60060,31482,16061,15421
C3713,9,0,0,State - UTTAR PRADESH  09,86,19865,11441,8424,15354,8792,6562,4511,2649,1862
C3713,9,0,0,State - UTTAR PRADESH  09,87,11734,6421,5313,8943,4781,4162,2791,1640,1151
C3713,9,0,0,State - UTTAR PRADESH  09,88,27149,11758,15391,21966,9131,12835,5183,2627,2556
C3713,9,0,0,State - UTTAR PRADESH  09,89,8279,4081,4198,6582,3176,3406,1697,905,792
C3713,9,0,0,State - UTTAR PRADESH  09,90,144386,79205,65181,120433,67452,52981,23953,11753,12200
C3713,9,0,0,State - UTTAR PRADESH  09,91,8765,4840,3925,6898,3732,3166,1867,1108,759
C3713,9,0,0,State - UTTAR PRADESH  09,92,17397,9240,8157,13860,7308,6552,3537,1932,1605
C3713,9,0,0,State - UTTAR PRADESH  09,93,8644,3833,4811,6978,2937,4041,1666,896,770
C3713,9,0,0,State - UTTAR PRADESH  09,94,7551,3675,3876,5949,2802,3147,1602,873,729
C3713,9,0,0,State - UTTAR PRADESH  09,95,49415,27743,21672,40422,23279,17143,8993,4464,4529
C3713,9,0,0,State - UTTAR PRADESH  09,96,9590,5021,4569,7649,3971,3678,1941,1050,891
C3713,9,0,0,State - UTTAR PRADESH  09,97,5860,3112,2748,4527,2381,2146,1333,731,602
C3713,9,0,0,State - UTTAR PRADESH  09,98,16892,7909,8983,13946,6477,7469,2946,1432,1514
C3713,9,0,0,State - UTTAR PRADESH  09,99,10124,5282,4842,8373,4377,3996,1751,905,846
C3713,9,0,0,State - UTTAR PRADESH  09,100+,26685,12950,13735,22261,11005,11256,4424,1945,2479
C3713,9,0,0,State - UTTAR PRADESH  09,Age not stated,736911,407756,329155,591045,323996,267049,145866,83760,62106
C3713,10,0,0,State - BIHAR  10,All ages,82998509,43243795,39754714,74316709,38594996,35721713,8681800,4648799,4033001
C3713,10,0,0,State - BIHAR  10,0,1381072,720227,660845,1272744,663344,609400,108328,56883,51445
C3713,10,0,0,State - BIHAR  10,1,1804634,934773,869861,1643251,850015,793236,161383,84758,76625
C3713,10,0,0,State - BIHAR  10,2,2655903,1346910,1308993,2441232,1236239,1204993,214671,110671,104000
C3713,10,0,0,State - BIHAR  10,3,2578507,1296307,1282200,2358166,1184925,1173241,220341,111382,108959
C3713,10,0,0,State - BIHAR  10,4,2585956,1325063,1260893,2368454,1212416,1156038,217502,112647,104855
C3713,10,0,0,State - BIHAR  10,5,2794120,1472925,1321195,2558184,1347427,1210757,235936,125498,110438
C3713,10,0,0,State - BIHAR  10,6,3005871,1556500,1449371,2756458,1426723,1329735,249413,129777,119636
C3713,10,0,0,State - BIHAR  10,7,1923438,996424,927014,1735976,899493,836483,187462,96931,90531
C3713,10,0,0,State - BIHAR  10,8,3618492,1911110,1707382,3303385,1744873,1558512,315107,166237,148870
C3713,10,0,0,State - BIHAR  10,9,1462381,768304,694077,1308462,687298,621164,153919,81006,72913
C3713,10,0,0,State - BIHAR  10,10,3847307,2083648,1763659,3497580,1894836,1602744,349727,188812,160915
C3713,10,0,0,State - BIHAR  10,11,1089485,581455,508030,952156,508272,443884,137329,73183,64146
C3713,10,0,0,State - BIHAR  10,12,3112657,1696778,1415879,2801086,1528246,1272840,311571,168532,143039
C3713,10,0,0,State - BIHAR  10,13,1241128,654351,586777,1081777,571745,510032,159351,82606,76745
C3713,10,0,0,State - BIHAR  10,14,1773200,953969,819231,1547128,833653,713475,226072,120316,105756
C3713,10,0,0,State - BIHAR  10,15,1800531,1044419,756112,1596224,930417,665807,204307,114002,90305
C3713,10,0,0,State - BIHAR  10,16,1685072,932540,752532,1465712,813069,652643,219360,119471,99889
C3713,10,0,0,State - BIHAR  10,17,737694,402484,335210,616277,335124,281153,121417,67360,54057
C3713,10,0,0,State - BIHAR  10,18,2297248,1308137,989111,2016021,1145076,870945,281227,163061,118166
C3713,10,0,0,State - BIHAR  10,19,669643,341063,328580,568871,284566,284305,100772,56497,44275
C3713,10,0,0,State - BIHAR  10,20,2336313,1213421,1122892,2068580,1066791,1001789,267733,146630,121103
C3713,10,0,0,State - BIHAR  10,21,685183,355341,329842,591380,300471,290909,93803,54870,38933
C3713,10,0,0,State - BIHAR  10,22,1639790,870024,769766,1444901,758428,686473,194889,111596,83293
C3713,10,0,0,State - BIHAR  10,23,775357,319391,455966,683443,269764,413679,91914,49627,42287
C3713,10,0,0,State - BIHAR  10,24,886550,421886,464664,771713,357668,414045,114837,64218,50619
C3713,10,0,0,State - BIHAR  10,25,2526390,1388662,1137728,2261536,1249188,1012348,264854,139474,125380
C3713,10,0,0,State - BIHAR  10,26,907467,434969,472498,795014,373990,421024,112453,60979,51474
C3713,10,0,0,State - BIHAR  10,27,529599,248272,281327,462234,211768,250466,67365,36504,30861
C3713,10,0,0,State - BIHAR  10,28,1650961,695387,955574,1479781,609160,870621,171180,86227,84953
C3713,10,0,0,State - BIHAR  10,29,293891,127416,166475,256568,107730,148838,37323,19686,17637
C3713,10,0,0,State - BIHAR  10,30,2968631,1602748,1365883,2652710,1439236,1213474,315921,163512,152409
C3713,10,0,0,State - BIHAR  10,31,332722,152469,180253,296413,133222,163191,36309,19247,17062
C3713,10,0,0,State - BIHAR  10,32,1246518,589179,657339,1110749,517906,592843,135769,71273,64496
C3713,10,0,0,State - BIHAR  10,33,544675,179591,365084,493191,155737,337454,51484,23854,27630
C3713,10,0,0,State - BIHAR  10,34,457241,189884,267357,407247,164987,242260,49994,24897,25097
C3713,10,0,0,State - BIHAR  10,35,2724649,1589408,1135241,2418415,1424650,993765,306234,164758,141476
C3713,10,0,0,State - BIHAR  10,36,682826,324650,358176,605009,285147,319862,77817,39503,38314
C3713,10,0,0,State - BIHAR  10,37,324832,138563,186269,286144,119437,166707,38688,19126,19562
C3713,10,0,0,State - BIHAR  10,38,1119740,425635,694105,1004130,371634,632496,115610,54001,61609
C3713,10,0,0,State - BIHAR  10,39,225888,97833,128055,199140,84240,114900,26748,13593,13155
C3713,10,0,0,State - BIHAR  10,40,2574888,1525336,1049552,2280518,1358366,922152,294370,166970,127400
C3713,10,0,0,State - BIHAR  10,41,259169,131076,128093,231041,115428,115613,28128,15648,12480
C3713,10,0,0,State - BIHAR  10,42,729620,348530,381090,646554,303292,343262,83066,45238,37828
C3713,10,0,0,State - BIHAR  10,43,329178,99689,229489,296802,85227,211575,32376,14462,17914
C3713,10,0,0,State - BIHAR  10,44,260348,109139,151209,230322,93885,136437,30026,15254,14772
C3713,10,0,0,State - BIHAR  10,45,2073240,1200411,872829,1830506,1064676,765830,242734,135735,106999
C3713,10,0,0,State - BIHAR  10,46,350677,163646,187031,309679,141968,167711,40998,21678,19320
C3713,10,0,0,State - BIHAR  10,47,204218,87609,116609,178647,74120,104527,25571,13489,12082
C3713,10,0,0,State - BIHAR  10,48,698282,266621,431661,625955,230387,395568,72327,36234,36093
C3713,10,0,0,State - BIHAR  10,49,135247,60081,75166,118584,50923,67661,16663,9158,7505
C3713,10,0,0,State - BIHAR  10,50,1818318,1119883,698435,1619819,1002296,617523,198499,117587,80912
C3713,10,0,0,State - BIHAR  10,51,185668,103456,82212,165701,91059,74642,19967,12397,7570
C3713,10,0,0,State - BIHAR  10,52,379424,195642,183782,335451,169683,165768,43973,25959,18014
C3713,10,0,0,State - BIHAR  10,53,180208,60212,119996,161621,50725,110896,18587,9487,9100
C3713,10,0,0,State - BIHAR  10,54,147423,64427,82996,129632,54666,74966,17791,9761,8030
C3713,10,0,0,State - BIHAR  10,55,1285076,677233,607843,1148556,606537,542019,136520,70696,65824
C3713,10,0,0,State - BIHAR  10,56,216162,102547,113615,191975,89377,102598,24187,13170,11017
C3713,10,0,0,State - BIHAR  10,57,109762,45666,64096,96534,38174,58360,13228,7492,5736
C3713,10,0,0,State - BIHAR  10,58,379045,126737,252308,343425,109282,234143,35620,17455,18165
C3713,10,0,0,State - BIHAR  10,59,79895,37828,42067,69304,31112,38192,10591,6716,3875
C3713,10,0,0,State - BIHAR  10,60,1509970,844944,665026,1368761,772047,596714,141209,72897,68312
C3713,10,0,0,State - BIHAR  10,61,126312,66703,59609,114285,59631,54654,12027,7072,4955
C3713,10,0,0,State - BIHAR  10,62,270925,133196,137729,244382,118405,125977,26543,14791,11752
C3713,10,0,0,State - BIHAR  10,63,117354,38936,78418,106293,33251,73042,11061,5685,5376
C3713,10,0,0,State - BIHAR  10,64,79348,36964,42384,70512,31963,38549,8836,5001,3835
C3713,10,0,0,State - BIHAR  10,65,978827,519581,459246,882325,471034,411291,96502,48547,47955
C3713,10,0,0,State - BIHAR  10,66,110337,57653,52684,97791,50477,47314,12546,7176,5370
C3713,10,0,0,State - BIHAR  10,67,60186,29723,30463,52563,25157,27406,7623,4566,3057
C3713,10,0,0,State - BIHAR  10,68,167882,59718,108164,152201,52035,100166,15681,7683,7998
C3713,10,0,0,State - BIHAR  10,69,37705,16981,20724,33432,14557,18875,4273,2424,1849
C3713,10,0,0,State - BIHAR  10,70,804536,456607,347929,728876,416608,312268,75660,39999,35661
C3713,10,0,0,State - BIHAR  10,71,54236,29934,24302,49052,26824,22228,5184,3110,2074
C3713,10,0,0,State - BIHAR  10,72,105691,55793,49898,94850,49583,45267,10841,6210,4631
C3713,10,0,0,State - BIHAR  10,73,37022,14653,22369,33066,12410,20656,3956,2243,1713
C3713,10,0,0,State - BIHAR  10,74,28436,14451,13985,24878,12338,12540,3558,2113,1445
C3713,10,0,0,State - BIHAR  10,75,331076,179332,151744,300024,163616,136408,31052,15716,15336
C3713,10,0,0,State - BIHAR  10,76,38244,20217,18027,33913,17707,16206,4331,2510,1821
C3713,10,0,0,State - BIHAR  10,77,17811,8989,8822,15656,7748,7908,2155,1241,914
C3713,10,0,0,State - BIHAR  10,78,48459,19925,28534,43564,17260,26304,4895,2665,2230
C3713,10,0,0,State - BIHAR  10,79,11270,5498,5772,9872,4669,5203,1398,829,569
C3713,10,0,0,State - BIHAR  10,80,259853,145752,114101,235846,133544,102302,24007,12208,11799
C3713,10,0,0,State - BIHAR  10,81,18706,10843,7863,17020,9823,7197,1686,1020,666
C3713,10,0,0,State - BIHAR  10,82,24362,13269,11093,21766,11781,9985,2596,1488,1108
C3713,10,0,0,State - BIHAR  10,83,8531,3832,4699,7532,3257,4275,999,575,424
C3713,10,0,0,State - BIHAR  10,84,6945,3842,3103,6025,3255,2770,920,587,333
C3713,10,0,0,State - BIHAR  10,85,75623,42350,33273,67683,38297,29386,7940,4053,3887
C3713,10,0,0,State - BIHAR  10,86,8441,4794,3647,7467,4218,3249,974,576,398
C3713,10,0,0,State - BIHAR  10,87,4612,2462,2150,3980,2101,1879,632,361,271
C3713,10,0,0,State - BIHAR  10,88,10327,4835,5492,9332,4321,5011,995,514,481
C3713,10,0,0,State - BIHAR  10,89,3212,1614,1598,2849,1428,1421,363,186,177
C3713,10,0,0,State - BIHAR  10,90,62016,34516,27500,55946,31544,24402,6070,2972,3098
C3713,10,0,0,State - BIHAR  10,91,5401,2928,2473,4889,2667,2222,512,261,251
C3713,10,0,0,State - BIHAR  10,92,8877,4786,4091,7924,4228,3696,953,558,395
C3713,10,0,0,State - BIHAR  10,93,4175,1823,2352,3760,1610,2150,415,213,202
C3713,10,0,0,State - BIHAR  10,94,3869,2002,1867,3464,1770,1694,405,232,173
C3713,10,0,0,State - BIHAR  10,95,27339,15649,11690,24513,14189,10324,2826,1460,1366
C3713,10,0,0,State - BIHAR  10,96,5466,2940,2526,4875,2624,2251,591,316,275
C3713,10,0,0,State - BIHAR  10,97,2865,1535,1330,2537,1353,1184,328,182,146
C3713,10,0,0,State - BIHAR  10,98,9880,4761,5119,8842,4210,4632,1038,551,487
C3713,10,0,0,State - BIHAR  10,99,4642,2508,2134,4129,2240,1889,513,268,245
C3713,10,0,0,State - BIHAR  10,100+,10505,5166,5339,9249,4539,4710,1256,627,629
C3713,10,0,0,State - BIHAR  10,Age not stated,177825,103905,73920,162717,94583,68134,15108,9322,5786
C3713,11,0,0,State - SIKKIM  11,All ages,540851,288484,252367,480981,255774,225207,59870,32710,27160
C3713,11,0,0,State - SIKKIM  11,0,10044,5165,4879,9239,4753,4486,805,412,393
C3713,11,0,0,State - SIKKIM  11,1,9624,4902,4722,8871,4490,4381,753,412,341
C3713,11,0,0,State - SIKKIM  11,2,10179,5222,4957,9348,4784,4564,831,438,393
C3713,11,0,0,State - SIKKIM  11,3,11185,5669,5516,10257,5186,5071,928,483,445
C3713,11,0,0,State - SIKKIM  11,4,11237,5831,5406,10368,5380,4988,869,451,418
C3713,11,0,0,State - SIKKIM  11,5,13100,6631,6469,12067,6104,5963,1033,527,506
C3713,11,0,0,State - SIKKIM  11,6,12826,6422,6404,11867,5930,5937,959,492,467
C3713,11,0,0,State - SIKKIM  11,7,12784,6417,6367,11666,5829,5837,1118,588,530
C3713,11,0,0,State - SIKKIM  11,8,14060,7131,6929,12863,6522,6341,1197,609,588
C3713,11,0,0,State - SIKKIM  11,9,12200,6054,6146,11113,5505,5608,1087,549,538
C3713,11,0,0,State - SIKKIM  11,10,15538,8051,7487,14128,7296,6832,1410,755,655
C3713,11,0,0,State - SIKKIM  11,11,12285,6353,5932,11110,5740,5370,1175,613,562
C3713,11,0,0,State - SIKKIM  11,12,16393,8512,7881,14773,7711,7062,1620,801,819
C3713,11,0,0,State - SIKKIM  11,13,13384,6617,6767,12017,5945,6072,1367,672,695
C3713,11,0,0,State - SIKKIM  11,14,14068,6983,7085,12534,6241,6293,1534,742,792
C3713,11,0,0,State - SIKKIM  11,15,13017,6496,6521,11516,5759,5757,1501,737,764
C3713,11,0,0,State - SIKKIM  11,16,13180,6577,6603,11648,5799,5849,1532,778,754
C3713,11,0,0,State - SIKKIM  11,17,11384,5829,5555,9969,5082,4887,1415,747,668
C3713,11,0,0,State - SIKKIM  11,18,15466,8345,7121,13509,7268,6241,1957,1077,880
C3713,11,0,0,State - SIKKIM  11,19,10397,5392,5005,9150,4699,4451,1247,693,554
C3713,11,0,0,State - SIKKIM  11,20,13243,7134,6109,11521,6154,5367,1722,980,742
C3713,11,0,0,State - SIKKIM  11,21,10490,5683,4807,9234,4951,4283,1256,732,524
C3713,11,0,0,State - SIKKIM  11,22,12346,6686,5660,10741,5746,4995,1605,940,665
C3713,11,0,0,State - SIKKIM  11,23,8831,4642,4189,7689,4021,3668,1142,621,521
C3713,11,0,0,State - SIKKIM  11,24,10261,5422,4839,8892,4702,4190,1369,720,649
C3713,11,0,0,State - SIKKIM  11,25,12115,6415,5700,10458,5505,4953,1657,910,747
C3713,11,0,0,State - SIKKIM  11,26,10187,5239,4948,8911,4561,4350,1276,678,598
C3713,11,0,0,State - SIKKIM  11,27,8280,4366,3914,7158,3788,3370,1122,578,544
C3713,11,0,0,State - SIKKIM  11,28,10787,5692,5095,9231,4854,4377,1556,838,718
C3713,11,0,0,State - SIKKIM  11,29,6183,3252,2931,5363,2831,2532,820,421,399
C3713,11,0,0,State - SIKKIM  11,30,13316,7081,6235,11436,6093,5343,1880,988,892
C3713,11,0,0,State - SIKKIM  11,31,5751,3267,2484,5096,2901,2195,655,366,289
C3713,11,0,0,State - SIKKIM  11,32,9049,5099,3950,7865,4419,3446,1184,680,504
C3713,11,0,0,State - SIKKIM  11,33,5443,3032,2411,4733,2658,2075,710,374,336
C3713,11,0,0,State - SIKKIM  11,34,5594,3171,2423,4830,2738,2092,764,433,331
C3713,11,0,0,State - SIKKIM  11,35,11695,6456,5239,10072,5545,4527,1623,911,712
C3713,11,0,0,State - SIKKIM  11,36,7499,4191,3308,6565,3667,2898,934,524,410
C3713,11,0,0,State - SIKKIM  11,37,5090,2950,2140,4402,2561,1841,688,389,299
C3713,11,0,0,State - SIKKIM  11,38,7536,4213,3323,6446,3616,2830,1090,597,493
C3713,11,0,0,State - SIKKIM  11,39,4564,2573,1991,3961,2231,1730,603,342,261
C3713,11,0,0,State - SIKKIM  11,40,11204,6311,4893,9741,5440,4301,1463,871,592
C3713,11,0,0,State - SIKKIM  11,41,4052,2404,1648,3620,2126,1494,432,278,154
C3713,11,0,0,State - SIKKIM  11,42,5848,3414,2434,5019,2919,2100,829,495,334
C3713,11,0,0,State - SIKKIM  11,43,3626,2091,1535,3150,1820,1330,476,271,205
C3713,11,0,0,State - SIKKIM  11,44,3399,1994,1405,2993,1745,1248,406,249,157
C3713,11,0,0,State - SIKKIM  11,45,8122,4537,3585,7026,3873,3153,1096,664,432
C3713,11,0,0,State - SIKKIM  11,46,3916,2245,1671,3461,1974,1487,455,271,184
C3713,11,0,0,State - SIKKIM  11,47,2913,1764,1149,2534,1508,1026,379,256,123
C3713,11,0,0,State - SIKKIM  11,48,4476,2639,1837,3862,2246,1616,614,393,221
C3713,11,0,0,State - SIKKIM  11,49,2750,1647,1103,2399,1436,963,351,211,140
C3713,11,0,0,State - SIKKIM  11,50,6670,3748,2922,5948,3317,2631,722,431,291
C3713,11,0,0,State - SIKKIM  11,51,2695,1629,1066,2445,1454,991,250,175,75
C3713,11,0,0,State - SIKKIM  11,52,3289,1916,1373,2916,1677,1239,373,239,134
C3713,11,0,0,State - SIKKIM  11,53,2271,1338,933,2063,1204,859,208,134,74
C3713,11,0,0,State - SIKKIM  11,54,1994,1140,854,1769,1007,762,225,133,92
C3713,11,0,0,State - SIKKIM  11,55,4128,2319,1809,3682,2057,1625,446,262,184
C3713,11,0,0,State - SIKKIM  11,56,2443,1459,984,2219,1314,905,224,145,79
C3713,11,0,0,State - SIKKIM  11,57,2065,1286,779,1903,1183,720,162,103,59
C3713,11,0,0,State - SIKKIM  11,58,2091,1241,850,1863,1105,758,228,136,92
C3713,11,0,0,State - SIKKIM  11,59,1310,766,544,1185,685,500,125,81,44
C3713,11,0,0,State - SIKKIM  11,60,4863,2652,2211,4409,2395,2014,454,257,197
C3713,11,0,0,State - SIKKIM  11,61,1416,782,634,1330,737,593,86,45,41
C3713,11,0,0,State - SIKKIM  11,62,1658,966,692,1520,886,634,138,80,58
C3713,11,0,0,State - SIKKIM  11,63,1345,744,601,1237,687,550,108,57,51
C3713,11,0,0,State - SIKKIM  11,64,1187,668,519,1089,612,477,98,56,42
C3713,11,0,0,State - SIKKIM  11,65,2969,1626,1343,2691,1475,1216,278,151,127
C3713,11,0,0,State - SIKKIM  11,66,1436,823,613,1350,780,570,86,43,43
C3713,11,0,0,State - SIKKIM  11,67,1186,667,519,1114,630,484,72,37,35
C3713,11,0,0,State - SIKKIM  11,68,1313,745,568,1212,693,519,101,52,49
C3713,11,0,0,State - SIKKIM  11,69,689,389,300,633,361,272,56,28,28
C3713,11,0,0,State - SIKKIM  11,70,2387,1367,1020,2202,1269,933,185,98,87
C3713,11,0,0,State - SIKKIM  11,71,686,378,308,645,358,287,41,20,21
C3713,11,0,0,State - SIKKIM  11,72,1099,639,460,1028,597,431,71,42,29
C3713,11,0,0,State - SIKKIM  11,73,756,489,267,707,461,246,49,28,21
C3713,11,0,0,State - SIKKIM  11,74,595,360,235,537,330,207,58,30,28
C3713,11,0,0,State - SIKKIM  11,75,982,559,423,893,511,382,89,48,41
C3713,11,0,0,State - SIKKIM  11,76,533,295,238,492,272,220,41,23,18
C3713,11,0,0,State - SIKKIM  11,77,397,229,168,366,217,149,31,12,19
C3713,11,0,0,State - SIKKIM  11,78,535,305,230,488,281,207,47,24,23
C3713,11,0,0,State - SIKKIM  11,79,302,164,138,270,148,122,32,16,16
C3713,11,0,0,State - SIKKIM  11,80,775,399,376,701,360,341,74,39,35
C3713,11,0,0,State - SIKKIM  11,81,231,147,84,215,139,76,16,8,8
C3713,11,0,0,State - SIKKIM  11,82,236,151,85,218,137,81,18,14,4
C3713,11,0,0,State - SIKKIM  11,83,174,102,72,166,96,70,8,6,2
C3713,11,0,0,State - SIKKIM  11,84,233,141,92,217,129,88,16,12,4
C3713,11,0,0,State - SIKKIM  11,85,243,130,113,227,121,106,16,9,7
C3713,11,0,0,State - SIKKIM  11,86,155,87,68,137,75,62,18,12,6
C3713,11,0,0,State - SIKKIM  11,87,105,75,30,99,73,26,6,2,4
C3713,11,0,0,State - SIKKIM  11,88,97,60,37,91,56,35,6,4,2
C3713,11,0,0,State - SIKKIM  11,89,61,42,19,54,38,16,7,4,3
C3713,11,0,0,State - SIKKIM  11,90,100,46,54,91,41,50,9,5,4
C3713,11,0,0,State - SIKKIM  11,91,29,21,8,27,20,7,2,1,1
C3713,11,0,0,State - SIKKIM  11,92,33,20,13,29,20,9,4,0,4
C3713,11,0,0,State - SIKKIM  11,93,37,13,24,31,12,19,6,1,5
C3713,11,0,0,State - SIKKIM  11,94,20,11,9,18,10,8,2,1,1
C3713,11,0,0,State - SIKKIM  11,95,34,16,18,31,13,18,3,3,0
C3713,11,0,0,State - SIKKIM  11,96,28,18,10,27,17,10,1,1,0
C3713,11,0,0,State - SIKKIM  11,97,25,16,9,23,16,7,2,0,2
C3713,11,0,0,State - SIKKIM  11,98,31,15,16,27,12,15,4,3,1
C3713,11,0,0,State - SIKKIM  11,99,21,12,9,19,10,9,2,2,0
C3713,11,0,0,State - SIKKIM  11,100+,38,22,16,38,22,16,0,0,0
C3713,11,0,0,State - SIKKIM  11,Age not stated,1938,1042,896,1867,1002,865,71,40,31
C3713,12,0,0,State - ARUNACHAL PRADESH  12,All ages,1097968,579941,518027,870087,454680,415407,227881,125261,102620
C3713,12,0,0,State - ARUNACHAL PRADESH  12,0,20674,10503,10171,17153,8735,8418,3521,1768,1753
C3713,12,0,0,State - ARUNACHAL PRADESH  12,1,23931,12115,11816,19349,9809,9540,4582,2306,2276
C3713,12,0,0,State - ARUNACHAL PRADESH  12,2,30570,15501,15069,25219,12823,12396,5351,2678,2673
C3713,12,0,0,State - ARUNACHAL PRADESH  12,3,31507,15728,15779,25874,12952,12922,5633,2776,2857
C3713,12,0,0,State - ARUNACHAL PRADESH  12,4,31161,15944,15217,25545,13084,12461,5616,2860,2756
C3713,12,0,0,State - ARUNACHAL PRADESH  12,5,33141,17175,15966,27011,14043,12968,6130,3132,2998
C3713,12,0,0,State - ARUNACHAL PRADESH  12,6,34887,17867,17020,28878,14784,14094,6009,3083,2926
C3713,12,0,0,State - ARUNACHAL PRADESH  12,7,30720,15903,14817,24445,12624,11821,6275,3279,2996
C3713,12,0,0,State - ARUNACHAL PRADESH  12,8,37307,19051,18256,30701,15679,15022,6606,3372,3234
C3713,12,0,0,State - ARUNACHAL PRADESH  12,9,26121,13247,12874,20927,10627,10300,5194,2620,2574
C3713,12,0,0,State - ARUNACHAL PRADESH  12,10,38726,20004,18722,31619,16316,15303,7107,3688,3419
C3713,12,0,0,State - ARUNACHAL PRADESH  12,11,18974,9573,9401,14594,7395,7199,4380,2178,2202
C3713,12,0,0,State - ARUNACHAL PRADESH  12,12,35764,18284,17480,28775,14838,13937,6989,3446,3543
C3713,12,0,0,State - ARUNACHAL PRADESH  12,13,22647,11351,11296,17471,8785,8686,5176,2566,2610
C3713,12,0,0,State - ARUNACHAL PRADESH  12,14,26695,13552,13143,20865,10671,10194,5830,2881,2949
C3713,12,0,0,State - ARUNACHAL PRADESH  12,15,26387,13867,12520,20352,10630,9722,6035,3237,2798
C3713,12,0,0,State - ARUNACHAL PRADESH  12,16,24684,12716,11968,19165,9873,9292,5519,2843,2676
C3713,12,0,0,State - ARUNACHAL PRADESH  12,17,15755,8466,7289,11504,6163,5341,4251,2303,1948
C3713,12,0,0,State - ARUNACHAL PRADESH  12,18,28881,15060,13821,22424,11627,10797,6457,3433,3024
C3713,12,0,0,State - ARUNACHAL PRADESH  12,19,14854,7449,7405,11177,5522,5655,3677,1927,1750
C3713,12,0,0,State - ARUNACHAL PRADESH  12,20,28944,14466,14478,22677,11258,11419,6267,3208,3059
C3713,12,0,0,State - ARUNACHAL PRADESH  12,21,11683,6488,5195,8586,4650,3936,3097,1838,1259
C3713,12,0,0,State - ARUNACHAL PRADESH  12,22,18807,9949,8858,14029,7306,6723,4778,2643,2135
C3713,12,0,0,State - ARUNACHAL PRADESH  12,23,12312,6391,5921,9184,4691,4493,3128,1700,1428
C3713,12,0,0,State - ARUNACHAL PRADESH  12,24,14287,7218,7069,10645,5277,5368,3642,1941,1701
C3713,12,0,0,State - ARUNACHAL PRADESH  12,25,31419,15625,15794,23934,11927,12007,7485,3698,3787
C3713,12,0,0,State - ARUNACHAL PRADESH  12,26,16044,8237,7807,11856,6073,5783,4188,2164,2024
C3713,12,0,0,State - ARUNACHAL PRADESH  12,27,13228,7143,6085,9762,5243,4519,3466,1900,1566
C3713,12,0,0,State - ARUNACHAL PRADESH  12,28,22057,10725,11332,16628,8024,8604,5429,2701,2728
C3713,12,0,0,State - ARUNACHAL PRADESH  12,29,10154,5242,4912,7465,3819,3646,2689,1423,1266
C3713,12,0,0,State - ARUNACHAL PRADESH  12,30,38307,19814,18493,28672,14675,13997,9635,5139,4496
C3713,12,0,0,State - ARUNACHAL PRADESH  12,31,6763,4121,2642,4947,2925,2022,1816,1196,620
C3713,12,0,0,State - ARUNACHAL PRADESH  12,32,15805,8742,7063,11643,6279,5364,4162,2463,1699
C3713,12,0,0,State - ARUNACHAL PRADESH  12,33,8235,4514,3721,5999,3145,2854,2236,1369,867
C3713,12,0,0,State - ARUNACHAL PRADESH  12,34,8232,4581,3651,6065,3252,2813,2167,1329,838
C3713,12,0,0,State - ARUNACHAL PRADESH  12,35,34363,19089,15274,25394,13817,11577,8969,5272,3697
C3713,12,0,0,State - ARUNACHAL PRADESH  12,36,11734,6480,5254,8702,4652,4050,3032,1828,1204
C3713,12,0,0,State - ARUNACHAL PRADESH  12,37,8073,4730,3343,6026,3422,2604,2047,1308,739
C3713,12,0,0,State - ARUNACHAL PRADESH  12,38,15756,8407,7349,12034,6233,5801,3722,2174,1548
C3713,12,0,0,State - ARUNACHAL PRADESH  12,39,7342,4251,3091,5663,3195,2468,1679,1056,623
C3713,12,0,0,State - ARUNACHAL PRADESH  12,40,32253,18523,13730,25127,13936,11191,7126,4587,2539
C3713,12,0,0,State - ARUNACHAL PRADESH  12,41,4320,2755,1565,3372,2061,1311,948,694,254
C3713,12,0,0,State - ARUNACHAL PRADESH  12,42,9157,5459,3698,7095,4070,3025,2062,1389,673
C3713,12,0,0,State - ARUNACHAL PRADESH  12,43,4904,2767,2137,3860,2061,1799,1044,706,338
C3713,12,0,0,State - ARUNACHAL PRADESH  12,44,3740,2099,1641,2938,1537,1401,802,562,240
C3713,12,0,0,State - ARUNACHAL PRADESH  12,45,23690,13642,10048,18866,10540,8326,4824,3102,1722
C3713,12,0,0,State - ARUNACHAL PRADESH  12,46,5565,3157,2408,4605,2502,2103,960,655,305
C3713,12,0,0,State - ARUNACHAL PRADESH  12,47,4340,2524,1816,3506,1937,1569,834,587,247
C3713,12,0,0,State - ARUNACHAL PRADESH  12,48,9049,4965,4084,7501,3941,3560,1548,1024,524
C3713,12,0,0,State - ARUNACHAL PRADESH  12,49,4200,2412,1788,3549,1927,1622,651,485,166
C3713,12,0,0,State - ARUNACHAL PRADESH  12,50,21441,12573,8868,18070,10336,7734,3371,2237,1134
C3713,12,0,0,State - ARUNACHAL PRADESH  12,51,2848,1879,969,2409,1518,891,439,361,78
C3713,12,0,0,State - ARUNACHAL PRADESH  12,52,5139,3260,1879,4220,2557,1663,919,703,216
C3713,12,0,0,State - ARUNACHAL PRADESH  12,53,2823,1693,1130,2333,1306,1027,490,387,103
C3713,12,0,0,State - ARUNACHAL PRADESH  12,54,2832,1776,1056,2355,1388,967,477,388,89
C3713,12,0,0,State - ARUNACHAL PRADESH  12,55,11296,6539,4757,9633,5404,4229,1663,1135,528
C3713,12,0,0,State - ARUNACHAL PRADESH  12,56,3741,2277,1464,3257,1899,1358,484,378,106
C3713,12,0,0,State - ARUNACHAL PRADESH  12,57,2325,1446,879,2002,1172,830,323,274,49
C3713,12,0,0,State - ARUNACHAL PRADESH  12,58,4337,2326,2011,3799,1933,1866,538,393,145
C3713,12,0,0,State - ARUNACHAL PRADESH  12,59,2011,1174,837,1815,1017,798,196,157,39
C3713,12,0,0,State - ARUNACHAL PRADESH  12,60,13839,7469,6370,12526,6723,5803,1313,746,567
C3713,12,0,0,State - ARUNACHAL PRADESH  12,61,1429,816,613,1334,756,578,95,60,35
C3713,12,0,0,State - ARUNACHAL PRADESH  12,62,2312,1211,1101,2141,1115,1026,171,96,75
C3713,12,0,0,State - ARUNACHAL PRADESH  12,63,1318,675,643,1230,626,604,88,49,39
C3713,12,0,0,State - ARUNACHAL PRADESH  12,64,1102,536,566,1044,502,542,58,34,24
C3713,12,0,0,State - ARUNACHAL PRADESH  12,65,6900,3638,3262,6261,3289,2972,639,349,290
C3713,12,0,0,State - ARUNACHAL PRADESH  12,66,1052,534,518,995,501,494,57,33,24
C3713,12,0,0,State - ARUNACHAL PRADESH  12,67,1101,582,519,1027,546,481,74,36,38
C3713,12,0,0,State - ARUNACHAL PRADESH  12,68,1848,931,917,1735,870,865,113,61,52
C3713,12,0,0,State - ARUNACHAL PRADESH  12,69,970,488,482,927,466,461,43,22,21
C3713,12,0,0,State - ARUNACHAL PRADESH  12,70,5989,3230,2759,5544,3012,2532,445,218,227
C3713,12,0,0,State - ARUNACHAL PRADESH  12,71,523,277,246,495,262,233,28,15,13
C3713,12,0,0,State - ARUNACHAL PRADESH  12,72,1004,531,473,926,482,444,78,49,29
C3713,12,0,0,State - ARUNACHAL PRADESH  12,73,442,219,223,419,206,213,23,13,10
C3713,12,0,0,State - ARUNACHAL PRADESH  12,74,337,147,190,311,135,176,26,12,14
C3713,12,0,0,State - ARUNACHAL PRADESH  12,75,2468,1315,1153,2287,1221,1066,181,94,87
C3713,12,0,0,State - ARUNACHAL PRADESH  12,76,451,233,218,420,223,197,31,10,21
C3713,12,0,0,State - ARUNACHAL PRADESH  12,77,270,135,135,256,125,131,14,10,4
C3713,12,0,0,State - ARUNACHAL PRADESH  12,78,598,310,288,578,298,280,20,12,8
C3713,12,0,0,State - ARUNACHAL PRADESH  12,79,314,167,147,296,158,138,18,9,9
C3713,12,0,0,State - ARUNACHAL PRADESH  12,80,2473,1303,1170,2309,1226,1083,164,77,87
C3713,12,0,0,State - ARUNACHAL PRADESH  12,81,197,113,84,185,109,76,12,4,8
C3713,12,0,0,State - ARUNACHAL PRADESH  12,82,261,150,111,233,135,98,28,15,13
C3713,12,0,0,State - ARUNACHAL PRADESH  12,83,152,70,82,142,65,77,10,5,5
C3713,12,0,0,State - ARUNACHAL PRADESH  12,84,116,58,58,101,52,49,15,6,9
C3713,12,0,0,State - ARUNACHAL PRADESH  12,85,660,338,322,616,321,295,44,17,27
C3713,12,0,0,State - ARUNACHAL PRADESH  12,86,149,72,77,142,69,73,7,3,4
C3713,12,0,0,State - ARUNACHAL PRADESH  12,87,132,66,66,120,57,63,12,9,3
C3713,12,0,0,State - ARUNACHAL PRADESH  12,88,131,79,52,124,72,52,7,7,0
C3713,12,0,0,State - ARUNACHAL PRADESH  12,89,114,71,43,104,64,40,10,7,3
C3713,12,0,0,State - ARUNACHAL PRADESH  12,90,488,252,236,460,236,224,28,16,12
C3713,12,0,0,State - ARUNACHAL PRADESH  12,91,81,51,30,73,45,28,8,6,2
C3713,12,0,0,State - ARUNACHAL PRADESH  12,92,81,48,33,69,38,31,12,10,2
C3713,12,0,0,State - ARUNACHAL PRADESH  12,93,49,22,27,35,15,20,14,7,7
C3713,12,0,0,State - ARUNACHAL PRADESH  12,94,36,15,21,34,15,19,2,0,2
C3713,12,0,0,State - ARUNACHAL PRADESH  12,95,190,95,95,166,82,84,24,13,11
C3713,12,0,0,State - ARUNACHAL PRADESH  12,96,47,24,23,45,23,22,2,1,1
C3713,12,0,0,State - ARUNACHAL PRADESH  12,97,39,23,16,35,20,15,4,3,1
C3713,12,0,0,State - ARUNACHAL PRADESH  12,98,73,36,37,67,32,35,6,4,2
C3713,12,0,0,State - ARUNACHAL PRADESH  12,99,70,38,32,66,34,32,4,4,0
C3713,12,0,0,State - ARUNACHAL PRADESH  12,100+,110,49,61,95,37,58,15,12,3
C3713,12,0,0,State - ARUNACHAL PRADESH  12,Age not stated,1110,709,401,843,532,311,267,177,90
C3713,13,0,0,State - NAGALAND  13,All ages,1990036,1047141,942895,1647249,859716,787533,342787,187425,155362
C3713,13,0,0,State - NAGALAND  13,0,22964,11587,11377,19127,9644,9483,3837,1943,1894
C3713,13,0,0,State - NAGALAND  13,1,33496,16929,16567,27004,13567,13437,6492,3362,3130
C3713,13,0,0,State - NAGALAND  13,2,41871,21062,20809,34561,17339,17222,7310,3723,3587
C3713,13,0,0,State - NAGALAND  13,3,42936,21538,21398,35505,17807,17698,7431,3731,3700
C3713,13,0,0,State - NAGALAND  13,4,46393,23741,22652,38869,19739,19130,7524,4002,3522
C3713,13,0,0,State - NAGALAND  13,5,45854,23765,22089,38406,19936,18470,7448,3829,3619
C3713,13,0,0,State - NAGALAND  13,6,56164,28902,27262,47725,24487,23238,8439,4415,4024
C3713,13,0,0,State - NAGALAND  13,7,45168,23287,21881,37139,19051,18088,8029,4236,3793
C3713,13,0,0,State - NAGALAND  13,8,62952,32748,30204,53510,27865,25645,9442,4883,4559
C3713,13,0,0,State - NAGALAND  13,9,47392,24878,22514,39869,20933,18936,7523,3945,3578
C3713,13,0,0,State - NAGALAND  13,10,74025,38774,35251,62881,32881,30000,11144,5893,5251
C3713,13,0,0,State - NAGALAND  13,11,36483,19155,17328,29739,15651,14088,6744,3504,3240
C3713,13,0,0,State - NAGALAND  13,12,68636,35700,32936,57735,30130,27605,10901,5570,5331
C3713,13,0,0,State - NAGALAND  13,13,45124,23521,21603,36702,19191,17511,8422,4330,4092
C3713,13,0,0,State - NAGALAND  13,14,58951,30571,28380,49138,25583,23555,9813,4988,4825
C3713,13,0,0,State - NAGALAND  13,15,56508,29797,26711,46892,24766,22126,9616,5031,4585
C3713,13,0,0,State - NAGALAND  13,16,60758,31664,29094,50618,26404,24214,10140,5260,4880
C3713,13,0,0,State - NAGALAND  13,17,37388,19680,17708,30938,16268,14670,6450,3412,3038
C3713,13,0,0,State - NAGALAND  13,18,77284,40683,36601,65175,34127,31048,12109,6556,5553
C3713,13,0,0,State - NAGALAND  13,19,34166,18099,16067,28330,14980,13350,5836,3119,2717
C3713,13,0,0,State - NAGALAND  13,20,73253,38316,34937,60786,31786,29000,12467,6530,5937
C3713,13,0,0,State - NAGALAND  13,21,31264,16680,14584,26134,13951,12183,5130,2729,2401
C3713,13,0,0,State - NAGALAND  13,22,40565,21381,19184,33052,17317,15735,7513,4064,3449
C3713,13,0,0,State - NAGALAND  13,23,30129,15739,14390,24758,12927,11831,5371,2812,2559
C3713,13,0,0,State - NAGALAND  13,24,34719,18105,16614,28707,14933,13774,6012,3172,2840
C3713,13,0,0,State - NAGALAND  13,25,47930,24715,23215,37408,19308,18100,10522,5407,5115
C3713,13,0,0,State - NAGALAND  13,26,32870,16712,16158,26773,13604,13169,6097,3108,2989
C3713,13,0,0,State - NAGALAND  13,27,23576,12189,11387,18696,9635,9061,4880,2554,2326
C3713,13,0,0,State - NAGALAND  13,28,40814,20160,20654,32812,16054,16758,8002,4106,3896
C3713,13,0,0,State - NAGALAND  13,29,18252,9353,8899,14857,7454,7403,3395,1899,1496
C3713,13,0,0,State - NAGALAND  13,30,57501,30030,27471,44197,22954,21243,13304,7076,6228
C3713,13,0,0,State - NAGALAND  13,31,12204,6834,5370,9948,5369,4579,2256,1465,791
C3713,13,0,0,State - NAGALAND  13,32,24122,12759,11363,18847,9674,9173,5275,3085,2190
C3713,13,0,0,State - NAGALAND  13,33,13685,7237,6448,10916,5553,5363,2769,1684,1085
C3713,13,0,0,State - NAGALAND  13,34,15395,7676,7719,12539,6005,6534,2856,1671,1185
C3713,13,0,0,State - NAGALAND  13,35,42641,23164,19477,31251,16586,14665,11390,6578,4812
C3713,13,0,0,State - NAGALAND  13,36,21879,10982,10897,17721,8557,9164,4158,2425,1733
C3713,13,0,0,State - NAGALAND  13,37,14362,7536,6826,11650,5895,5755,2712,1641,1071
C3713,13,0,0,State - NAGALAND  13,38,29080,14463,14617,23768,11480,12288,5312,2983,2329
C3713,13,0,0,State - NAGALAND  13,39,14262,7580,6682,12243,6347,5896,2019,1233,786
C3713,13,0,0,State - NAGALAND  13,40,49543,27264,22279,38642,20669,17973,10901,6595,4306
C3713,13,0,0,State - NAGALAND  13,41,9469,5397,4072,8122,4484,3638,1347,913,434
C3713,13,0,0,State - NAGALAND  13,42,17177,9101,8076,14299,7374,6925,2878,1727,1151
C3713,13,0,0,State - NAGALAND  13,43,10269,5133,5136,8776,4240,4536,1493,893,600
C3713,13,0,0,State - NAGALAND  13,44,8526,4019,4507,7450,3419,4031,1076,600,476
C3713,13,0,0,State - NAGALAND  13,45,33846,18809,15037,26431,14263,12168,7415,4546,2869
C3713,13,0,0,State - NAGALAND  13,46,12912,6645,6267,11184,5608,5576,1728,1037,691
C3713,13,0,0,State - NAGALAND  13,47,9843,5194,4649,8518,4387,4131,1325,807,518
C3713,13,0,0,State - NAGALAND  13,48,20501,10958,9543,17753,9276,8477,2748,1682,1066
C3713,13,0,0,State - NAGALAND  13,49,10161,5888,4273,9103,5153,3950,1058,735,323
C3713,13,0,0,State - NAGALAND  13,50,32021,18713,13308,25961,14717,11244,6060,3996,2064
C3713,13,0,0,State - NAGALAND  13,51,6334,3888,2446,5567,3317,2250,767,571,196
C3713,13,0,0,State - NAGALAND  13,52,9640,5823,3817,8213,4840,3373,1427,983,444
C3713,13,0,0,State - NAGALAND  13,53,5560,3210,2350,4760,2638,2122,800,572,228
C3713,13,0,0,State - NAGALAND  13,54,6417,3528,2889,5613,2977,2636,804,551,253
C3713,13,0,0,State - NAGALAND  13,55,14189,7993,6196,11747,6384,5363,2442,1609,833
C3713,13,0,0,State - NAGALAND  13,56,7654,4491,3163,6750,3863,2887,904,628,276
C3713,13,0,0,State - NAGALAND  13,57,4913,2805,2108,4347,2404,1943,566,401,165
C3713,13,0,0,State - NAGALAND  13,58,8898,4817,4081,8076,4282,3794,822,535,287
C3713,13,0,0,State - NAGALAND  13,59,4080,2437,1643,3780,2231,1549,300,206,94
C3713,13,0,0,State - NAGALAND  13,60,18744,10873,7871,16319,9296,7023,2425,1577,848
C3713,13,0,0,State - NAGALAND  13,61,2849,1657,1192,2669,1547,1122,180,110,70
C3713,13,0,0,State - NAGALAND  13,62,4623,2587,2036,4195,2323,1872,428,264,164
C3713,13,0,0,State - NAGALAND  13,63,2817,1549,1268,2573,1395,1178,244,154,90
C3713,13,0,0,State - NAGALAND  13,64,2714,1401,1313,2503,1254,1249,211,147,64
C3713,13,0,0,State - NAGALAND  13,65,9348,5209,4139,8203,4522,3681,1145,687,458
C3713,13,0,0,State - NAGALAND  13,66,2083,1145,938,1871,1023,848,212,122,90
C3713,13,0,0,State - NAGALAND  13,67,2567,1496,1071,2338,1351,987,229,145,84
C3713,13,0,0,State - NAGALAND  13,68,4621,2479,2142,4333,2310,2023,288,169,119
C3713,13,0,0,State - NAGALAND  13,69,2338,1281,1057,2201,1191,1010,137,90,47
C3713,13,0,0,State - NAGALAND  13,70,8800,5016,3784,7829,4451,3378,971,565,406
C3713,13,0,0,State - NAGALAND  13,71,1428,773,655,1340,724,616,88,49,39
C3713,13,0,0,State - NAGALAND  13,72,2292,1282,1010,2100,1165,935,192,117,75
C3713,13,0,0,State - NAGALAND  13,73,1227,675,552,1122,605,517,105,70,35
C3713,13,0,0,State - NAGALAND  13,74,1134,602,532,1034,539,495,100,63,37
C3713,13,0,0,State - NAGALAND  13,75,3907,2172,1735,3516,1959,1557,391,213,178
C3713,13,0,0,State - NAGALAND  13,76,1433,737,696,1302,671,631,131,66,65
C3713,13,0,0,State - NAGALAND  13,77,771,431,340,696,382,314,75,49,26
C3713,13,0,0,State - NAGALAND  13,78,2046,1130,916,1912,1041,871,134,89,45
C3713,13,0,0,State - NAGALAND  13,79,970,531,439,911,492,419,59,39,20
C3713,13,0,0,State - NAGALAND  13,80,3841,2161,1680,3496,1989,1507,345,172,173
C3713,13,0,0,State - NAGALAND  13,81,726,435,291,674,406,268,52,29,23
C3713,13,0,0,State - NAGALAND  13,82,837,503,334,773,472,301,64,31,33
C3713,13,0,0,State - NAGALAND  13,83,521,290,231,473,263,210,48,27,21
C3713,13,0,0,State - NAGALAND  13,84,402,215,187,360,191,169,42,24,18
C3713,13,0,0,State - NAGALAND  13,85,1453,855,598,1312,774,538,141,81,60
C3713,13,0,0,State - NAGALAND  13,86,527,256,271,491,239,252,36,17,19
C3713,13,0,0,State - NAGALAND  13,87,453,255,198,421,236,185,32,19,13
C3713,13,0,0,State - NAGALAND  13,88,516,300,216,465,273,192,51,27,24
C3713,13,0,0,State - NAGALAND  13,89,460,260,200,429,244,185,31,16,15
C3713,13,0,0,State - NAGALAND  13,90,1191,651,540,1043,589,454,148,62,86
C3713,13,0,0,State - NAGALAND  13,91,252,143,109,232,135,97,20,8,12
C3713,13,0,0,State - NAGALAND  13,92,320,192,128,283,169,114,37,23,14
C3713,13,0,0,State - NAGALAND  13,93,195,104,91,180,98,82,15,6,9
C3713,13,0,0,State - NAGALAND  13,94,137,72,65,118,63,55,19,9,10
C3713,13,0,0,State - NAGALAND  13,95,521,301,220,452,268,184,69,33,36
C3713,13,0,0,State - NAGALAND  13,96,225,120,105,200,106,94,25,14,11
C3713,13,0,0,State - NAGALAND  13,97,177,99,78,159,93,66,18,6,12
C3713,13,0,0,State - NAGALAND  13,98,416,246,170,381,226,155,35,20,15
C3713,13,0,0,State - NAGALAND  13,99,223,144,79,200,129,71,23,15,8
C3713,13,0,0,State - NAGALAND  13,100+,218,108,110,185,96,89,33,12,21
C3713,13,0,0,State - NAGALAND  13,Age not stated,4744,2600,2144,3937,2152,1785,807,448,359
C3713,14,0,0,State - MANIPUR  14,All ages,2166788,1095634,1071154,1590820,808953,781867,575968,286681,289287
C3713,14,0,0,State - MANIPUR  14,0,25025,12849,12176,18027,9308,8719,6998,3541,3457
C3713,14,0,0,State - MANIPUR  14,1,39826,20481,19345,30138,15494,14644,9688,4987,4701
C3713,14,0,0,State - MANIPUR  14,2,44956,22816,22140,34402,17437,16965,10554,5379,5175
C3713,14,0,0,State - MANIPUR  14,3,49443,25293,24150,37320,19182,18138,12123,6111,6012
C3713,14,0,0,State - MANIPUR  14,4,46030,23424,22606,35013,17839,17174,11017,5585,5432
C3713,14,0,0,State - MANIPUR  14,5,51302,26295,25007,38717,19807,18910,12585,6488,6097
C3713,14,0,0,State - MANIPUR  14,6,52003,26524,25479,40058,20419,19639,11945,6105,5840
C3713,14,0,0,State - MANIPUR  14,7,46712,23831,22881,34910,17832,17078,11802,5999,5803
C3713,14,0,0,State - MANIPUR  14,8,55409,28164,27245,42732,21822,20910,12677,6342,6335
C3713,14,0,0,State - MANIPUR  14,9,37491,19192,18299,28683,14701,13982,8808,4491,4317
C3713,14,0,0,State - MANIPUR  14,10,66157,34090,32067,51166,26348,24818,14991,7742,7249
C3713,14,0,0,State - MANIPUR  14,11,35434,18246,17188,26085,13423,12662,9349,4823,4526
C3713,14,0,0,State - MANIPUR  14,12,58813,30189,28624,44766,23071,21695,14047,7118,6929
C3713,14,0,0,State - MANIPUR  14,13,47277,23836,23441,34453,17467,16986,12824,6369,6455
C3713,14,0,0,State - MANIPUR  14,14,50827,25637,25190,37813,19173,18640,13014,6464,6550
C3713,14,0,0,State - MANIPUR  14,15,54323,27513,26810,40470,20635,19835,13853,6878,6975
C3713,14,0,0,State - MANIPUR  14,16,49254,24484,24770,36864,18347,18517,12390,6137,6253
C3713,14,0,0,State - MANIPUR  14,17,35698,17598,18100,26115,12953,13162,9583,4645,4938
C3713,14,0,0,State - MANIPUR  14,18,68726,34119,34607,52121,25869,26252,16605,8250,8355
C3713,14,0,0,State - MANIPUR  14,19,29975,14821,15154,22081,10980,11101,7894,3841,4053
C3713,14,0,0,State - MANIPUR  14,20,70685,34659,36026,53383,26309,27074,17302,8350,8952
C3713,14,0,0,State - MANIPUR  14,21,31841,16148,15693,22875,11718,11157,8966,4430,4536
C3713,14,0,0,State - MANIPUR  14,22,45476,22556,22920,32974,16438,16536,12502,6118,6384
C3713,14,0,0,State - MANIPUR  14,23,37061,18534,18527,26646,13443,13203,10415,5091,5324
C3713,14,0,0,State - MANIPUR  14,24,37421,18496,18925,27021,13487,13534,10400,5009,5391
C3713,14,0,0,State - MANIPUR  14,25,58510,28375,30135,43005,20908,22097,15505,7467,8038
C3713,14,0,0,State - MANIPUR  14,26,35419,17682,17737,25743,12910,12833,9676,4772,4904
C3713,14,0,0,State - MANIPUR  14,27,33701,16740,16961,24079,12105,11974,9622,4635,4987
C3713,14,0,0,State - MANIPUR  14,28,47330,22838,24492,34418,16701,17717,12912,6137,6775
C3713,14,0,0,State - MANIPUR  14,29,18922,9462,9460,13742,6941,6801,5180,2521,2659
C3713,14,0,0,State - MANIPUR  14,30,67478,33175,34303,49897,24872,25025,17581,8303,9278
C3713,14,0,0,State - MANIPUR  14,31,17541,9689,7852,12433,6947,5486,5108,2742,2366
C3713,14,0,0,State - MANIPUR  14,32,31211,15973,15238,22095,11536,10559,9116,4437,4679
C3713,14,0,0,State - MANIPUR  14,33,21288,11142,10146,14838,7831,7007,6450,3311,3139
C3713,14,0,0,State - MANIPUR  14,34,21498,10778,10720,15223,7674,7549,6275,3104,3171
C3713,14,0,0,State - MANIPUR  14,35,50209,25486,24723,36496,18879,17617,13713,6607,7106
C3713,14,0,0,State - MANIPUR  14,36,25528,12862,12666,18317,9356,8961,7211,3506,3705
C3713,14,0,0,State - MANIPUR  14,37,21117,10801,10316,14894,7691,7203,6223,3110,3113
C3713,14,0,0,State - MANIPUR  14,38,35945,17743,18202,25920,12857,13063,10025,4886,5139
C3713,14,0,0,State - MANIPUR  14,39,14242,7206,7036,10435,5289,5146,3807,1917,1890
C3713,14,0,0,State - MANIPUR  14,40,54846,27645,27201,40126,20495,19631,14720,7150,7570
C3713,14,0,0,State - MANIPUR  14,41,12671,7099,5572,8874,4993,3881,3797,2106,1691
C3713,14,0,0,State - MANIPUR  14,42,22206,11484,10722,15574,8106,7468,6632,3378,3254
C3713,14,0,0,State - MANIPUR  14,43,14881,7533,7348,10347,5190,5157,4534,2343,2191
C3713,14,0,0,State - MANIPUR  14,44,12281,6097,6184,8466,4151,4315,3815,1946,1869
C3713,14,0,0,State - MANIPUR  14,45,39947,20321,19626,28730,14733,13997,11217,5588,5629
C3713,14,0,0,State - MANIPUR  14,46,14981,7592,7389,10597,5368,5229,4384,2224,2160
C3713,14,0,0,State - MANIPUR  14,47,13192,6917,6275,9285,4841,4444,3907,2076,1831
C3713,14,0,0,State - MANIPUR  14,48,22325,11215,11110,16131,8163,7968,6194,3052,3142
C3713,14,0,0,State - MANIPUR  14,49,8104,4196,3908,6041,3108,2933,2063,1088,975
C3713,14,0,0,State - MANIPUR  14,50,38860,19829,19031,28118,14524,13594,10742,5305,5437
C3713,14,0,0,State - MANIPUR  14,51,7642,4327,3315,5311,3043,2268,2331,1284,1047
C3713,14,0,0,State - MANIPUR  14,52,13697,7330,6367,9387,4994,4393,4310,2336,1974
C3713,14,0,0,State - MANIPUR  14,53,8682,4659,4023,5994,3233,2761,2688,1426,1262
C3713,14,0,0,State - MANIPUR  14,54,9593,5061,4532,6550,3419,3131,3043,1642,1401
C3713,14,0,0,State - MANIPUR  14,55,22366,11295,11071,15751,7936,7815,6615,3359,3256
C3713,14,0,0,State - MANIPUR  14,56,10754,6072,4682,7528,4270,3258,3226,1802,1424
C3713,14,0,0,State - MANIPUR  14,57,7056,3707,3349,5021,2650,2371,2035,1057,978
C3713,14,0,0,State - MANIPUR  14,58,11869,5927,5942,8593,4292,4301,3276,1635,1641
C3713,14,0,0,State - MANIPUR  14,59,3728,1928,1800,2845,1486,1359,883,442,441
C3713,14,0,0,State - MANIPUR  14,60,28208,14050,14158,20562,10442,10120,7646,3608,4038
C3713,14,0,0,State - MANIPUR  14,61,3745,2027,1718,2742,1480,1262,1003,547,456
C3713,14,0,0,State - MANIPUR  14,62,7015,3655,3360,4930,2575,2355,2085,1080,1005
C3713,14,0,0,State - MANIPUR  14,63,4559,2260,2299,3170,1560,1610,1389,700,689
C3713,14,0,0,State - MANIPUR  14,64,4606,2351,2255,3113,1597,1516,1493,754,739
C3713,14,0,0,State - MANIPUR  14,65,17749,8742,9007,12599,6296,6303,5150,2446,2704
C3713,14,0,0,State - MANIPUR  14,66,4301,2278,2023,2997,1571,1426,1304,707,597
C3713,14,0,0,State - MANIPUR  14,67,4844,2642,2202,3423,1900,1523,1421,742,679
C3713,14,0,0,State - MANIPUR  14,68,6662,3181,3481,4791,2316,2475,1871,865,1006
C3713,14,0,0,State - MANIPUR  14,69,2341,1147,1194,1691,838,853,650,309,341
C3713,14,0,0,State - MANIPUR  14,70,17941,8847,9094,12674,6423,6251,5267,2424,2843
C3713,14,0,0,State - MANIPUR  14,71,2331,1270,1061,1619,882,737,712,388,324
C3713,14,0,0,State - MANIPUR  14,72,4008,2053,1955,2667,1392,1275,1341,661,680
C3713,14,0,0,State - MANIPUR  14,73,2275,1181,1094,1529,786,743,746,395,351
C3713,14,0,0,State - MANIPUR  14,74,2251,1210,1041,1416,788,628,835,422,413
C3713,14,0,0,State - MANIPUR  14,75,7491,3725,3766,5113,2631,2482,2378,1094,1284
C3713,14,0,0,State - MANIPUR  14,76,2474,1275,1199,1661,857,804,813,418,395
C3713,14,0,0,State - MANIPUR  14,77,1531,864,667,1035,584,451,496,280,216
C3713,14,0,0,State - MANIPUR  14,78,3079,1584,1495,2079,1088,991,1000,496,504
C3713,14,0,0,State - MANIPUR  14,79,884,446,438,639,327,312,245,119,126
C3713,14,0,0,State - MANIPUR  14,80,6354,3109,3245,4419,2235,2184,1935,874,1061
C3713,14,0,0,State - MANIPUR  14,81,900,504,396,626,366,260,274,138,136
C3713,14,0,0,State - MANIPUR  14,82,1262,671,591,819,467,352,443,204,239
C3713,14,0,0,State - MANIPUR  14,83,693,374,319,438,252,186,255,122,133
C3713,14,0,0,State - MANIPUR  14,84,749,389,360,453,258,195,296,131,165
C3713,14,0,0,State - MANIPUR  14,85,1810,859,951,1163,593,570,647,266,381
C3713,14,0,0,State - MANIPUR  14,86,667,315,352,423,212,211,244,103,141
C3713,14,0,0,State - MANIPUR  14,87,568,281,287,373,183,190,195,98,97
C3713,14,0,0,State - MANIPUR  14,88,521,250,271,344,165,179,177,85,92
C3713,14,0,0,State - MANIPUR  14,89,271,133,138,200,102,98,71,31,40
C3713,14,0,0,State - MANIPUR  14,90,1119,502,617,804,377,427,315,125,190
C3713,14,0,0,State - MANIPUR  14,91,195,112,83,129,74,55,66,38,28
C3713,14,0,0,State - MANIPUR  14,92,295,140,155,197,96,101,98,44,54
C3713,14,0,0,State - MANIPUR  14,93,173,87,86,107,53,54,66,34,32
C3713,14,0,0,State - MANIPUR  14,94,170,83,87,105,51,54,65,32,33
C3713,14,0,0,State - MANIPUR  14,95,426,174,252,291,129,162,135,45,90
C3713,14,0,0,State - MANIPUR  14,96,205,103,102,144,75,69,61,28,33
C3713,14,0,0,State - MANIPUR  14,97,186,91,95,131,66,65,55,25,30
C3713,14,0,0,State - MANIPUR  14,98,289,140,149,206,101,105,83,39,44
C3713,14,0,0,State - MANIPUR  14,99,160,74,86,112,49,63,48,25,23
C3713,14,0,0,State - MANIPUR  14,100+,162,54,108,113,35,78,49,19,30
C3713,14,0,0,State - MANIPUR  14,Age not stated,4533,2420,2113,3136,1687,1449,1397,733,664
C3713,15,0,0,State - MIZORAM  15,All ages,888573,459109,429464,447567,232726,214841,441006,226383,214623
C3713,15,0,0,State - MIZORAM  15,0,16610,8312,8298,8653,4374,4279,7957,3938,4019
C3713,15,0,0,State - MIZORAM  15,1,20405,10329,10076,11604,5833,5771,8801,4496,4305
C3713,15,0,0,State - MIZORAM  15,2,21587,11001,10586,12159,6207,5952,9428,4794,4634
C3713,15,0,0,State - MIZORAM  15,3,21462,10958,10504,12382,6286,6096,9080,4672,4408
C3713,15,0,0,State - MIZORAM  15,4,20748,10497,10251,11525,5754,5771,9223,4743,4480
C3713,15,0,0,State - MIZORAM  15,5,21064,10872,10192,11772,6133,5639,9292,4739,4553
C3713,15,0,0,State - MIZORAM  15,6,21858,11207,10651,12371,6360,6011,9487,4847,4640
C3713,15,0,0,State - MIZORAM  15,7,20937,10655,10282,11353,5860,5493,9584,4795,4789
C3713,15,0,0,State - MIZORAM  15,8,21729,10858,10871,11988,5991,5997,9741,4867,4874
C3713,15,0,0,State - MIZORAM  15,9,18644,9609,9035,9951,5120,4831,8693,4489,4204
C3713,15,0,0,State - MIZORAM  15,10,25521,13155,12366,14069,7244,6825,11452,5911,5541
C3713,15,0,0,State - MIZORAM  15,11,17965,9201,8764,9042,4689,4353,8923,4512,4411
C3713,15,0,0,State - MIZORAM  15,12,23809,12147,11662,13275,6817,6458,10534,5330,5204
C3713,15,0,0,State - MIZORAM  15,13,20217,10146,10071,10359,5201,5158,9858,4945,4913
C3713,15,0,0,State - MIZORAM  15,14,21180,10593,10587,10849,5528,5321,10331,5065,5266
C3713,15,0,0,State - MIZORAM  15,15,20788,10681,10107,10424,5448,4976,10364,5233,5131
C3713,15,0,0,State - MIZORAM  15,16,21051,10465,10586,10192,5229,4963,10859,5236,5623
C3713,15,0,0,State - MIZORAM  15,17,16731,8466,8265,7568,3921,3647,9163,4545,4618
C3713,15,0,0,State - MIZORAM  15,18,24220,12292,11928,11648,5989,5659,12572,6303,6269
C3713,15,0,0,State - MIZORAM  15,19,15842,8018,7824,7182,3620,3562,8660,4398,4262
C3713,15,0,0,State - MIZORAM  15,20,26347,13600,12747,12387,6432,5955,13960,7168,6792
C3713,15,0,0,State - MIZORAM  15,21,16068,8321,7747,7229,3762,3467,8839,4559,4280
C3713,15,0,0,State - MIZORAM  15,22,18144,9506,8638,8430,4442,3988,9714,5064,4650
C3713,15,0,0,State - MIZORAM  15,23,16868,8613,8255,7579,3864,3715,9289,4749,4540
C3713,15,0,0,State - MIZORAM  15,24,16259,8132,8127,7397,3685,3712,8862,4447,4415
C3713,15,0,0,State - MIZORAM  15,25,22870,12217,10653,10979,5931,5048,11891,6286,5605
C3713,15,0,0,State - MIZORAM  15,26,16109,8429,7680,7451,3966,3485,8658,4463,4195
C3713,15,0,0,State - MIZORAM  15,27,14189,7412,6777,6441,3457,2984,7748,3955,3793
C3713,15,0,0,State - MIZORAM  15,28,16683,8392,8291,7919,3986,3933,8764,4406,4358
C3713,15,0,0,State - MIZORAM  15,29,9415,5018,4397,4166,2236,1930,5249,2782,2467
C3713,15,0,0,State - MIZORAM  15,30,22395,11817,10578,10826,5738,5088,11569,6079,5490
C3713,15,0,0,State - MIZORAM  15,31,7783,4336,3447,3434,1946,1488,4349,2390,1959
C3713,15,0,0,State - MIZORAM  15,32,11899,6258,5641,5369,2828,2541,6530,3430,3100
C3713,15,0,0,State - MIZORAM  15,33,8563,4564,3999,3757,2010,1747,4806,2554,2252
C3713,15,0,0,State - MIZORAM  15,34,9542,4955,4587,4171,2108,2063,5371,2847,2524
C3713,15,0,0,State - MIZORAM  15,35,17752,9757,7995,8574,4789,3785,9178,4968,4210
C3713,15,0,0,State - MIZORAM  15,36,12299,6438,5861,5613,2948,2665,6686,3490,3196
C3713,15,0,0,State - MIZORAM  15,37,9263,4897,4366,4262,2311,1951,5001,2586,2415
C3713,15,0,0,State - MIZORAM  15,38,12524,6467,6057,6060,3114,2946,6464,3353,3111
C3713,15,0,0,State - MIZORAM  15,39,6991,3817,3174,3136,1710,1426,3855,2107,1748
C3713,15,0,0,State - MIZORAM  15,40,18255,9591,8664,9122,4756,4366,9133,4835,4298
C3713,15,0,0,State - MIZORAM  15,41,6577,3590,2987,3160,1717,1443,3417,1873,1544
C3713,15,0,0,State - MIZORAM  15,42,9591,5108,4483,4535,2392,2143,5056,2716,2340
C3713,15,0,0,State - MIZORAM  15,43,7119,3700,3419,3396,1749,1647,3723,1951,1772
C3713,15,0,0,State - MIZORAM  15,44,5484,2734,2750,2682,1345,1337,2802,1389,1413
C3713,15,0,0,State - MIZORAM  15,45,12384,6704,5680,6591,3637,2954,5793,3067,2726
C3713,15,0,0,State - MIZORAM  15,46,6476,3437,3039,3262,1770,1492,3214,1667,1547
C3713,15,0,0,State - MIZORAM  15,47,5605,3031,2574,2788,1518,1270,2817,1513,1304
C3713,15,0,0,State - MIZORAM  15,48,7533,3857,3676,3857,1976,1881,3676,1881,1795
C3713,15,0,0,State - MIZORAM  15,49,4306,2268,2038,2120,1103,1017,2186,1165,1021
C3713,15,0,0,State - MIZORAM  15,50,11348,5937,5411,5967,3186,2781,5381,2751,2630
C3713,15,0,0,State - MIZORAM  15,51,4108,2244,1864,2068,1149,919,2040,1095,945
C3713,15,0,0,State - MIZORAM  15,52,5937,3287,2650,2894,1595,1299,3043,1692,1351
C3713,15,0,0,State - MIZORAM  15,53,4780,2597,2183,2451,1348,1103,2329,1249,1080
C3713,15,0,0,State - MIZORAM  15,54,4783,2544,2239,2339,1225,1114,2444,1319,1125
C3713,15,0,0,State - MIZORAM  15,55,5606,3036,2570,3221,1790,1431,2385,1246,1139
C3713,15,0,0,State - MIZORAM  15,56,4814,2622,2192,2464,1355,1109,2350,1267,1083
C3713,15,0,0,State - MIZORAM  15,57,3213,1752,1461,1636,915,721,1577,837,740
C3713,15,0,0,State - MIZORAM  15,58,4169,2136,2033,2192,1108,1084,1977,1028,949
C3713,15,0,0,State - MIZORAM  15,59,2355,1283,1072,1189,670,519,1166,613,553
C3713,15,0,0,State - MIZORAM  15,60,6721,3492,3229,3805,2028,1777,2916,1464,1452
C3713,15,0,0,State - MIZORAM  15,61,2166,1141,1025,1162,645,517,1004,496,508
C3713,15,0,0,State - MIZORAM  15,62,2767,1444,1323,1416,734,682,1351,710,641
C3713,15,0,0,State - MIZORAM  15,63,2626,1312,1314,1347,684,663,1279,628,651
C3713,15,0,0,State - MIZORAM  15,64,2281,1118,1163,1125,564,561,1156,554,602
C3713,15,0,0,State - MIZORAM  15,65,4113,2076,2037,2242,1167,1075,1871,909,962
C3713,15,0,0,State - MIZORAM  15,66,2168,1144,1024,1113,601,512,1055,543,512
C3713,15,0,0,State - MIZORAM  15,67,2494,1281,1213,1241,663,578,1253,618,635
C3713,15,0,0,State - MIZORAM  15,68,2312,1147,1165,1222,623,599,1090,524,566
C3713,15,0,0,State - MIZORAM  15,69,1284,696,588,616,336,280,668,360,308
C3713,15,0,0,State - MIZORAM  15,70,3590,1837,1753,2005,1031,974,1585,806,779
C3713,15,0,0,State - MIZORAM  15,71,1422,758,664,699,386,313,723,372,351
C3713,15,0,0,State - MIZORAM  15,72,1701,911,790,853,492,361,848,419,429
C3713,15,0,0,State - MIZORAM  15,73,1445,708,737,674,335,339,771,373,398
C3713,15,0,0,State - MIZORAM  15,74,1223,618,605,572,292,280,651,326,325
C3713,15,0,0,State - MIZORAM  15,75,1761,865,896,983,492,491,778,373,405
C3713,15,0,0,State - MIZORAM  15,76,1243,622,621,610,301,309,633,321,312
C3713,15,0,0,State - MIZORAM  15,77,851,441,410,411,227,184,440,214,226
C3713,15,0,0,State - MIZORAM  15,78,1053,519,534,532,268,264,521,251,270
C3713,15,0,0,State - MIZORAM  15,79,494,240,254,236,120,116,258,120,138
C3713,15,0,0,State - MIZORAM  15,80,1267,590,677,719,342,377,548,248,300
C3713,15,0,0,State - MIZORAM  15,81,519,271,248,263,149,114,256,122,134
C3713,15,0,0,State - MIZORAM  15,82,478,225,253,246,117,129,232,108,124
C3713,15,0,0,State - MIZORAM  15,83,405,207,198,197,104,93,208,103,105
C3713,15,0,0,State - MIZORAM  15,84,379,180,199,158,71,87,221,109,112
C3713,15,0,0,State - MIZORAM  15,85,434,191,243,257,110,147,177,81,96
C3713,15,0,0,State - MIZORAM  15,86,263,108,155,137,65,72,126,43,83
C3713,15,0,0,State - MIZORAM  15,87,260,116,144,134,61,73,126,55,71
C3713,15,0,0,State - MIZORAM  15,88,188,88,100,105,54,51,83,34,49
C3713,15,0,0,State - MIZORAM  15,89,141,62,79,68,34,34,73,28,45
C3713,15,0,0,State - MIZORAM  15,90,295,114,181,166,68,98,129,46,83
C3713,15,0,0,State - MIZORAM  15,91,134,69,65,71,42,29,63,27,36
C3713,15,0,0,State - MIZORAM  15,92,96,44,52,46,18,28,50,26,24
C3713,15,0,0,State - MIZORAM  15,93,60,24,36,34,18,16,26,6,20
C3713,15,0,0,State - MIZORAM  15,94,54,23,31,23,10,13,31,13,18
C3713,15,0,0,State - MIZORAM  15,95,82,27,55,55,18,37,27,9,18
C3713,15,0,0,State - MIZORAM  15,96,65,25,40,26,12,14,39,13,26
C3713,15,0,0,State - MIZORAM  15,97,38,17,21,23,7,16,15,10,5
C3713,15,0,0,State - MIZORAM  15,98,37,9,28,24,7,17,13,2,11
C3713,15,0,0,State - MIZORAM  15,99,38,14,24,23,11,12,15,3,12
C3713,15,0,0,State - MIZORAM  15,100+,75,26,49,44,15,29,31,11,20
C3713,15,0,0,State - MIZORAM  15,Age not stated,776,443,333,404,233,171,372,210,162
C3713,16,0,0,State - TRIPURA  16,All ages,3199203,1642225,1556978,2653453,1363638,1289815,545750,278587,267163
C3713,16,0,0,State - TRIPURA  16,0,42672,21900,20772,36850,18873,17977,5822,3027,2795
C3713,16,0,0,State - TRIPURA  16,1,53427,26966,26461,46411,23332,23079,7016,3634,3382
C3713,16,0,0,State - TRIPURA  16,2,65541,33585,31956,57504,29399,28105,8037,4186,3851
C3713,16,0,0,State - TRIPURA  16,3,68871,34601,34270,60662,30512,30150,8209,4089,4120
C3713,16,0,0,State - TRIPURA  16,4,63949,32689,31260,56344,28798,27546,7605,3891,3714
C3713,16,0,0,State - TRIPURA  16,5,70155,35435,34720,61424,30983,30441,8731,4452,4279
C3713,16,0,0,State - TRIPURA  16,6,71831,36826,35005,63982,32763,31219,7849,4063,3786
C3713,16,0,0,State - TRIPURA  16,7,69047,35354,33693,60416,30991,29425,8631,4363,4268
C3713,16,0,0,State - TRIPURA  16,8,83741,42944,40797,74236,38059,36177,9505,4885,4620
C3713,16,0,0,State - TRIPURA  16,9,68150,34465,33685,59339,29955,29384,8811,4510,4301
C3713,16,0,0,State - TRIPURA  16,10,101951,52552,49399,89748,46318,43430,12203,6234,5969
C3713,16,0,0,State - TRIPURA  16,11,61453,31511,29942,52148,26812,25336,9305,4699,4606
C3713,16,0,0,State - TRIPURA  16,12,104497,54185,50312,91386,47581,43805,13111,6604,6507
C3713,16,0,0,State - TRIPURA  16,13,68579,34392,34187,57989,29106,28883,10590,5286,5304
C3713,16,0,0,State - TRIPURA  16,14,81688,41393,40295,69402,35232,34170,12286,6161,6125
C3713,16,0,0,State - TRIPURA  16,15,77995,40175,37820,66023,34318,31705,11972,5857,6115
C3713,16,0,0,State - TRIPURA  16,16,75941,39008,36933,63677,32950,30727,12264,6058,6206
C3713,16,0,0,State - TRIPURA  16,17,53759,28612,25147,43828,23464,20364,9931,5148,4783
C3713,16,0,0,State - TRIPURA  16,18,88667,45452,43215,74338,38258,36080,14329,7194,7135
C3713,16,0,0,State - TRIPURA  16,19,43077,21067,22010,34868,17100,17768,8209,3967,4242
C3713,16,0,0,State - TRIPURA  16,20,80629,38182,42447,67699,32091,35608,12930,6091,6839
C3713,16,0,0,State - TRIPURA  16,21,39544,20553,18991,31434,16398,15036,8110,4155,3955
C3713,16,0,0,State - TRIPURA  16,22,68021,33710,34311,56151,27948,28203,11870,5762,6108
C3713,16,0,0,State - TRIPURA  16,23,39037,19563,19474,31034,15621,15413,8003,3942,4061
C3713,16,0,0,State - TRIPURA  16,24,46856,23050,23806,37508,18557,18951,9348,4493,4855
C3713,16,0,0,State - TRIPURA  16,25,88958,40827,48131,74724,34481,40243,14234,6346,7888
C3713,16,0,0,State - TRIPURA  16,26,53540,26371,27169,43169,21411,21758,10371,4960,5411
C3713,16,0,0,State - TRIPURA  16,27,43203,22530,20673,34421,18208,16213,8782,4322,4460
C3713,16,0,0,State - TRIPURA  16,28,67996,33714,34282,55296,27510,27786,12700,6204,6496
C3713,16,0,0,State - TRIPURA  16,29,25287,13175,12112,19278,10119,9159,6009,3056,2953
C3713,16,0,0,State - TRIPURA  16,30,106084,53076,53008,88180,44300,43880,17904,8776,9128
C3713,16,0,0,State - TRIPURA  16,31,21165,11909,9256,15918,8998,6920,5247,2911,2336
C3713,16,0,0,State - TRIPURA  16,32,61639,32247,29392,49114,25777,23337,12525,6470,6055
C3713,16,0,0,State - TRIPURA  16,33,26425,14140,12285,20266,10784,9482,6159,3356,2803
C3713,16,0,0,State - TRIPURA  16,34,27829,14677,13152,21208,11196,10012,6621,3481,3140
C3713,16,0,0,State - TRIPURA  16,35,108240,56578,51662,89233,47212,42021,19007,9366,9641
C3713,16,0,0,State - TRIPURA  16,36,40528,21263,19265,31877,16903,14974,8651,4360,4291
C3713,16,0,0,State - TRIPURA  16,37,27568,15148,12420,21150,11709,9441,6418,3439,2979
C3713,16,0,0,State - TRIPURA  16,38,51451,27246,24205,40580,21541,19039,10871,5705,5166
C3713,16,0,0,State - TRIPURA  16,39,17601,9442,8159,13242,7108,6134,4359,2334,2025
C3713,16,0,0,State - TRIPURA  16,40,93299,50948,42351,76745,42139,34606,16554,8809,7745
C3713,16,0,0,State - TRIPURA  16,41,12844,7416,5428,9332,5360,3972,3512,2056,1456
C3713,16,0,0,State - TRIPURA  16,42,38394,21782,16612,29270,16622,12648,9124,5160,3964
C3713,16,0,0,State - TRIPURA  16,43,14046,7437,6609,10284,5357,4927,3762,2080,1682
C3713,16,0,0,State - TRIPURA  16,44,12736,6930,5806,9283,4981,4302,3453,1949,1504
C3713,16,0,0,State - TRIPURA  16,45,79210,42221,36989,64574,34295,30279,14636,7926,6710
C3713,16,0,0,State - TRIPURA  16,46,17028,9333,7695,12736,6919,5817,4292,2414,1878
C3713,16,0,0,State - TRIPURA  16,47,14102,7878,6224,10261,5664,4597,3841,2214,1627
C3713,16,0,0,State - TRIPURA  16,48,30165,16897,13268,23019,12689,10330,7146,4208,2938
C3713,16,0,0,State - TRIPURA  16,49,9264,5231,4033,6618,3649,2969,2646,1582,1064
C3713,16,0,0,State - TRIPURA  16,50,63443,34084,29359,52337,28171,24166,11106,5913,5193
C3713,16,0,0,State - TRIPURA  16,51,8302,5011,3291,5825,3437,2388,2477,1574,903
C3713,16,0,0,State - TRIPURA  16,52,19711,11588,8123,14800,8674,6126,4911,2914,1997
C3713,16,0,0,State - TRIPURA  16,53,7618,4541,3077,5297,3072,2225,2321,1469,852
C3713,16,0,0,State - TRIPURA  16,54,7189,4166,3023,5033,2845,2188,2156,1321,835
C3713,16,0,0,State - TRIPURA  16,55,45908,23069,22839,38039,19072,18967,7869,3997,3872
C3713,16,0,0,State - TRIPURA  16,56,9566,5430,4136,7087,3929,3158,2479,1501,978
C3713,16,0,0,State - TRIPURA  16,57,6420,3738,2682,4493,2540,1953,1927,1198,729
C3713,16,0,0,State - TRIPURA  16,58,11854,6264,5590,8899,4633,4266,2955,1631,1324
C3713,16,0,0,State - TRIPURA  16,59,4158,2297,1861,2955,1567,1388,1203,730,473
C3713,16,0,0,State - TRIPURA  16,60,51663,24992,26671,43845,21453,22392,7818,3539,4279
C3713,16,0,0,State - TRIPURA  16,61,4140,2283,1857,3007,1618,1389,1133,665,468
C3713,16,0,0,State - TRIPURA  16,62,10012,5159,4853,7722,3951,3771,2290,1208,1082
C3713,16,0,0,State - TRIPURA  16,63,3855,2003,1852,2824,1427,1397,1031,576,455
C3713,16,0,0,State - TRIPURA  16,64,3178,1764,1414,2232,1191,1041,946,573,373
C3713,16,0,0,State - TRIPURA  16,65,36989,17340,19649,30693,14608,16085,6296,2732,3564
C3713,16,0,0,State - TRIPURA  16,66,4394,2328,2066,3284,1749,1535,1110,579,531
C3713,16,0,0,State - TRIPURA  16,67,3793,2109,1684,2813,1569,1244,980,540,440
C3713,16,0,0,State - TRIPURA  16,68,5866,2970,2896,4487,2206,2281,1379,764,615
C3713,16,0,0,State - TRIPURA  16,69,2211,1148,1063,1640,821,819,571,327,244
C3713,16,0,0,State - TRIPURA  16,70,34890,16499,18391,29519,14296,15223,5371,2203,3168
C3713,16,0,0,State - TRIPURA  16,71,2427,1308,1119,1798,942,856,629,366,263
C3713,16,0,0,State - TRIPURA  16,72,5796,3022,2774,4523,2380,2143,1273,642,631
C3713,16,0,0,State - TRIPURA  16,73,1883,1080,803,1351,760,591,532,320,212
C3713,16,0,0,State - TRIPURA  16,74,1463,812,651,1044,568,476,419,244,175
C3713,16,0,0,State - TRIPURA  16,75,17540,8221,9319,14705,7048,7657,2835,1173,1662
C3713,16,0,0,State - TRIPURA  16,76,2242,1170,1072,1722,912,810,520,258,262
C3713,16,0,0,State - TRIPURA  16,77,1456,828,628,1128,649,479,328,179,149
C3713,16,0,0,State - TRIPURA  16,78,2602,1336,1266,2023,1042,981,579,294,285
C3713,16,0,0,State - TRIPURA  16,79,905,481,424,671,341,330,234,140,94
C3713,16,0,0,State - TRIPURA  16,80,14609,6432,8177,12558,5665,6893,2051,767,1284
C3713,16,0,0,State - TRIPURA  16,81,1118,568,550,895,451,444,223,117,106
C3713,16,0,0,State - TRIPURA  16,82,2057,1016,1041,1671,834,837,386,182,204
C3713,16,0,0,State - TRIPURA  16,83,670,346,324,502,249,253,168,97,71
C3713,16,0,0,State - TRIPURA  16,84,592,326,266,429,235,194,163,91,72
C3713,16,0,0,State - TRIPURA  16,85,5291,2336,2955,4407,2008,2399,884,328,556
C3713,16,0,0,State - TRIPURA  16,86,692,373,319,492,278,214,200,95,105
C3713,16,0,0,State - TRIPURA  16,87,530,290,240,390,226,164,140,64,76
C3713,16,0,0,State - TRIPURA  16,88,622,320,302,500,260,240,122,60,62
C3713,16,0,0,State - TRIPURA  16,89,246,123,123,187,93,94,59,30,29
C3713,16,0,0,State - TRIPURA  16,90,3872,1612,2260,3317,1445,1872,555,167,388
C3713,16,0,0,State - TRIPURA  16,91,259,116,143,195,89,106,64,27,37
C3713,16,0,0,State - TRIPURA  16,92,550,254,296,448,209,239,102,45,57
C3713,16,0,0,State - TRIPURA  16,93,169,71,98,118,51,67,51,20,31
C3713,16,0,0,State - TRIPURA  16,94,181,90,91,145,76,69,36,14,22
C3713,16,0,0,State - TRIPURA  16,95,1680,721,959,1449,630,819,231,91,140
C3713,16,0,0,State - TRIPURA  16,96,296,163,133,250,135,115,46,28,18
C3713,16,0,0,State - TRIPURA  16,97,172,86,86,133,76,57,39,10,29
C3713,16,0,0,State - TRIPURA  16,98,467,220,247,372,182,190,95,38,57
C3713,16,0,0,State - TRIPURA  16,99,381,150,231,317,125,192,64,25,39
C3713,16,0,0,State - TRIPURA  16,100+,790,190,600,695,175,520,95,15,80
C3713,16,0,0,State - TRIPURA  16,Age not stated,4805,2795,2010,4008,2324,1684,797,471,326
C3713,17,0,0,State - MEGHALAYA  17,All ages,2318822,1176087,1142735,1864711,946999,917712,454111,229088,225023
C3713,17,0,0,State - MEGHALAYA  17,0,54517,27752,26765,47119,24031,23088,7398,3721,3677
C3713,17,0,0,State - MEGHALAYA  17,1,57966,29611,28355,49282,25123,24159,8684,4488,4196
C3713,17,0,0,State - MEGHALAYA  17,2,71064,35774,35290,61346,30854,30492,9718,4920,4798
C3713,17,0,0,State - MEGHALAYA  17,3,69417,35222,34195,59510,30167,29343,9907,5055,4852
C3713,17,0,0,State - MEGHALAYA  17,4,71602,35984,35618,61424,30782,30642,10178,5202,4976
C3713,17,0,0,State - MEGHALAYA  17,5,66999,34122,32877,56558,28824,27734,10441,5298,5143
C3713,17,0,0,State - MEGHALAYA  17,6,76414,38750,37664,65324,33200,32124,11090,5550,5540
C3713,17,0,0,State - MEGHALAYA  17,7,60408,30416,29992,49864,25188,24676,10544,5228,5316
C3713,17,0,0,State - MEGHALAYA  17,8,77562,38952,38610,65830,33008,32822,11732,5944,5788
C3713,17,0,0,State - MEGHALAYA  17,9,55774,28482,27292,45905,23555,22350,9869,4927,4942
C3713,17,0,0,State - MEGHALAYA  17,10,84329,43313,41016,70922,36412,34510,13407,6901,6506
C3713,17,0,0,State - MEGHALAYA  17,11,45276,23246,22030,35490,18156,17334,9786,5090,4696
C3713,17,0,0,State - MEGHALAYA  17,12,77684,39316,38368,64428,32647,31781,13256,6669,6587
C3713,17,0,0,State - MEGHALAYA  17,13,51753,25908,25845,40811,20624,20187,10942,5284,5658
C3713,17,0,0,State - MEGHALAYA  17,14,60112,29849,30263,47781,23977,23804,12331,5872,6459
C3713,17,0,0,State - MEGHALAYA  17,15,55067,27978,27089,43266,22313,20953,11801,5665,6136
C3713,17,0,0,State - MEGHALAYA  17,16,59176,30269,28907,46300,24093,22207,12876,6176,6700
C3713,17,0,0,State - MEGHALAYA  17,17,38359,19591,18768,28458,14848,13610,9901,4743,5158
C3713,17,0,0,State - MEGHALAYA  17,18,65286,33227,32059,51015,26172,24843,14271,7055,7216
C3713,17,0,0,State - MEGHALAYA  17,19,31892,15792,16100,23167,11439,11728,8725,4353,4372
C3713,17,0,0,State - MEGHALAYA  17,20,62990,30865,32125,49049,24045,25004,13941,6820,7121
C3713,17,0,0,State - MEGHALAYA  17,21,27440,13630,13810,19847,9740,10107,7593,3890,3703
C3713,17,0,0,State - MEGHALAYA  17,22,42911,20676,22235,32850,15696,17154,10061,4980,5081
C3713,17,0,0,State - MEGHALAYA  17,23,29586,14197,15389,22106,10589,11517,7480,3608,3872
C3713,17,0,0,State - MEGHALAYA  17,24,32260,15078,17182,24286,11222,13064,7974,3856,4118
C3713,17,0,0,State - MEGHALAYA  17,25,57084,27052,30032,45635,21566,24069,11449,5486,5963
C3713,17,0,0,State - MEGHALAYA  17,26,35770,17228,18542,27615,13271,14344,8155,3957,4198
C3713,17,0,0,State - MEGHALAYA  17,27,26209,12711,13498,19875,9578,10297,6334,3133,3201
C3713,17,0,0,State - MEGHALAYA  17,28,45885,21208,24677,35994,16540,19454,9891,4668,5223
C3713,17,0,0,State - MEGHALAYA  17,29,19189,9034,10155,14573,6800,7773,4616,2234,2382
C3713,17,0,0,State - MEGHALAYA  17,30,67194,34545,32649,53607,27840,25767,13587,6705,6882
C3713,17,0,0,State - MEGHALAYA  17,31,14468,7575,6893,10946,5716,5230,3522,1859,1663
C3713,17,0,0,State - MEGHALAYA  17,32,32502,16307,16195,24917,12432,12485,7585,3875,3710
C3713,17,0,0,State - MEGHALAYA  17,33,16165,8022,8143,12350,6058,6292,3815,1964,1851
C3713,17,0,0,State - MEGHALAYA  17,34,17403,8223,9180,13164,6104,7060,4239,2119,2120
C3713,17,0,0,State - MEGHALAYA  17,35,59703,32301,27402,47374,25664,21710,12329,6637,5692
C3713,17,0,0,State - MEGHALAYA  17,36,26819,13836,12983,20992,10817,10175,5827,3019,2808
C3713,17,0,0,State - MEGHALAYA  17,37,15567,8039,7528,12156,6264,5892,3411,1775,1636
C3713,17,0,0,State - MEGHALAYA  17,38,34719,17430,17289,27261,13593,13668,7458,3837,3621
C3713,17,0,0,State - MEGHALAYA  17,39,14271,7253,7018,11163,5625,5538,3108,1628,1480
C3713,17,0,0,State - MEGHALAYA  17,40,56161,30882,25279,44726,24608,20118,11435,6274,5161
C3713,17,0,0,State - MEGHALAYA  17,41,9411,5179,4232,7362,4006,3356,2049,1173,876
C3713,17,0,0,State - MEGHALAYA  17,42,20521,11047,9474,15781,8450,7331,4740,2597,2143
C3713,17,0,0,State - MEGHALAYA  17,43,10216,4978,5238,7788,3715,4073,2428,1263,1165
C3713,17,0,0,State - MEGHALAYA  17,44,7226,3487,3739,5356,2513,2843,1870,974,896
C3713,17,0,0,State - MEGHALAYA  17,45,43350,23777,19573,34742,19056,15686,8608,4721,3887
C3713,17,0,0,State - MEGHALAYA  17,46,12193,6368,5825,9488,4930,4558,2705,1438,1267
C3713,17,0,0,State - MEGHALAYA  17,47,8390,4458,3932,6362,3364,2998,2028,1094,934
C3713,17,0,0,State - MEGHALAYA  17,48,19134,9923,9211,15049,7761,7288,4085,2162,1923
C3713,17,0,0,State - MEGHALAYA  17,49,7638,4096,3542,5943,3135,2808,1695,961,734
C3713,17,0,0,State - MEGHALAYA  17,50,35356,19177,16179,28315,15421,12894,7041,3756,3285
C3713,17,0,0,State - MEGHALAYA  17,51,5707,3286,2421,4528,2572,1956,1179,714,465
C3713,17,0,0,State - MEGHALAYA  17,52,11188,6194,4994,8460,4607,3853,2728,1587,1141
C3713,17,0,0,State - MEGHALAYA  17,53,5575,3010,2565,4135,2193,1942,1440,817,623
C3713,17,0,0,State - MEGHALAYA  17,54,5961,3048,2913,4346,2158,2188,1615,890,725
C3713,17,0,0,State - MEGHALAYA  17,55,18943,9768,9175,15323,7841,7482,3620,1927,1693
C3713,17,0,0,State - MEGHALAYA  17,56,8037,4413,3624,6308,3435,2873,1729,978,751
C3713,17,0,0,State - MEGHALAYA  17,57,3901,2119,1782,2966,1555,1411,935,564,371
C3713,17,0,0,State - MEGHALAYA  17,58,8980,4568,4412,7152,3578,3574,1828,990,838
C3713,17,0,0,State - MEGHALAYA  17,59,3256,1728,1528,2583,1355,1228,673,373,300
C3713,17,0,0,State - MEGHALAYA  17,60,26055,13643,12412,21718,11544,10174,4337,2099,2238
C3713,17,0,0,State - MEGHALAYA  17,61,2990,1588,1402,2471,1301,1170,519,287,232
C3713,17,0,0,State - MEGHALAYA  17,62,5282,2755,2527,4192,2213,1979,1090,542,548
C3713,17,0,0,State - MEGHALAYA  17,63,2662,1310,1352,2131,1023,1108,531,287,244
C3713,17,0,0,State - MEGHALAYA  17,64,2337,1152,1185,1768,869,899,569,283,286
C3713,17,0,0,State - MEGHALAYA  17,65,16054,8275,7779,13256,6958,6298,2798,1317,1481
C3713,17,0,0,State - MEGHALAYA  17,66,2360,1212,1148,1862,977,885,498,235,263
C3713,17,0,0,State - MEGHALAYA  17,67,2387,1292,1095,1866,1021,845,521,271,250
C3713,17,0,0,State - MEGHALAYA  17,68,4328,2096,2232,3444,1701,1743,884,395,489
C3713,17,0,0,State - MEGHALAYA  17,69,1535,736,799,1224,591,633,311,145,166
C3713,17,0,0,State - MEGHALAYA  17,70,13045,6598,6447,10791,5576,5215,2254,1022,1232
C3713,17,0,0,State - MEGHALAYA  17,71,1378,750,628,1086,609,477,292,141,151
C3713,17,0,0,State - MEGHALAYA  17,72,2488,1251,1237,1917,995,922,571,256,315
C3713,17,0,0,State - MEGHALAYA  17,73,1075,544,531,798,415,383,277,129,148
C3713,17,0,0,State - MEGHALAYA  17,74,811,382,429,553,273,280,258,109,149
C3713,17,0,0,State - MEGHALAYA  17,75,5996,3104,2892,4942,2658,2284,1054,446,608
C3713,17,0,0,State - MEGHALAYA  17,76,1185,576,609,874,432,442,311,144,167
C3713,17,0,0,State - MEGHALAYA  17,77,520,276,244,363,200,163,157,76,81
C3713,17,0,0,State - MEGHALAYA  17,78,1473,734,739,1102,557,545,371,177,194
C3713,17,0,0,State - MEGHALAYA  17,79,522,258,264,372,183,189,150,75,75
C3713,17,0,0,State - MEGHALAYA  17,80,4421,2182,2239,3724,1892,1832,697,290,407
C3713,17,0,0,State - MEGHALAYA  17,81,447,232,215,317,169,148,130,63,67
C3713,17,0,0,State - MEGHALAYA  17,82,658,321,337,493,251,242,165,70,95
C3713,17,0,0,State - MEGHALAYA  17,83,317,157,160,200,97,103,117,60,57
C3713,17,0,0,State - MEGHALAYA  17,84,266,127,139,167,83,84,99,44,55
C3713,17,0,0,State - MEGHALAYA  17,85,1500,739,761,1217,634,583,283,105,178
C3713,17,0,0,State - MEGHALAYA  17,86,355,133,222,241,95,146,114,38,76
C3713,17,0,0,State - MEGHALAYA  17,87,231,102,129,165,76,89,66,26,40
C3713,17,0,0,State - MEGHALAYA  17,88,273,135,138,207,106,101,66,29,37
C3713,17,0,0,State - MEGHALAYA  17,89,191,104,87,134,77,57,57,27,30
C3713,17,0,0,State - MEGHALAYA  17,90,933,447,486,781,394,387,152,53,99
C3713,17,0,0,State - MEGHALAYA  17,91,124,69,55,101,53,48,23,16,7
C3713,17,0,0,State - MEGHALAYA  17,92,189,91,98,142,70,72,47,21,26
C3713,17,0,0,State - MEGHALAYA  17,93,99,51,48,74,41,33,25,10,15
C3713,17,0,0,State - MEGHALAYA  17,94,79,38,41,60,29,31,19,9,10
C3713,17,0,0,State - MEGHALAYA  17,95,408,190,218,333,165,168,75,25,50
C3713,17,0,0,State - MEGHALAYA  17,96,133,82,51,108,67,41,25,15,10
C3713,17,0,0,State - MEGHALAYA  17,97,92,46,46,72,36,36,20,10,10
C3713,17,0,0,State - MEGHALAYA  17,98,168,79,89,141,67,74,27,12,15
C3713,17,0,0,State - MEGHALAYA  17,99,119,61,58,101,53,48,18,8,10
C3713,17,0,0,State - MEGHALAYA  17,100+,240,98,142,210,82,128,30,16,14
C3713,17,0,0,State - MEGHALAYA  17,Age not stated,3160,1801,1359,2720,1540,1180,440,261,179
C3713,18,0,0,State - ASSAM  18,All ages,26655528,13777037,12878491,23216288,11939945,11276343,3439240,1837092,1602148
C3713,18,0,0,State - ASSAM  18,0,423165,216404,206761,387270,197785,189485,35895,18619,17276
C3713,18,0,0,State - ASSAM  18,1,537011,273872,263139,486595,247905,238690,50416,25967,24449
C3713,18,0,0,State - ASSAM  18,2,693512,352083,341429,633988,321480,312508,59524,30603,28921
C3713,18,0,0,State - ASSAM  18,3,702652,352580,350072,640647,321087,319560,62005,31493,30512
C3713,18,0,0,State - ASSAM  18,4,677658,344354,333304,619070,314360,304710,58588,29994,28594
C3713,18,0,0,State - ASSAM  18,5,718082,369032,349050,653626,335458,318168,64456,33574,30882
C3713,18,0,0,State - ASSAM  18,6,745995,380791,365204,683211,348424,334787,62784,32367,30417
C3713,18,0,0,State - ASSAM  18,7,727665,369471,358194,657618,333486,324132,70047,35985,34062
C3713,18,0,0,State - ASSAM  18,8,836315,429121,407194,761257,389963,371294,75058,39158,35900
C3713,18,0,0,State - ASSAM  18,9,575644,289818,285826,516260,259695,256565,59384,30123,29261
C3713,18,0,0,State - ASSAM  18,10,875099,454024,421075,787409,408374,379035,87690,45650,42040
C3713,18,0,0,State - ASSAM  18,11,449531,227842,221689,390059,197635,192424,59472,30207,29265
C3713,18,0,0,State - ASSAM  18,12,841936,440289,401647,753495,394512,358983,88441,45777,42664
C3713,18,0,0,State - ASSAM  18,13,531130,268600,262530,462232,234242,227990,68898,34358,34540
C3713,18,0,0,State - ASSAM  18,14,634947,327214,307733,559158,289101,270057,75789,38113,37676
C3713,18,0,0,State - ASSAM  18,15,594358,315544,278814,522181,278866,243315,72177,36678,35499
C3713,18,0,0,State - ASSAM  18,16,604658,317168,287490,532174,280641,251533,72484,36527,35957
C3713,18,0,0,State - ASSAM  18,17,358292,191983,166309,305250,164032,141218,53042,27951,25091
C3713,18,0,0,State - ASSAM  18,18,739356,389191,350165,647926,340530,307396,91430,48661,42769
C3713,18,0,0,State - ASSAM  18,19,314129,154481,159648,263204,128062,135142,50925,26419,24506
C3713,18,0,0,State - ASSAM  18,20,758488,372180,386308,662540,323282,339258,95948,48898,47050
C3713,18,0,0,State - ASSAM  18,21,275339,142056,133283,225471,114748,110723,49868,27308,22560
C3713,18,0,0,State - ASSAM  18,22,602719,301860,300859,517596,256885,260711,85123,44975,40148
C3713,18,0,0,State - ASSAM  18,23,317036,159781,157255,263657,131602,132055,53379,28179,25200
C3713,18,0,0,State - ASSAM  18,24,361556,181989,179567,301890,150369,151521,59666,31620,28046
C3713,18,0,0,State - ASSAM  18,25,837031,388247,448784,728045,335849,392196,108986,52398,56588
C3713,18,0,0,State - ASSAM  18,26,412702,204422,208280,346954,170918,176036,65748,33504,32244
C3713,18,0,0,State - ASSAM  18,27,317625,161367,156258,263365,132934,130431,54260,28433,25827
C3713,18,0,0,State - ASSAM  18,28,583095,290858,292237,495937,245237,250700,87158,45621,41537
C3713,18,0,0,State - ASSAM  18,29,165478,80487,84991,132856,63473,69383,32622,17014,15608
C3713,18,0,0,State - ASSAM  18,30,996260,491802,504458,858807,422155,436652,137453,69647,67806
C3713,18,0,0,State - ASSAM  18,31,137963,72135,65828,111214,56485,54729,26749,15650,11099
C3713,18,0,0,State - ASSAM  18,32,462171,242598,219573,387961,202596,185365,74210,40002,34208
C3713,18,0,0,State - ASSAM  18,33,197210,102839,94371,162439,83359,79080,34771,19480,15291
C3713,18,0,0,State - ASSAM  18,34,184597,96740,87857,151181,77890,73291,33416,18850,14566
C3713,18,0,0,State - ASSAM  18,35,962937,510727,452210,825637,437743,387894,137300,72984,64316
C3713,18,0,0,State - ASSAM  18,36,280995,148647,132348,235297,123533,111764,45698,25114,20584
C3713,18,0,0,State - ASSAM  18,37,170976,92952,78024,140722,75838,64884,30254,17114,13140
C3713,18,0,0,State - ASSAM  18,38,390757,207973,182784,327222,172276,154946,63535,35697,27838
C3713,18,0,0,State - ASSAM  18,39,115905,60692,55213,93516,47849,45667,22389,12843,9546
C3713,18,0,0,State - ASSAM  18,40,831266,461979,369287,712498,392824,319674,118768,69155,49613
C3713,18,0,0,State - ASSAM  18,41,87028,49266,37762,70785,39142,31643,16243,10124,6119
C3713,18,0,0,State - ASSAM  18,42,265429,154055,111374,219137,125953,93184,46292,28102,18190
C3713,18,0,0,State - ASSAM  18,43,101473,55055,46418,81542,43124,38418,19931,11931,8000
C3713,18,0,0,State - ASSAM  18,44,83920,45383,38537,68492,36261,32231,15428,9122,6306
C3713,18,0,0,State - ASSAM  18,45,659814,364332,295482,564477,309408,255069,95337,54924,40413
C3713,18,0,0,State - ASSAM  18,46,116366,63867,52499,96269,52151,44118,20097,11716,8381
C3713,18,0,0,State - ASSAM  18,47,92012,52552,39460,74784,42101,32683,17228,10451,6777
C3713,18,0,0,State - ASSAM  18,48,215157,120446,94711,179033,98804,80229,36124,21642,14482
C3713,18,0,0,State - ASSAM  18,49,59001,32651,26350,47193,25447,21746,11808,7204,4604
C3713,18,0,0,State - ASSAM  18,50,545955,291545,254410,472115,249788,222327,73840,41757,32083
C3713,18,0,0,State - ASSAM  18,51,57112,35098,22014,46487,28035,18452,10625,7063,3562
C3713,18,0,0,State - ASSAM  18,52,138203,81932,56271,113712,66490,47222,24491,15442,9049
C3713,18,0,0,State - ASSAM  18,53,52788,30477,22311,41748,23321,18427,11040,7156,3884
C3713,18,0,0,State - ASSAM  18,54,49537,28713,20824,38759,21726,17033,10778,6987,3791
C3713,18,0,0,State - ASSAM  18,55,362712,184746,177966,316313,159333,156980,46399,25413,20986
C3713,18,0,0,State - ASSAM  18,56,72082,40950,31132,59226,32797,26429,12856,8153,4703
C3713,18,0,0,State - ASSAM  18,57,43870,25906,17964,35393,20276,15117,8477,5630,2847
C3713,18,0,0,State - ASSAM  18,58,92272,49828,42444,76433,40139,36294,15839,9689,6150
C3713,18,0,0,State - ASSAM  18,59,28216,16249,11967,22115,12110,10005,6101,4139,1962
C3713,18,0,0,State - ASSAM  18,60,425087,206618,218469,377359,182851,194508,47728,23767,23961
C3713,18,0,0,State - ASSAM  18,61,29374,16260,13114,24878,13410,11468,4496,2850,1646
C3713,18,0,0,State - ASSAM  18,62,73217,38975,34242,62296,32762,29534,10921,6213,4708
C3713,18,0,0,State - ASSAM  18,63,28028,15192,12836,22770,11961,10809,5258,3231,2027
C3713,18,0,0,State - ASSAM  18,64,21378,11932,9446,17100,9269,7831,4278,2663,1615
C3713,18,0,0,State - ASSAM  18,65,271632,131298,140334,239103,115679,123424,32529,15619,16910
C3713,18,0,0,State - ASSAM  18,66,29712,16261,13451,24787,13338,11449,4925,2923,2002
C3713,18,0,0,State - ASSAM  18,67,25971,15008,10963,21444,12312,9132,4527,2696,1831
C3713,18,0,0,State - ASSAM  18,68,40886,21089,19797,33939,17231,16708,6947,3858,3089
C3713,18,0,0,State - ASSAM  18,69,13882,7548,6334,11225,5907,5318,2657,1641,1016
C3713,18,0,0,State - ASSAM  18,70,231209,118569,112640,206595,106755,99840,24614,11814,12800
C3713,18,0,0,State - ASSAM  18,71,12872,7799,5073,10654,6320,4334,2218,1479,739
C3713,18,0,0,State - ASSAM  18,72,32955,19132,13823,27562,15964,11598,5393,3168,2225
C3713,18,0,0,State - ASSAM  18,73,10884,6545,4339,8646,5139,3507,2238,1406,832
C3713,18,0,0,State - ASSAM  18,74,8109,5021,3088,6239,3830,2409,1870,1191,679
C3713,18,0,0,State - ASSAM  18,75,98774,53247,45527,87374,47545,39829,11400,5702,5698
C3713,18,0,0,State - ASSAM  18,76,11321,6918,4403,9183,5590,3593,2138,1328,810
C3713,18,0,0,State - ASSAM  18,77,6939,4284,2655,5617,3459,2158,1322,825,497
C3713,18,0,0,State - ASSAM  18,78,13933,8028,5905,11311,6508,4803,2622,1520,1102
C3713,18,0,0,State - ASSAM  18,79,4564,2681,1883,3682,2124,1558,882,557,325
C3713,18,0,0,State - ASSAM  18,80,74806,37857,36949,67231,34302,32929,7575,3555,4020
C3713,18,0,0,State - ASSAM  18,81,4834,3017,1817,4093,2533,1560,741,484,257
C3713,18,0,0,State - ASSAM  18,82,8633,4947,3686,7166,4133,3033,1467,814,653
C3713,18,0,0,State - ASSAM  18,83,3150,1885,1265,2494,1506,988,656,379,277
C3713,18,0,0,State - ASSAM  18,84,2724,1678,1046,2124,1321,803,600,357,243
C3713,18,0,0,State - ASSAM  18,85,24822,12979,11843,21923,11647,10276,2899,1332,1567
C3713,18,0,0,State - ASSAM  18,86,3001,1772,1229,2410,1421,989,591,351,240
C3713,18,0,0,State - ASSAM  18,87,2192,1292,900,1741,1025,716,451,267,184
C3713,18,0,0,State - ASSAM  18,88,2868,1605,1263,2401,1329,1072,467,276,191
C3713,18,0,0,State - ASSAM  18,89,1343,738,605,1083,588,495,260,150,110
C3713,18,0,0,State - ASSAM  18,90,19695,9679,10016,17867,8931,8936,1828,748,1080
C3713,18,0,0,State - ASSAM  18,91,1290,726,564,1093,612,481,197,114,83
C3713,18,0,0,State - ASSAM  18,92,2271,1232,1039,1922,1050,872,349,182,167
C3713,18,0,0,State - ASSAM  18,93,992,529,463,810,444,366,182,85,97
C3713,18,0,0,State - ASSAM  18,94,769,427,342,639,362,277,130,65,65
C3713,18,0,0,State - ASSAM  18,95,7327,3734,3593,6572,3415,3157,755,319,436
C3713,18,0,0,State - ASSAM  18,96,1218,674,544,1030,577,453,188,97,91
C3713,18,0,0,State - ASSAM  18,97,787,448,339,674,382,292,113,66,47
C3713,18,0,0,State - ASSAM  18,98,1891,1004,887,1644,878,766,247,126,121
C3713,18,0,0,State - ASSAM  18,99,1585,807,778,1407,724,683,178,83,95
C3713,18,0,0,State - ASSAM  18,100+,3441,1150,2291,3159,1068,2091,282,82,200
C3713,18,0,0,State - ASSAM  18,Age not stated,28974,17208,11766,23593,13854,9739,5381,3354,2027
C3713,19,0,0,State - WEST BENGAL  19,All ages,80176197,41465985,38710212,57748946,29616009,28132937,22427251,11849976,10577275
C3713,19,0,0,State - WEST BENGAL  19,0,1142682,583171,559511,924560,471377,453183,218122,111794,106328
C3713,19,0,0,State - WEST BENGAL  19,1,1332771,680922,651849,1051640,536692,514948,281131,144230,136901
C3713,19,0,0,State - WEST BENGAL  19,2,1682431,859005,823426,1345275,685969,659306,337156,173036,164120
C3713,19,0,0,State - WEST BENGAL  19,3,1776424,891973,884451,1418436,711992,706444,357988,179981,178007
C3713,19,0,0,State - WEST BENGAL  19,4,1681953,859368,822585,1346010,686788,659222,335943,172580,163363
C3713,19,0,0,State - WEST BENGAL  19,5,1925525,992603,932922,1532189,788059,744130,393336,204544,188792
C3713,19,0,0,State - WEST BENGAL  19,6,1872436,957138,915298,1500893,764935,735958,371543,192203,179340
C3713,19,0,0,State - WEST BENGAL  19,7,1878621,954547,924074,1482735,751023,731712,395886,203524,192362
C3713,19,0,0,State - WEST BENGAL  19,8,2190032,1128703,1061329,1731340,888882,842458,458692,239821,218871
C3713,19,0,0,State - WEST BENGAL  19,9,1623994,818134,805860,1273217,640124,633093,350777,178010,172767
C3713,19,0,0,State - WEST BENGAL  19,10,2472834,1288022,1184812,1912138,992760,919378,560696,295262,265434
C3713,19,0,0,State - WEST BENGAL  19,11,1363961,699340,664621,1020554,521522,499032,343407,177818,165589
C3713,19,0,0,State - WEST BENGAL  19,12,2343737,1231421,1112316,1806100,947024,859076,537637,284397,253240
C3713,19,0,0,State - WEST BENGAL  19,13,1534690,763520,771170,1145075,569845,575230,389615,193675,195940
C3713,19,0,0,State - WEST BENGAL  19,14,1823314,932449,890865,1362150,697654,664496,461164,234795,226369
C3713,19,0,0,State - WEST BENGAL  19,15,1670699,882575,788124,1227174,652776,574398,443525,229799,213726
C3713,19,0,0,State - WEST BENGAL  19,16,1667838,896414,771424,1203113,654971,548142,464725,241443,223282
C3713,19,0,0,State - WEST BENGAL  19,17,1166300,646794,519506,813347,457101,356246,352953,189693,163260
C3713,19,0,0,State - WEST BENGAL  19,18,2080664,1121715,958949,1490231,803639,686592,590433,318076,272357
C3713,19,0,0,State - WEST BENGAL  19,19,1048377,521807,526570,726331,354708,371623,322046,167099,154947
C3713,19,0,0,State - WEST BENGAL  19,20,2081132,1011317,1069815,1481385,704540,776845,599747,306777,292970
C3713,19,0,0,State - WEST BENGAL  19,21,924661,484590,440071,629775,322896,306879,294886,161694,133192
C3713,19,0,0,State - WEST BENGAL  19,22,1808967,926064,882903,1289990,652042,637948,518977,274022,244955
C3713,19,0,0,State - WEST BENGAL  19,23,1001336,510894,490442,691722,348054,343668,309614,162840,146774
C3713,19,0,0,State - WEST BENGAL  19,24,1250077,637935,612142,875272,439895,435377,374805,198040,176765
C3713,19,0,0,State - WEST BENGAL  19,25,2287617,1066310,1221307,1661064,764432,896632,626553,301878,324675
C3713,19,0,0,State - WEST BENGAL  19,26,1365903,688306,677597,958260,478110,480150,407643,210196,197447
C3713,19,0,0,State - WEST BENGAL  19,27,999953,511953,488000,697494,353607,343887,302459,158346,144113
C3713,19,0,0,State - WEST BENGAL  19,28,1823324,935551,887773,1286143,652514,633629,537181,283037,254144
C3713,19,0,0,State - WEST BENGAL  19,29,574806,285053,289753,383366,184893,198473,191440,100160,91280
C3713,19,0,0,State - WEST BENGAL  19,30,2828369,1418831,1409538,2004233,1000401,1003832,824136,418430,405706
C3713,19,0,0,State - WEST BENGAL  19,31,469394,243812,225582,318142,160063,158079,151252,83749,67503
C3713,19,0,0,State - WEST BENGAL  19,32,1607454,854707,752747,1127737,600604,527133,479717,254103,225614
C3713,19,0,0,State - WEST BENGAL  19,33,658553,345834,312719,453825,236545,217280,204728,109289,95439
C3713,19,0,0,State - WEST BENGAL  19,34,683908,360898,323010,468857,245536,223321,215051,115362,99689
C3713,19,0,0,State - WEST BENGAL  19,35,2658764,1379123,1279641,1854519,967139,887380,804245,411984,392261
C3713,19,0,0,State - WEST BENGAL  19,36,1007512,523754,483758,704518,368127,336391,302994,155627,147367
C3713,19,0,0,State - WEST BENGAL  19,37,632826,336253,296573,435493,231498,203995,197333,104755,92578
C3713,19,0,0,State - WEST BENGAL  19,38,1314302,703121,611181,886055,473320,412735,428247,229801,198446
C3713,19,0,0,State - WEST BENGAL  19,39,407063,210919,196144,266285,136328,129957,140778,74591,66187
C3713,19,0,0,State - WEST BENGAL  19,40,2434976,1334986,1099990,1655062,900972,754090,779914,434014,345900
C3713,19,0,0,State - WEST BENGAL  19,41,328579,183469,145110,219412,120210,99202,109167,63259,45908
C3713,19,0,0,State - WEST BENGAL  19,42,1064519,613390,451129,708095,407309,300786,356424,206081,150343
C3713,19,0,0,State - WEST BENGAL  19,43,385204,209411,175793,247980,133398,114582,137224,76013,61211
C3713,19,0,0,State - WEST BENGAL  19,44,384770,211265,173505,253809,138054,115755,130961,73211,57750
C3713,19,0,0,State - WEST BENGAL  19,45,2018235,1087839,930396,1357928,722203,635725,660307,365636,294671
C3713,19,0,0,State - WEST BENGAL  19,46,495661,272442,223219,326640,178033,148607,169021,94409,74612
C3713,19,0,0,State - WEST BENGAL  19,47,376770,211541,165229,244216,135492,108724,132554,76049,56505
C3713,19,0,0,State - WEST BENGAL  19,48,832038,466890,365148,546246,301357,244889,285792,165533,120259
C3713,19,0,0,State - WEST BENGAL  19,49,241433,132401,109032,149610,80017,69593,91823,52384,39439
C3713,19,0,0,State - WEST BENGAL  19,50,1621184,849492,771692,1077364,546570,530794,543820,302922,240898
C3713,19,0,0,State - WEST BENGAL  19,51,222915,128678,94237,141660,78999,62661,81255,49679,31576
C3713,19,0,0,State - WEST BENGAL  19,52,569985,323540,246445,368980,205047,163933,201005,118493,82512
C3713,19,0,0,State - WEST BENGAL  19,53,222852,125575,97277,135671,74187,61484,87181,51388,35793
C3713,19,0,0,State - WEST BENGAL  19,54,228785,128190,100595,138310,75279,63031,90475,52911,37564
C3713,19,0,0,State - WEST BENGAL  19,55,1205169,592642,612527,831997,395933,436064,373172,196709,176463
C3713,19,0,0,State - WEST BENGAL  19,56,327347,181656,145691,213314,114755,98559,114033,66901,47132
C3713,19,0,0,State - WEST BENGAL  19,57,198071,113925,84146,127900,71577,56323,70171,42348,27823
C3713,19,0,0,State - WEST BENGAL  19,58,399042,222369,176673,253491,135399,118092,145551,86970,58581
C3713,19,0,0,State - WEST BENGAL  19,59,141642,84392,57250,82698,46767,35931,58944,37625,21319
C3713,19,0,0,State - WEST BENGAL  19,60,1245835,579946,665889,867460,392807,474653,378375,187139,191236
C3713,19,0,0,State - WEST BENGAL  19,61,129702,71977,57725,83312,43828,39484,46390,28149,18241
C3713,19,0,0,State - WEST BENGAL  19,62,341473,177869,163604,228349,115503,112846,113124,62366,50758
C3713,19,0,0,State - WEST BENGAL  19,63,127351,70460,56891,76608,40522,36086,50743,29938,20805
C3713,19,0,0,State - WEST BENGAL  19,64,113528,63290,50238,67475,36178,31297,46053,27112,18941
C3713,19,0,0,State - WEST BENGAL  19,65,946722,426452,520270,661058,292124,368934,285664,134328,151336
C3713,19,0,0,State - WEST BENGAL  19,66,145865,76819,69046,92183,47315,44868,53682,29504,24178
C3713,19,0,0,State - WEST BENGAL  19,67,115156,63899,51257,70988,38890,32098,44168,25009,19159
C3713,19,0,0,State - WEST BENGAL  19,68,193197,98265,94932,121385,59357,62028,71812,38908,32904
C3713,19,0,0,State - WEST BENGAL  19,69,68828,37492,31336,39799,20585,19214,29029,16907,12122
C3713,19,0,0,State - WEST BENGAL  19,70,712103,328941,383162,496605,226354,270251,215498,102587,112911
C3713,19,0,0,State - WEST BENGAL  19,71,63890,36789,27101,39565,21822,17743,24325,14967,9358
C3713,19,0,0,State - WEST BENGAL  19,72,178288,96198,82090,113820,60754,53066,64468,35444,29024
C3713,19,0,0,State - WEST BENGAL  19,73,59755,35610,24145,34063,20184,13879,25692,15426,10266
C3713,19,0,0,State - WEST BENGAL  19,74,52586,31530,21056,29846,17863,11983,22740,13667,9073
C3713,19,0,0,State - WEST BENGAL  19,75,331535,154045,177490,231583,107098,124485,99952,46947,53005
C3713,19,0,0,State - WEST BENGAL  19,76,68239,38458,29781,39851,22367,17484,28388,16091,12297
C3713,19,0,0,State - WEST BENGAL  19,77,38368,22758,15610,22610,13378,9232,15758,9380,6378
C3713,19,0,0,State - WEST BENGAL  19,78,72181,38841,33340,42772,22733,20039,29409,16108,13301
C3713,19,0,0,State - WEST BENGAL  19,79,25613,14857,10756,14201,8080,6121,11412,6777,4635
C3713,19,0,0,State - WEST BENGAL  19,80,208452,92356,116096,140604,62621,77983,67848,29735,38113
C3713,19,0,0,State - WEST BENGAL  19,81,22905,13146,9759,13910,7772,6138,8995,5374,3621
C3713,19,0,0,State - WEST BENGAL  19,82,44391,23316,21075,26640,13942,12698,17751,9374,8377
C3713,19,0,0,State - WEST BENGAL  19,83,16528,9339,7189,8922,5068,3854,7606,4271,3335
C3713,19,0,0,State - WEST BENGAL  19,84,16654,9524,7130,8548,5031,3517,8106,4493,3613
C3713,19,0,0,State - WEST BENGAL  19,85,84309,37556,46753,57116,25818,31298,27193,11738,15455
C3713,19,0,0,State - WEST BENGAL  19,86,18413,10064,8349,10166,5781,4385,8247,4283,3964
C3713,19,0,0,State - WEST BENGAL  19,87,13175,7430,5745,7307,4346,2961,5868,3084,2784
C3713,19,0,0,State - WEST BENGAL  19,88,17181,9004,8177,10245,5467,4778,6936,3537,3399
C3713,19,0,0,State - WEST BENGAL  19,89,6855,3555,3300,3778,1956,1822,3077,1599,1478
C3713,19,0,0,State - WEST BENGAL  19,90,74642,32586,42056,50880,22483,28397,23762,10103,13659
C3713,19,0,0,State - WEST BENGAL  19,91,8483,4392,4091,5215,2638,2577,3268,1754,1514
C3713,19,0,0,State - WEST BENGAL  19,92,22258,11628,10630,14405,7570,6835,7853,4058,3795
C3713,19,0,0,State - WEST BENGAL  19,93,8469,4490,3979,5139,2755,2384,3330,1735,1595
C3713,19,0,0,State - WEST BENGAL  19,94,7583,4029,3554,4925,2652,2273,2658,1377,1281
C3713,19,0,0,State - WEST BENGAL  19,95,43855,21010,22845,29958,14458,15500,13897,6552,7345
C3713,19,0,0,State - WEST BENGAL  19,96,11918,6197,5721,7789,4079,3710,4129,2118,2011
C3713,19,0,0,State - WEST BENGAL  19,97,7732,4152,3580,4966,2707,2259,2766,1445,1321
C3713,19,0,0,State - WEST BENGAL  19,98,18307,9764,8543,11790,6291,5499,6517,3473,3044
C3713,19,0,0,State - WEST BENGAL  19,99,8922,4426,4496,5713,2812,2901,3209,1614,1595
C3713,19,0,0,State - WEST BENGAL  19,100+,8852,2031,6821,6726,1568,5158,2126,463,1663
C3713,19,0,0,State - WEST BENGAL  19,Age not stated,111717,62555,49162,73645,40509,33136,38072,22046,16026
C3713,20,0,0,State - JHARKHAND  20,All ages,26945829,13885037,13060792,20952088,10679596,10272492,5993741,3205441,2788300
C3713,20,0,0,State - JHARKHAND  20,0,467162,239406,227756,389876,199025,190851,77286,40381,36905
C3713,20,0,0,State - JHARKHAND  20,1,557358,285418,271940,458866,234008,224858,98492,51410,47082
C3713,20,0,0,State - JHARKHAND  20,2,725917,367452,358465,603674,304350,299324,122243,63102,59141
C3713,20,0,0,State - JHARKHAND  20,3,771327,382824,388503,637811,315470,322341,133516,67354,66162
C3713,20,0,0,State - JHARKHAND  20,4,747881,379997,367884,620210,313721,306489,127671,66276,61395
C3713,20,0,0,State - JHARKHAND  20,5,810431,421921,388510,665256,344898,320358,145175,77023,68152
C3713,20,0,0,State - JHARKHAND  20,6,876751,445018,431733,734633,371954,362679,142118,73064,69054
C3713,20,0,0,State - JHARKHAND  20,7,649795,328015,321780,519781,261359,258422,130014,66656,63358
C3713,20,0,0,State - JHARKHAND  20,8,1021081,529139,491942,842208,435490,406718,178873,93649,85224
C3713,20,0,0,State - JHARKHAND  20,9,546038,277252,268786,436629,220883,215746,109409,56369,53040
C3713,20,0,0,State - JHARKHAND  20,10,1075029,567605,507424,872540,459792,412748,202489,107813,94676
C3713,20,0,0,State - JHARKHAND  20,11,411004,213140,197864,304994,157381,147613,106010,55759,50251
C3713,20,0,0,State - JHARKHAND  20,12,967069,512452,454617,774314,410335,363979,192755,102117,90638
C3713,20,0,0,State - JHARKHAND  20,13,482134,244579,237555,357325,181541,175784,124809,63038,61771
C3713,20,0,0,State - JHARKHAND  20,14,599717,314452,285265,446139,234177,211962,153578,80275,73303
C3713,20,0,0,State - JHARKHAND  20,15,618547,343680,274867,471183,264361,206822,147364,79319,68045
C3713,20,0,0,State - JHARKHAND  20,16,558256,297948,260308,406175,217159,189016,152081,80789,71292
C3713,20,0,0,State - JHARKHAND  20,17,316761,169429,147332,212369,112497,99872,104392,56932,47460
C3713,20,0,0,State - JHARKHAND  20,18,727641,397881,329760,537274,290152,247122,190367,107729,82638
C3713,20,0,0,State - JHARKHAND  20,19,278445,142375,136070,188201,92742,95459,90244,49633,40611
C3713,20,0,0,State - JHARKHAND  20,20,722297,357732,364565,545907,263734,282173,176390,93998,82392
C3713,20,0,0,State - JHARKHAND  20,21,266133,140180,125953,185172,93518,91654,80961,46662,34299
C3713,20,0,0,State - JHARKHAND  20,22,552990,292195,260795,410613,212764,197849,142377,79431,62946
C3713,20,0,0,State - JHARKHAND  20,23,273551,129853,143698,197218,88035,109183,76333,41818,34515
C3713,20,0,0,State - JHARKHAND  20,24,334736,166991,167745,242040,115708,126332,92696,51283,41413
C3713,20,0,0,State - JHARKHAND  20,25,789498,406962,382536,615211,318607,296604,174287,88355,85932
C3713,20,0,0,State - JHARKHAND  20,26,351744,177403,174341,260006,127407,132599,91738,49996,41742
C3713,20,0,0,State - JHARKHAND  20,27,232361,115458,116903,170674,82058,88616,61687,33400,28287
C3713,20,0,0,State - JHARKHAND  20,28,527282,249655,277627,405145,185461,219684,122137,64194,57943
C3713,20,0,0,State - JHARKHAND  20,29,130763,62478,68285,94690,43246,51444,36073,19232,16841
C3713,20,0,0,State - JHARKHAND  20,30,937095,478429,458666,730846,373292,357554,206249,105137,101112
C3713,20,0,0,State - JHARKHAND  20,31,135118,65189,69929,102533,46983,55550,32585,18206,14379
C3713,20,0,0,State - JHARKHAND  20,32,438266,218738,219528,336623,163894,172729,101643,54844,46799
C3713,20,0,0,State - JHARKHAND  20,33,187989,80795,107194,146804,59687,87117,41185,21108,20077
C3713,20,0,0,State - JHARKHAND  20,34,183910,87330,96580,140386,64448,75938,43524,22882,20642
C3713,20,0,0,State - JHARKHAND  20,35,880747,485416,395331,677461,377592,299869,203286,107824,95462
C3713,20,0,0,State - JHARKHAND  20,36,274852,138333,136519,211380,105525,105855,63472,32808,30664
C3713,20,0,0,State - JHARKHAND  20,37,146676,70328,76348,110205,51436,58769,36471,18892,17579
C3713,20,0,0,State - JHARKHAND  20,38,366167,168897,197270,281838,126392,155446,84329,42505,41824
C3713,20,0,0,State - JHARKHAND  20,39,101635,49175,52460,75271,35569,39702,26364,13606,12758
C3713,20,0,0,State - JHARKHAND  20,40,823495,455274,368221,627776,349334,278442,195719,105940,89779
C3713,20,0,0,State - JHARKHAND  20,41,102134,52793,49341,76927,38588,38339,25207,14205,11002
C3713,20,0,0,State - JHARKHAND  20,42,273883,141682,132201,206029,104045,101984,67854,37637,30217
C3713,20,0,0,State - JHARKHAND  20,43,114383,48216,66167,85678,33841,51837,28705,14375,14330
C3713,20,0,0,State - JHARKHAND  20,44,103024,48887,54137,75631,34566,41065,27393,14321,13072
C3713,20,0,0,State - JHARKHAND  20,45,693912,386669,307243,520678,290936,229742,173234,95733,77501
C3713,20,0,0,State - JHARKHAND  20,46,146081,74177,71904,107997,53120,54877,38084,21057,17027
C3713,20,0,0,State - JHARKHAND  20,47,93139,45995,47144,66571,31261,35310,26568,14734,11834
C3713,20,0,0,State - JHARKHAND  20,48,237137,114386,122751,177499,81667,95832,59638,32719,26919
C3713,20,0,0,State - JHARKHAND  20,49,62677,31942,30735,44186,21216,22970,18491,10726,7765
C3713,20,0,0,State - JHARKHAND  20,50,572075,322882,249193,436282,245176,191106,135793,77706,58087
C3713,20,0,0,State - JHARKHAND  20,51,73941,41628,32313,54304,28751,25553,19637,12877,6760
C3713,20,0,0,State - JHARKHAND  20,52,152303,83358,68945,112696,58412,54284,39607,24946,14661
C3713,20,0,0,State - JHARKHAND  20,53,66540,30928,35612,48316,19897,28419,18224,11031,7193
C3713,20,0,0,State - JHARKHAND  20,54,64438,32726,31712,45668,21267,24401,18770,11459,7311
C3713,20,0,0,State - JHARKHAND  20,55,415891,213696,202195,325208,164213,160995,90683,49483,41200
C3713,20,0,0,State - JHARKHAND  20,56,90967,47955,43012,68913,34077,34836,22054,13878,8176
C3713,20,0,0,State - JHARKHAND  20,57,48777,25096,23681,35265,16174,19091,13512,8922,4590
C3713,20,0,0,State - JHARKHAND  20,58,119982,56006,63976,92080,38866,53214,27902,17140,10762
C3713,20,0,0,State - JHARKHAND  20,59,36926,21099,15827,25475,12739,12736,11451,8360,3091
C3713,20,0,0,State - JHARKHAND  20,60,430297,215788,214509,354595,177758,176837,75702,38030,37672
C3713,20,0,0,State - JHARKHAND  20,61,43424,22363,21061,34595,16829,17766,8829,5534,3295
C3713,20,0,0,State - JHARKHAND  20,62,88736,44232,44504,71515,34257,37258,17221,9975,7246
C3713,20,0,0,State - JHARKHAND  20,63,36412,15803,20609,28913,11309,17604,7499,4494,3005
C3713,20,0,0,State - JHARKHAND  20,64,27277,13698,13579,20792,9864,10928,6485,3834,2651
C3713,20,0,0,State - JHARKHAND  20,65,282044,136871,145173,230061,111783,118278,51983,25088,26895
C3713,20,0,0,State - JHARKHAND  20,66,36031,17845,18186,28187,13306,14881,7844,4539,3305
C3713,20,0,0,State - JHARKHAND  20,67,21808,10621,11187,16369,7479,8890,5439,3142,2297
C3713,20,0,0,State - JHARKHAND  20,68,45779,19234,26545,36679,14454,22225,9100,4780,4320
C3713,20,0,0,State - JHARKHAND  20,69,13694,6470,7224,10483,4628,5855,3211,1842,1369
C3713,20,0,0,State - JHARKHAND  20,70,213975,109805,104170,176850,91541,85309,37125,18264,18861
C3713,20,0,0,State - JHARKHAND  20,71,16332,8581,7751,13003,6567,6436,3329,2014,1315
C3713,20,0,0,State - JHARKHAND  20,72,33125,16674,16451,25817,12609,13208,7308,4065,3243
C3713,20,0,0,State - JHARKHAND  20,73,11167,5296,5871,8316,3637,4679,2851,1659,1192
C3713,20,0,0,State - JHARKHAND  20,74,9016,4739,4277,6540,3288,3252,2476,1451,1025
C3713,20,0,0,State - JHARKHAND  20,75,86048,43406,42642,69783,35448,34335,16265,7958,8307
C3713,20,0,0,State - JHARKHAND  20,76,12063,6285,5778,9094,4587,4507,2969,1698,1271
C3713,20,0,0,State - JHARKHAND  20,77,5899,3018,2881,4326,2111,2215,1573,907,666
C3713,20,0,0,State - JHARKHAND  20,78,13486,6169,7317,10227,4418,5809,3259,1751,1508
C3713,20,0,0,State - JHARKHAND  20,79,4089,2133,1956,2948,1446,1502,1141,687,454
C3713,20,0,0,State - JHARKHAND  20,80,60984,32009,28975,49427,26467,22960,11557,5542,6015
C3713,20,0,0,State - JHARKHAND  20,81,4932,2706,2226,3881,2068,1813,1051,638,413
C3713,20,0,0,State - JHARKHAND  20,82,7250,3939,3311,5418,2907,2511,1832,1032,800
C3713,20,0,0,State - JHARKHAND  20,83,2640,1310,1330,1930,890,1040,710,420,290
C3713,20,0,0,State - JHARKHAND  20,84,2358,1305,1053,1618,868,750,740,437,303
C3713,20,0,0,State - JHARKHAND  20,85,19665,10468,9197,15129,8218,6911,4536,2250,2286
C3713,20,0,0,State - JHARKHAND  20,86,2737,1516,1221,1937,1052,885,800,464,336
C3713,20,0,0,State - JHARKHAND  20,87,1682,888,794,1174,600,574,508,288,220
C3713,20,0,0,State - JHARKHAND  20,88,2900,1429,1471,2217,1073,1144,683,356,327
C3713,20,0,0,State - JHARKHAND  20,89,1010,500,510,746,373,373,264,127,137
C3713,20,0,0,State - JHARKHAND  20,90,16262,8676,7586,12883,7075,5808,3379,1601,1778
C3713,20,0,0,State - JHARKHAND  20,91,1616,867,749,1224,641,583,392,226,166
C3713,20,0,0,State - JHARKHAND  20,92,2949,1591,1358,2240,1197,1043,709,394,315
C3713,20,0,0,State - JHARKHAND  20,93,1546,784,762,1137,569,568,409,215,194
C3713,20,0,0,State - JHARKHAND  20,94,1323,676,647,998,498,500,325,178,147
C3713,20,0,0,State - JHARKHAND  20,95,7767,4304,3463,6059,3411,2648,1708,893,815
C3713,20,0,0,State - JHARKHAND  20,96,1921,1033,888,1447,788,659,474,245,229
C3713,20,0,0,State - JHARKHAND  20,97,1116,562,554,847,419,428,269,143,126
C3713,20,0,0,State - JHARKHAND  20,98,3001,1575,1426,2338,1223,1115,663,352,311
C3713,20,0,0,State - JHARKHAND  20,99,1616,867,749,1208,647,561,408,220,188
C3713,20,0,0,State - JHARKHAND  20,100+,2685,1198,1487,2039,920,1119,646,278,368
C3713,20,0,0,State - JHARKHAND  20,Age not stated,33308,20888,12420,24438,15576,8862,8870,5312,3558
C3713,21,0,0,State - ORISSA  21,All ages,36804660,18660570,18144090,31287422,15748970,15538452,5517238,2911600,2605638
C3713,21,0,0,State - ORISSA  21,0,564271,290316,273955,501128,257846,243282,63143,32470,30673
C3713,21,0,0,State - ORISSA  21,1,644131,332004,312127,560840,288599,272241,83291,43405,39886
C3713,21,0,0,State - ORISSA  21,2,744423,381747,362676,652146,333914,318232,92277,47833,44444
C3713,21,0,0,State - ORISSA  21,3,822344,409915,412429,720023,358171,361852,102321,51744,50577
C3713,21,0,0,State - ORISSA  21,4,798488,409896,388592,697466,357447,340019,101022,52449,48573
C3713,21,0,0,State - ORISSA  21,5,948256,490376,457880,831437,429668,401769,116819,60708,56111
C3713,21,0,0,State - ORISSA  21,6,836897,430298,406599,733318,376287,357031,103579,54011,49568
C3713,21,0,0,State - ORISSA  21,7,852227,426526,425701,741568,370442,371126,110659,56084,54575
C3713,21,0,0,State - ORISSA  21,8,1027635,527368,500267,899142,460537,438605,128493,66831,61662
C3713,21,0,0,State - ORISSA  21,9,712590,366328,346262,615087,315776,299311,97503,50552,46951
C3713,21,0,0,State - ORISSA  21,10,1105838,570436,535402,960519,494381,466138,145319,76055,69264
C3713,21,0,0,State - ORISSA  21,11,610663,317111,293552,514446,267111,247335,96217,50000,46217
C3713,21,0,0,State - ORISSA  21,12,1079525,554014,525511,932166,477513,454653,147359,76501,70858
C3713,21,0,0,State - ORISSA  21,13,682748,341385,341363,574617,287029,287588,108131,54356,53775
C3713,21,0,0,State - ORISSA  21,14,777836,388153,389683,658596,327460,331136,119240,60693,58547
C3713,21,0,0,State - ORISSA  21,15,820815,412269,408546,700029,350087,349942,120786,62182,58604
C3713,21,0,0,State - ORISSA  21,16,707333,342269,365064,592014,283392,308622,115319,58877,56442
C3713,21,0,0,State - ORISSA  21,17,564506,268960,295546,462429,216681,245748,102077,52279,49798
C3713,21,0,0,State - ORISSA  21,18,963172,496125,467047,809001,412071,396930,154171,84054,70117
C3713,21,0,0,State - ORISSA  21,19,475558,240768,234790,382393,190703,191690,93165,50065,43100
C3713,21,0,0,State - ORISSA  21,20,1006808,487684,519124,846003,405053,440950,160805,82631,78174
C3713,21,0,0,State - ORISSA  21,21,446379,232325,214054,358040,183478,174562,88339,48847,39492
C3713,21,0,0,State - ORISSA  21,22,755349,389486,365863,626441,319615,306826,128908,69871,59037
C3713,21,0,0,State - ORISSA  21,23,503894,248528,255366,412351,199661,212690,91543,48867,42676
C3713,21,0,0,State - ORISSA  21,24,477763,242770,234993,386280,193286,192994,91483,49484,41999
C3713,21,0,0,State - ORISSA  21,25,1120295,530815,589480,952596,449826,502770,167699,80989,86710
C3713,21,0,0,State - ORISSA  21,26,517244,260365,256879,422547,210859,211688,94697,49506,45191
C3713,21,0,0,State - ORISSA  21,27,451388,225375,226013,368913,182724,186189,82475,42651,39824
C3713,21,0,0,State - ORISSA  21,28,769473,375048,394425,645743,310590,335153,123730,64458,59272
C3713,21,0,0,State - ORISSA  21,29,250555,127217,123338,197578,98684,98894,52977,28533,24444
C3713,21,0,0,State - ORISSA  21,30,1295772,631780,663992,1099099,533057,566042,196673,98723,97950
C3713,21,0,0,State - ORISSA  21,31,210885,109660,101225,168563,85776,82787,42322,23884,18438
C3713,21,0,0,State - ORISSA  21,32,662546,338768,323778,553750,280861,272889,108796,57907,50889
C3713,21,0,0,State - ORISSA  21,33,314546,154449,160097,260614,125778,134836,53932,28671,25261
C3713,21,0,0,State - ORISSA  21,34,277251,141483,135768,225079,112839,112240,52172,28644,23528
C3713,21,0,0,State - ORISSA  21,35,1257259,654174,603085,1064224,554693,509531,193035,99481,93554
C3713,21,0,0,State - ORISSA  21,36,400087,204432,195655,333292,169439,163853,66795,34993,31802
C3713,21,0,0,State - ORISSA  21,37,256868,128480,128388,209883,103976,105907,46985,24504,22481
C3713,21,0,0,State - ORISSA  21,38,576099,291412,284687,483564,241958,241606,92535,49454,43081
C3713,21,0,0,State - ORISSA  21,39,173671,89819,83852,137775,69948,67827,35896,19871,16025
C3713,21,0,0,State - ORISSA  21,40,1161706,624708,536998,984115,525938,458177,177591,98770,78821
C3713,21,0,0,State - ORISSA  21,41,149560,83169,66391,120416,65691,54725,29144,17478,11666
C3713,21,0,0,State - ORISSA  21,42,416404,228276,188128,345751,187161,158590,70653,41115,29538
C3713,21,0,0,State - ORISSA  21,43,192558,94167,98391,157949,74532,83417,34609,19635,14974
C3713,21,0,0,State - ORISSA  21,44,142408,73993,68415,114764,58141,56623,27644,15852,11792
C3713,21,0,0,State - ORISSA  21,45,965398,514211,451187,821647,435379,386268,143751,78832,64919
C3713,21,0,0,State - ORISSA  21,46,198865,105555,93310,163501,85276,78225,35364,20279,15085
C3713,21,0,0,State - ORISSA  21,47,155155,80260,74895,126110,63693,62417,29045,16567,12478
C3713,21,0,0,State - ORISSA  21,48,346211,178935,167276,291331,147674,143657,54880,31261,23619
C3713,21,0,0,State - ORISSA  21,49,90220,47228,42992,71464,36213,35251,18756,11015,7741
C3713,21,0,0,State - ORISSA  21,50,824740,428332,396408,708956,366536,342420,115784,61796,53988
C3713,21,0,0,State - ORISSA  21,51,93998,53664,40334,76289,42340,33949,17709,11324,6385
C3713,21,0,0,State - ORISSA  21,52,227140,123646,103494,189590,101312,88278,37550,22334,15216
C3713,21,0,0,State - ORISSA  21,53,106165,54390,51775,86952,42560,44392,19213,11830,7383
C3713,21,0,0,State - ORISSA  21,54,92098,48841,43257,74001,37574,36427,18097,11267,6830
C3713,21,0,0,State - ORISSA  21,55,631902,299327,332575,553531,260294,293237,78371,39033,39338
C3713,21,0,0,State - ORISSA  21,56,121832,63636,58196,102339,51601,50738,19493,12035,7458
C3713,21,0,0,State - ORISSA  21,57,83326,42904,40422,68847,33746,35101,14479,9158,5321
C3713,21,0,0,State - ORISSA  21,58,188630,90192,98438,161626,74701,86925,27004,15491,11513
C3713,21,0,0,State - ORISSA  21,59,51794,27693,24101,41643,20941,20702,10151,6752,3399
C3713,21,0,0,State - ORISSA  21,60,757879,365759,392120,671557,323684,347873,86322,42075,44247
C3713,21,0,0,State - ORISSA  21,61,61871,32529,29342,53627,27382,26245,8244,5147,3097
C3713,21,0,0,State - ORISSA  21,62,170802,87559,83243,150825,76238,74587,19977,11321,8656
C3713,21,0,0,State - ORISSA  21,63,64995,31403,33592,56099,26129,29970,8896,5274,3622
C3713,21,0,0,State - ORISSA  21,64,48593,25756,22837,41043,21158,19885,7550,4598,2952
C3713,21,0,0,State - ORISSA  21,65,534570,248232,286338,479546,222574,256972,55024,25658,29366
C3713,21,0,0,State - ORISSA  21,66,60565,30926,29639,52866,26592,26274,7699,4334,3365
C3713,21,0,0,State - ORISSA  21,67,48075,24693,23382,41660,21039,20621,6415,3654,2761
C3713,21,0,0,State - ORISSA  21,68,97206,46113,51093,85824,40054,45770,11382,6059,5323
C3713,21,0,0,State - ORISSA  21,69,27725,13882,13843,23674,11577,12097,4051,2305,1746
C3713,21,0,0,State - ORISSA  21,70,461809,224416,237393,413852,201748,212104,47957,22668,25289
C3713,21,0,0,State - ORISSA  21,71,27304,15071,12233,23686,12860,10826,3618,2211,1407
C3713,21,0,0,State - ORISSA  21,72,81898,44413,37485,72012,39029,32983,9886,5384,4502
C3713,21,0,0,State - ORISSA  21,73,25343,14202,11141,21550,11972,9578,3793,2230,1563
C3713,21,0,0,State - ORISSA  21,74,19003,11340,7663,15821,9361,6460,3182,1979,1203
C3713,21,0,0,State - ORISSA  21,75,183513,89931,93582,163882,80716,83166,19631,9215,10416
C3713,21,0,0,State - ORISSA  21,76,23279,13160,10119,19784,11157,8627,3495,2003,1492
C3713,21,0,0,State - ORISSA  21,77,13632,7975,5657,11528,6705,4823,2104,1270,834
C3713,21,0,0,State - ORISSA  21,78,28952,15379,13573,24750,13155,11595,4202,2224,1978
C3713,21,0,0,State - ORISSA  21,79,8813,5013,3800,7263,4088,3175,1550,925,625
C3713,21,0,0,State - ORISSA  21,80,135840,69725,66115,120409,62385,58024,15431,7340,8091
C3713,21,0,0,State - ORISSA  21,81,9034,5511,3523,7778,4710,3068,1256,801,455
C3713,21,0,0,State - ORISSA  21,82,17198,9940,7258,14659,8542,6117,2539,1398,1141
C3713,21,0,0,State - ORISSA  21,83,6246,3733,2513,5075,3059,2016,1171,674,497
C3713,21,0,0,State - ORISSA  21,84,5579,3530,2049,4435,2865,1570,1144,665,479
C3713,21,0,0,State - ORISSA  21,85,40633,21402,19231,35338,18849,16489,5295,2553,2742
C3713,21,0,0,State - ORISSA  21,86,5270,3189,2081,4291,2624,1667,979,565,414
C3713,21,0,0,State - ORISSA  21,87,4195,2561,1634,3355,2068,1287,840,493,347
C3713,21,0,0,State - ORISSA  21,88,5725,3238,2487,4779,2693,2086,946,545,401
C3713,21,0,0,State - ORISSA  21,89,2218,1264,954,1794,1011,783,424,253,171
C3713,21,0,0,State - ORISSA  21,90,27122,13398,13724,23274,11646,11628,3848,1752,2096
C3713,21,0,0,State - ORISSA  21,91,2122,1190,932,1706,948,758,416,242,174
C3713,21,0,0,State - ORISSA  21,92,4247,2311,1936,3419,1838,1581,828,473,355
C3713,21,0,0,State - ORISSA  21,93,1752,991,761,1357,752,605,395,239,156
C3713,21,0,0,State - ORISSA  21,94,1548,900,648,1228,703,525,320,197,123
C3713,21,0,0,State - ORISSA  21,95,10894,5508,5386,9335,4769,4566,1559,739,820
C3713,21,0,0,State - ORISSA  21,96,2058,1150,908,1701,955,746,357,195,162
C3713,21,0,0,State - ORISSA  21,97,1594,864,730,1269,685,584,325,179,146
C3713,21,0,0,State - ORISSA  21,98,3793,1969,1824,3113,1591,1522,680,378,302
C3713,21,0,0,State - ORISSA  21,99,2305,1193,1112,1911,977,934,394,216,178
C3713,21,0,0,State - ORISSA  21,100+,3900,1411,2489,3411,1245,2166,489,166,323
C3713,21,0,0,State - ORISSA  21,Age not stated,62062,34379,27683,51414,28318,23096,10648,6061,4587
C3713,22,0,0,State - CHHATTISGARH  22,All ages,20833803,10474218,10359585,16648056,8307443,8340613,4185747,2166775,2018972
C3713,22,0,0,State - CHHATTISGARH  22,0,404135,206179,197956,340391,173293,167098,63744,32886,30858
C3713,22,0,0,State - CHHATTISGARH  22,1,436171,222782,213389,363297,184998,178299,72874,37784,35090
C3713,22,0,0,State - CHHATTISGARH  22,2,507901,258076,249825,420962,212952,208010,86939,45124,41815
C3713,22,0,0,State - CHHATTISGARH  22,3,587097,289908,297189,488705,240306,248399,98392,49602,48790
C3713,22,0,0,State - CHHATTISGARH  22,4,517650,264691,252959,429400,218761,210639,88250,45930,42320
C3713,22,0,0,State - CHHATTISGARH  22,5,560406,287043,273363,465621,237219,228402,94785,49824,44961
C3713,22,0,0,State - CHHATTISGARH  22,6,541556,271734,269822,455604,227971,227633,85952,43763,42189
C3713,22,0,0,State - CHHATTISGARH  22,7,459063,231150,227913,370190,185883,184307,88873,45267,43606
C3713,22,0,0,State - CHHATTISGARH  22,8,573730,291950,281780,468401,237394,231007,105329,54556,50773
C3713,22,0,0,State - CHHATTISGARH  22,9,499608,249131,250477,416399,207376,209023,83209,41755,41454
C3713,22,0,0,State - CHHATTISGARH  22,10,669385,342573,326812,547488,279580,267908,121897,62993,58904
C3713,22,0,0,State - CHHATTISGARH  22,11,437320,226375,210945,351033,181889,169144,86287,44486,41801
C3713,22,0,0,State - CHHATTISGARH  22,12,601060,308571,292489,487123,249650,237473,113937,58921,55016
C3713,22,0,0,State - CHHATTISGARH  22,13,438366,220748,217618,349387,176487,172900,88979,44261,44718
C3713,22,0,0,State - CHHATTISGARH  22,14,459206,234670,224536,365452,186999,178453,93754,47671,46083
C3713,22,0,0,State - CHHATTISGARH  22,15,455373,239101,216272,360928,189505,171423,94445,49596,44849
C3713,22,0,0,State - CHHATTISGARH  22,16,438713,222878,215835,342437,173747,168690,96276,49131,47145
C3713,22,0,0,State - CHHATTISGARH  22,17,303652,161405,142247,226782,120483,106299,76870,40922,35948
C3713,22,0,0,State - CHHATTISGARH  22,18,484503,258364,226139,373129,197605,175524,111374,60759,50615
C3713,22,0,0,State - CHHATTISGARH  22,19,249483,126693,122790,184139,92018,92121,65344,34675,30669
C3713,22,0,0,State - CHHATTISGARH  22,20,469735,228145,241590,358815,172033,186782,110920,56112,54808
C3713,22,0,0,State - CHHATTISGARH  22,21,234547,126143,108404,171902,91052,80850,62645,35091,27554
C3713,22,0,0,State - CHHATTISGARH  22,22,397843,203054,194789,304213,153901,150312,93630,49153,44477
C3713,22,0,0,State - CHHATTISGARH  22,23,276512,127532,148980,211722,94029,117693,64790,33503,31287
C3713,22,0,0,State - CHHATTISGARH  22,24,292851,142902,149949,221888,105447,116441,70963,37455,33508
C3713,22,0,0,State - CHHATTISGARH  22,25,509085,263388,245697,393658,206574,187084,115427,56814,58613
C3713,22,0,0,State - CHHATTISGARH  22,26,308032,156099,151933,236559,119184,117375,71473,36915,34558
C3713,22,0,0,State - CHHATTISGARH  22,27,242462,125107,117355,185418,95364,90054,57044,29743,27301
C3713,22,0,0,State - CHHATTISGARH  22,28,436123,199924,236199,342791,154175,188616,93332,45749,47583
C3713,22,0,0,State - CHHATTISGARH  22,29,141248,70291,70957,106847,52226,54621,34401,18065,16336
C3713,22,0,0,State - CHHATTISGARH  22,30,644060,330516,313544,496216,256394,239822,147844,74122,73722
C3713,22,0,0,State - CHHATTISGARH  22,31,121812,63973,57839,92602,47328,45274,29210,16645,12565
C3713,22,0,0,State - CHHATTISGARH  22,32,373731,184204,189527,292317,141762,150555,81414,42442,38972
C3713,22,0,0,State - CHHATTISGARH  22,33,214920,91823,123097,173598,71198,102400,41322,20625,20697
C3713,22,0,0,State - CHHATTISGARH  22,34,187757,85205,102552,149515,65774,83741,38242,19431,18811
C3713,22,0,0,State - CHHATTISGARH  22,35,575388,320872,254516,436412,247798,188614,138976,73074,65902
C3713,22,0,0,State - CHHATTISGARH  22,36,253204,127698,125506,200137,100682,99455,53067,27016,26051
C3713,22,0,0,State - CHHATTISGARH  22,37,147344,73044,74300,115643,56618,59025,31701,16426,15275
C3713,22,0,0,State - CHHATTISGARH  22,38,343431,155096,188335,276500,122455,154045,66931,32641,34290
C3713,22,0,0,State - CHHATTISGARH  22,39,105475,52990,52485,82179,40509,41670,23296,12481,10815
C3713,22,0,0,State - CHHATTISGARH  22,40,555465,304589,250876,425409,234587,190822,130056,70002,60054
C3713,22,0,0,State - CHHATTISGARH  22,41,81611,44811,36800,63101,33859,29242,18510,10952,7558
C3713,22,0,0,State - CHHATTISGARH  22,42,226365,116690,109675,177966,89721,88245,48399,26969,21430
C3713,22,0,0,State - CHHATTISGARH  22,43,135193,53823,81370,109749,40994,68755,25444,12829,12615
C3713,22,0,0,State - CHHATTISGARH  22,44,97511,45278,52233,76654,33991,42663,20857,11287,9570
C3713,22,0,0,State - CHHATTISGARH  22,45,447553,247142,200411,343780,191797,151983,103773,55345,48428
C3713,22,0,0,State - CHHATTISGARH  22,46,129876,64754,65122,103629,50527,53102,26247,14227,12020
C3713,22,0,0,State - CHHATTISGARH  22,47,94282,46025,48257,74816,35270,39546,19466,10755,8711
C3713,22,0,0,State - CHHATTISGARH  22,48,214285,94898,119387,175294,74886,100408,38991,20012,18979
C3713,22,0,0,State - CHHATTISGARH  22,49,60013,29818,30195,47238,22461,24777,12775,7357,5418
C3713,22,0,0,State - CHHATTISGARH  22,50,406715,216967,189748,323226,173358,149868,83489,43609,39880
C3713,22,0,0,State - CHHATTISGARH  22,51,56356,31135,25221,44407,23521,20886,11949,7614,4335
C3713,22,0,0,State - CHHATTISGARH  22,52,139404,72363,67041,113110,56967,56143,26294,15396,10898
C3713,22,0,0,State - CHHATTISGARH  22,53,81699,33434,48265,67840,25736,42104,13859,7698,6161
C3713,22,0,0,State - CHHATTISGARH  22,54,64384,30547,33837,51595,23260,28335,12789,7287,5502
C3713,22,0,0,State - CHHATTISGARH  22,55,306078,156710,149368,247679,128861,118818,58399,27849,30550
C3713,22,0,0,State - CHHATTISGARH  22,56,83651,41482,42169,69200,33449,35751,14451,8033,6418
C3713,22,0,0,State - CHHATTISGARH  22,57,54595,25444,29151,44860,19714,25146,9735,5730,4005
C3713,22,0,0,State - CHHATTISGARH  22,58,130255,52477,77778,110523,42171,68352,19732,10306,9426
C3713,22,0,0,State - CHHATTISGARH  22,59,36109,18376,17733,28419,13189,15230,7690,5187,2503
C3713,22,0,0,State - CHHATTISGARH  22,60,355879,168447,187432,296302,142000,154302,59577,26447,33130
C3713,22,0,0,State - CHHATTISGARH  22,61,35877,18535,17342,29529,14635,14894,6348,3900,2448
C3713,22,0,0,State - CHHATTISGARH  22,62,94358,43509,50849,80482,36093,44389,13876,7416,6460
C3713,22,0,0,State - CHHATTISGARH  22,63,51285,18665,32620,44021,14669,29352,7264,3996,3268
C3713,22,0,0,State - CHHATTISGARH  22,64,31527,14793,16734,25864,11416,14448,5663,3377,2286
C3713,22,0,0,State - CHHATTISGARH  22,65,263641,122561,141080,221345,103831,117514,42296,18730,23566
C3713,22,0,0,State - CHHATTISGARH  22,66,36509,17459,19050,30444,14075,16369,6065,3384,2681
C3713,22,0,0,State - CHHATTISGARH  22,67,28900,13260,15640,24000,10412,13588,4900,2848,2052
C3713,22,0,0,State - CHHATTISGARH  22,68,57245,21028,36217,49436,17155,32281,7809,3873,3936
C3713,22,0,0,State - CHHATTISGARH  22,69,15797,7003,8794,13185,5412,7773,2612,1591,1021
C3713,22,0,0,State - CHHATTISGARH  22,70,202414,93976,108438,173175,80838,92337,29239,13138,16101
C3713,22,0,0,State - CHHATTISGARH  22,71,13660,6952,6708,11471,5567,5904,2189,1385,804
C3713,22,0,0,State - CHHATTISGARH  22,72,34526,15928,18598,29514,13205,16309,5012,2723,2289
C3713,22,0,0,State - CHHATTISGARH  22,73,15326,5884,9442,13126,4632,8494,2200,1252,948
C3713,22,0,0,State - CHHATTISGARH  22,74,9415,4463,4952,7702,3437,4265,1713,1026,687
C3713,22,0,0,State - CHHATTISGARH  22,75,84838,38776,46062,73050,33540,39510,11788,5236,6552
C3713,22,0,0,State - CHHATTISGARH  22,76,11972,5550,6422,10069,4474,5595,1903,1076,827
C3713,22,0,0,State - CHHATTISGARH  22,77,6872,3132,3740,5769,2493,3276,1103,639,464
C3713,22,0,0,State - CHHATTISGARH  22,78,14721,5630,9091,12665,4575,8090,2056,1055,1001
C3713,22,0,0,State - CHHATTISGARH  22,79,4316,1926,2390,3628,1524,2104,688,402,286
C3713,22,0,0,State - CHHATTISGARH  22,80,62209,28493,33716,54231,25141,29090,7978,3352,4626
C3713,22,0,0,State - CHHATTISGARH  22,81,4264,2219,2045,3647,1838,1809,617,381,236
C3713,22,0,0,State - CHHATTISGARH  22,82,7768,3662,4106,6634,3090,3544,1134,572,562
C3713,22,0,0,State - CHHATTISGARH  22,83,3453,1387,2066,2928,1077,1851,525,310,215
C3713,22,0,0,State - CHHATTISGARH  22,84,2128,1057,1071,1699,803,896,429,254,175
C3713,22,0,0,State - CHHATTISGARH  22,85,19415,8827,10588,16470,7632,8838,2945,1195,1750
C3713,22,0,0,State - CHHATTISGARH  22,86,2590,1238,1352,2116,994,1122,474,244,230
C3713,22,0,0,State - CHHATTISGARH  22,87,1940,908,1032,1601,733,868,339,175,164
C3713,22,0,0,State - CHHATTISGARH  22,88,2647,1120,1527,2266,923,1343,381,197,184
C3713,22,0,0,State - CHHATTISGARH  22,89,1185,557,628,983,450,533,202,107,95
C3713,22,0,0,State - CHHATTISGARH  22,90,12961,5901,7060,11130,5190,5940,1831,711,1120
C3713,22,0,0,State - CHHATTISGARH  22,91,995,521,474,816,431,385,179,90,89
C3713,22,0,0,State - CHHATTISGARH  22,92,1570,754,816,1285,618,667,285,136,149
C3713,22,0,0,State - CHHATTISGARH  22,93,836,365,471,660,279,381,176,86,90
C3713,22,0,0,State - CHHATTISGARH  22,94,624,289,335,502,228,274,122,61,61
C3713,22,0,0,State - CHHATTISGARH  22,95,4256,2005,2251,3554,1689,1865,702,316,386
C3713,22,0,0,State - CHHATTISGARH  22,96,865,430,435,696,346,350,169,84,85
C3713,22,0,0,State - CHHATTISGARH  22,97,628,294,334,495,224,271,133,70,63
C3713,22,0,0,State - CHHATTISGARH  22,98,1502,697,805,1250,569,681,252,128,124
C3713,22,0,0,State - CHHATTISGARH  22,99,1028,530,498,869,453,416,159,77,82
C3713,22,0,0,State - CHHATTISGARH  22,100+,2441,954,1487,2069,838,1231,372,116,256
C3713,22,0,0,State - CHHATTISGARH  22,Age not stated,28082,15742,12340,23083,12976,10107,4999,2766,2233
C3713,23,0,0,State - MADHYA PRADESH  23,All ages,60348023,31443652,28904371,44380878,23031093,21349785,15967145,8412559,7554586
C3713,23,0,0,State - MADHYA PRADESH  23,0,1206829,626657,580172,961029,497170,463859,245800,129487,116313
C3713,23,0,0,State - MADHYA PRADESH  23,1,1271855,659942,611913,987854,510081,477773,284001,149861,134140
C3713,23,0,0,State - MADHYA PRADESH  23,2,1613911,833337,780574,1269950,652901,617049,343961,180436,163525
C3713,23,0,0,State - MADHYA PRADESH  23,3,1678510,850077,828433,1307307,660449,646858,371203,189628,181575
C3713,23,0,0,State - MADHYA PRADESH  23,4,1597631,831699,765932,1250445,649168,601277,347186,182531,164655
C3713,23,0,0,State - MADHYA PRADESH  23,5,1700214,898393,801821,1320586,694602,625984,379628,203791,175837
C3713,23,0,0,State - MADHYA PRADESH  23,6,1713264,879742,833522,1346573,689355,657218,366691,190387,176304
C3713,23,0,0,State - MADHYA PRADESH  23,7,1385697,710779,674918,1036836,530982,505854,348861,179797,169064
C3713,23,0,0,State - MADHYA PRADESH  23,8,2002398,1037498,964900,1539336,794025,745311,463062,243473,219589
C3713,23,0,0,State - MADHYA PRADESH  23,9,1313098,672018,641080,1006527,513848,492679,306571,158170,148401
C3713,23,0,0,State - MADHYA PRADESH  23,10,2160767,1137640,1023127,1654420,866663,787757,506347,270977,235370
C3713,23,0,0,State - MADHYA PRADESH  23,11,1124728,600693,524035,819818,439515,380303,304910,161178,143732
C3713,23,0,0,State - MADHYA PRADESH  23,12,1921483,1029501,891982,1447681,773828,673853,473802,255673,218129
C3713,23,0,0,State - MADHYA PRADESH  23,13,1182292,618571,563721,852990,450224,402766,329302,168347,160955
C3713,23,0,0,State - MADHYA PRADESH  23,14,1379739,737389,642350,1008925,543119,465806,370814,194270,176544
C3713,23,0,0,State - MADHYA PRADESH  23,15,1303417,730449,572968,941398,533915,407483,362019,196534,165485
C3713,23,0,0,State - MADHYA PRADESH  23,16,1307333,715841,591492,931604,516559,415045,375729,199282,176447
C3713,23,0,0,State - MADHYA PRADESH  23,17,786341,436104,350237,508332,284435,223897,278009,151669,126340
C3713,23,0,0,State - MADHYA PRADESH  23,18,1628525,916067,712458,1163225,655004,508221,465300,261063,204237
C3713,23,0,0,State - MADHYA PRADESH  23,19,665001,357254,307747,430938,227716,203222,234063,129538,104525
C3713,23,0,0,State - MADHYA PRADESH  23,20,1658995,873892,785103,1197938,631672,566266,461057,242220,218837
C3713,23,0,0,State - MADHYA PRADESH  23,21,616596,343115,273481,395474,215135,180339,221122,127980,93142
C3713,23,0,0,State - MADHYA PRADESH  23,22,1275480,702782,572698,906901,500186,406715,368579,202596,165983
C3713,23,0,0,State - MADHYA PRADESH  23,23,757390,348478,408912,532170,229251,302919,225220,119227,105993
C3713,23,0,0,State - MADHYA PRADESH  23,24,859555,425431,434124,601465,286442,315023,258090,138989,119101
C3713,23,0,0,State - MADHYA PRADESH  23,25,1571849,873845,698004,1125026,648527,476499,446823,225318,221505
C3713,23,0,0,State - MADHYA PRADESH  23,26,883858,451630,432228,631396,319193,312203,252462,132437,120025
C3713,23,0,0,State - MADHYA PRADESH  23,27,547222,279380,267842,371378,186360,185018,175844,93020,82824
C3713,23,0,0,State - MADHYA PRADESH  23,28,1351176,608204,742972,1005479,440058,565421,345697,168146,177551
C3713,23,0,0,State - MADHYA PRADESH  23,29,310397,151256,159141,205395,95664,109731,105002,55592,49410
C3713,23,0,0,State - MADHYA PRADESH  23,30,2037158,1115378,921780,1463255,822557,640698,573903,292821,281082
C3713,23,0,0,State - MADHYA PRADESH  23,31,265148,134069,131079,175656,84581,91075,89492,49488,40004
C3713,23,0,0,State - MADHYA PRADESH  23,32,1045039,530987,514052,753830,379484,374346,291209,151503,139706
C3713,23,0,0,State - MADHYA PRADESH  23,33,535272,207683,327589,401069,142937,258132,134203,64746,69457
C3713,23,0,0,State - MADHYA PRADESH  23,34,465844,201032,264812,340144,138414,201730,125700,62618,63082
C3713,23,0,0,State - MADHYA PRADESH  23,35,1764370,1048347,716023,1223068,757353,465715,541302,290994,250308
C3713,23,0,0,State - MADHYA PRADESH  23,36,659155,337586,321569,471578,242054,229524,187577,95532,92045
C3713,23,0,0,State - MADHYA PRADESH  23,37,320431,154388,166043,219133,102652,116481,101298,51736,49562
C3713,23,0,0,State - MADHYA PRADESH  23,38,960888,413831,547057,709356,293258,416098,251532,120573,130959
C3713,23,0,0,State - MADHYA PRADESH  23,39,222364,108656,113708,148713,69544,79169,73651,39112,34539
C3713,23,0,0,State - MADHYA PRADESH  23,40,1688383,995014,693369,1185711,711726,473985,502672,283288,219384
C3713,23,0,0,State - MADHYA PRADESH  23,41,176138,96627,79511,115742,61061,54681,60396,35566,24830
C3713,23,0,0,State - MADHYA PRADESH  23,42,610048,325680,284368,430856,224387,206469,179192,101293,77899
C3713,23,0,0,State - MADHYA PRADESH  23,43,306310,111293,195017,225845,71877,153968,80465,39416,41049
C3713,23,0,0,State - MADHYA PRADESH  23,44,235555,107366,128189,164234,69010,95224,71321,38356,32965
C3713,23,0,0,State - MADHYA PRADESH  23,45,1273182,745234,527948,887552,533248,354304,385630,211986,173644
C3713,23,0,0,State - MADHYA PRADESH  23,46,298715,148675,150040,213021,102789,110232,85694,45886,39808
C3713,23,0,0,State - MADHYA PRADESH  23,47,184768,88202,96566,125157,55772,69385,59611,32430,27181
C3713,23,0,0,State - MADHYA PRADESH  23,48,559509,239135,320374,419505,167874,251631,140004,71261,68743
C3713,23,0,0,State - MADHYA PRADESH  23,49,121017,60355,60662,81525,37837,43688,39492,22518,16974
C3713,23,0,0,State - MADHYA PRADESH  23,50,1140675,660455,480220,832386,491964,340422,308289,168491,139798
C3713,23,0,0,State - MADHYA PRADESH  23,51,113561,64978,48583,75678,41354,34324,37883,23624,14259
C3713,23,0,0,State - MADHYA PRADESH  23,52,324562,176164,148398,232796,122160,110636,91766,54004,37762
C3713,23,0,0,State - MADHYA PRADESH  23,53,169351,66582,102769,124850,41914,82936,44501,24668,19833
C3713,23,0,0,State - MADHYA PRADESH  23,54,142829,67047,75782,100593,43016,57577,42236,24031,18205
C3713,23,0,0,State - MADHYA PRADESH  23,55,811207,420476,390731,595267,316344,278923,215940,104132,111808
C3713,23,0,0,State - MADHYA PRADESH  23,56,189374,93697,95677,139853,66888,72965,49521,26809,22712
C3713,23,0,0,State - MADHYA PRADESH  23,57,103891,47238,56653,73886,30274,43612,30005,16964,13041
C3713,23,0,0,State - MADHYA PRADESH  23,58,331858,123341,208517,259090,86843,172247,72768,36498,36270
C3713,23,0,0,State - MADHYA PRADESH  23,59,75423,38567,36856,50842,22872,27970,24581,15695,8886
C3713,23,0,0,State - MADHYA PRADESH  23,60,1053621,537671,515950,812093,426548,385545,241528,111123,130405
C3713,23,0,0,State - MADHYA PRADESH  23,61,80245,42758,37487,57278,29059,28219,22967,13699,9268
C3713,23,0,0,State - MADHYA PRADESH  23,62,244408,120160,124248,189184,90754,98430,55224,29406,25818
C3713,23,0,0,State - MADHYA PRADESH  23,63,117457,41480,75977,91554,27916,63638,25903,13564,12339
C3713,23,0,0,State - MADHYA PRADESH  23,64,77065,35953,41112,56311,24001,32310,20754,11952,8802
C3713,23,0,0,State - MADHYA PRADESH  23,65,758459,375186,383273,579182,293360,285822,179277,81826,97451
C3713,23,0,0,State - MADHYA PRADESH  23,66,90729,45192,45537,66998,32243,34755,23731,12949,10782
C3713,23,0,0,State - MADHYA PRADESH  23,67,58771,28396,30375,41724,18584,23140,17047,9812,7235
C3713,23,0,0,State - MADHYA PRADESH  23,68,158162,57692,100470,124667,41895,82772,33495,15797,17698
C3713,23,0,0,State - MADHYA PRADESH  23,69,36501,16964,19537,26183,11069,15114,10318,5895,4423
C3713,23,0,0,State - MADHYA PRADESH  23,70,629696,319728,309968,488250,253472,234778,141446,66256,75190
C3713,23,0,0,State - MADHYA PRADESH  23,71,31566,17248,14318,22613,11713,10900,8953,5535,3418
C3713,23,0,0,State - MADHYA PRADESH  23,72,93800,48566,45234,70309,35566,34743,23491,13000,10491
C3713,23,0,0,State - MADHYA PRADESH  23,73,35570,15181,20389,26515,9997,16518,9055,5184,3871
C3713,23,0,0,State - MADHYA PRADESH  23,74,26345,13558,12787,18321,8756,9565,8024,4802,3222
C3713,23,0,0,State - MADHYA PRADESH  23,75,253680,122345,131335,193555,95295,98260,60125,27050,33075
C3713,23,0,0,State - MADHYA PRADESH  23,76,32028,16427,15601,22989,11289,11700,9039,5138,3901
C3713,23,0,0,State - MADHYA PRADESH  23,77,15018,7662,7356,10405,4932,5473,4613,2730,1883
C3713,23,0,0,State - MADHYA PRADESH  23,78,41773,17144,24629,31555,11918,19637,10218,5226,4992
C3713,23,0,0,State - MADHYA PRADESH  23,79,10262,4923,5339,7106,3100,4006,3156,1823,1333
C3713,23,0,0,State - MADHYA PRADESH  23,80,205283,98401,106882,158769,77960,80809,46514,20441,26073
C3713,23,0,0,State - MADHYA PRADESH  23,81,9910,5422,4488,7218,3788,3430,2692,1634,1058
C3713,23,0,0,State - MADHYA PRADESH  23,82,22161,11557,10604,16145,8263,7882,6016,3294,2722
C3713,23,0,0,State - MADHYA PRADESH  23,83,8078,3717,4361,5670,2333,3337,2408,1384,1024
C3713,23,0,0,State - MADHYA PRADESH  23,84,6466,3448,3018,4256,2150,2106,2210,1298,912
C3713,23,0,0,State - MADHYA PRADESH  23,85,62946,29918,33028,46399,22672,23727,16547,7246,9301
C3713,23,0,0,State - MADHYA PRADESH  23,86,7193,3840,3353,5105,2630,2475,2088,1210,878
C3713,23,0,0,State - MADHYA PRADESH  23,87,4531,2351,2180,3007,1468,1539,1524,883,641
C3713,23,0,0,State - MADHYA PRADESH  23,88,7832,3318,4514,5941,2357,3584,1891,961,930
C3713,23,0,0,State - MADHYA PRADESH  23,89,2955,1421,1534,2077,939,1138,878,482,396
C3713,23,0,0,State - MADHYA PRADESH  23,90,49598,22420,27178,37729,17704,20025,11869,4716,7153
C3713,23,0,0,State - MADHYA PRADESH  23,91,2713,1450,1263,1942,1029,913,771,421,350
C3713,23,0,0,State - MADHYA PRADESH  23,92,5009,2551,2458,3587,1831,1756,1422,720,702
C3713,23,0,0,State - MADHYA PRADESH  23,93,2431,1102,1329,1742,744,998,689,358,331
C3713,23,0,0,State - MADHYA PRADESH  23,94,2056,1009,1047,1488,697,791,568,312,256
C3713,23,0,0,State - MADHYA PRADESH  23,95,16057,7259,8798,11933,5588,6345,4124,1671,2453
C3713,23,0,0,State - MADHYA PRADESH  23,96,2757,1315,1442,2032,1000,1032,725,315,410
C3713,23,0,0,State - MADHYA PRADESH  23,97,1514,753,761,1014,503,511,500,250,250
C3713,23,0,0,State - MADHYA PRADESH  23,98,4692,2159,2533,3583,1646,1937,1109,513,596
C3713,23,0,0,State - MADHYA PRADESH  23,99,3155,1482,1673,2418,1157,1261,737,325,412
C3713,23,0,0,State - MADHYA PRADESH  23,100+,8431,2666,5765,6338,2129,4209,2093,537,1556
C3713,23,0,0,State - MADHYA PRADESH  23,Age not stated,159523,86112,73411,117106,62947,54159,42417,23165,19252
C3713,24,0,0,State - GUJARAT  24,All ages,50671017,26385577,24285440,31740767,16317771,15422996,18930250,10067806,8862444
C3713,24,0,0,State - GUJARAT  24,0,833157,448115,385042,570608,303372,267236,262549,144743,117806
C3713,24,0,0,State - GUJARAT  24,1,927582,497412,430170,618099,327086,291013,309483,170326,139157
C3713,24,0,0,State - GUJARAT  24,2,1153331,608808,544523,786747,410503,376244,366584,198305,168279
C3713,24,0,0,State - GUJARAT  24,3,1194980,620715,574265,804312,412543,391769,390668,208172,182496
C3713,24,0,0,State - GUJARAT  24,4,1159620,614838,544782,796647,418289,378358,362973,196549,166424
C3713,24,0,0,State - GUJARAT  24,5,1210512,654970,555542,795670,424574,371096,414842,230396,184446
C3713,24,0,0,State - GUJARAT  24,6,1053222,555290,497932,713858,372160,341698,339364,183130,156234
C3713,24,0,0,State - GUJARAT  24,7,1117785,586369,531416,733677,381294,352383,384108,205075,179033
C3713,24,0,0,State - GUJARAT  24,8,1308013,690157,617856,874011,455600,418411,434002,234557,199445
C3713,24,0,0,State - GUJARAT  24,9,992490,523492,468998,674040,353852,320188,318450,169640,148810
C3713,24,0,0,State - GUJARAT  24,10,1422251,757412,664839,920940,485960,434980,501311,271452,229859
C3713,24,0,0,State - GUJARAT  24,11,925983,500096,425887,591646,320175,271471,334337,179921,154416
C3713,24,0,0,State - GUJARAT  24,12,1291981,688434,603547,828174,437621,390553,463807,250813,212994
C3713,24,0,0,State - GUJARAT  24,13,973749,512713,461036,614042,324779,289263,359707,187934,171773
C3713,24,0,0,State - GUJARAT  24,14,1059512,555767,503745,668978,350711,318267,390534,205056,185478
C3713,24,0,0,State - GUJARAT  24,15,1163265,627417,535848,730449,391535,338914,432816,235882,196934
C3713,24,0,0,State - GUJARAT  24,16,1065152,548381,516771,658237,334585,323652,406915,213796,193119
C3713,24,0,0,State - GUJARAT  24,17,872294,461642,410652,511891,266547,245344,360403,195095,165308
C3713,24,0,0,State - GUJARAT  24,18,1359659,745319,614340,832344,443062,389282,527315,302257,225058
C3713,24,0,0,State - GUJARAT  24,19,723384,373719,349665,419908,208373,211535,303476,165346,138130
C3713,24,0,0,State - GUJARAT  24,20,1423714,745484,678230,856048,438528,417520,567666,306956,260710
C3713,24,0,0,State - GUJARAT  24,21,724839,394641,330198,415771,220441,195330,309068,174200,134868
C3713,24,0,0,State - GUJARAT  24,22,1150172,632212,517960,678837,372614,306223,471335,259598,211737
C3713,24,0,0,State - GUJARAT  24,23,768164,377465,390699,459747,215832,243915,308417,161633,146784
C3713,24,0,0,State - GUJARAT  24,24,772376,388742,383634,461398,223376,238022,310978,165366,145612
C3713,24,0,0,State - GUJARAT  24,25,1364608,766684,597924,788016,458370,329646,576592,308314,268278
C3713,24,0,0,State - GUJARAT  24,26,753996,389916,364080,451782,228660,223122,302214,161256,140958
C3713,24,0,0,State - GUJARAT  24,27,578679,310266,268413,330424,174951,155473,248255,135315,112940
C3713,24,0,0,State - GUJARAT  24,28,1159740,539300,620440,724183,325778,398405,435557,213522,222035
C3713,24,0,0,State - GUJARAT  24,29,367848,175893,191955,216892,99401,117491,150956,76492,74464
C3713,24,0,0,State - GUJARAT  24,30,1669762,912857,756905,971036,539769,431267,698726,373088,325638
C3713,24,0,0,State - GUJARAT  24,31,336283,174398,161885,197768,98739,99029,138515,75659,62856
C3713,24,0,0,State - GUJARAT  24,32,1002333,518301,484032,610883,313851,297032,391450,204450,187000
C3713,24,0,0,State - GUJARAT  24,33,521986,218532,303454,336487,130758,205729,185499,87774,97725
C3713,24,0,0,State - GUJARAT  24,34,455201,203445,251756,290063,121866,168197,165138,81579,83559
C3713,24,0,0,State - GUJARAT  24,35,1487637,893174,594463,846225,526676,319549,641412,366498,274914
C3713,24,0,0,State - GUJARAT  24,36,591955,297014,294941,363482,182728,180754,228473,114286,114187
C3713,24,0,0,State - GUJARAT  24,37,376720,190297,186423,220681,110925,109756,156039,79372,76667
C3713,24,0,0,State - GUJARAT  24,38,875403,378619,496784,554224,230990,323234,321179,147629,173550
C3713,24,0,0,State - GUJARAT  24,39,299065,142293,156772,178959,82489,96470,120106,59804,60302
C3713,24,0,0,State - GUJARAT  24,40,1434014,811950,622064,828998,473581,355417,605016,338369,266647
C3713,24,0,0,State - GUJARAT  24,41,240491,128434,112057,144182,75189,68993,96309,53245,43064
C3713,24,0,0,State - GUJARAT  24,42,719607,382722,336885,433788,226587,207201,285819,156135,129684
C3713,24,0,0,State - GUJARAT  24,43,338121,134043,204078,217447,76982,140465,120674,57061,63613
C3713,24,0,0,State - GUJARAT  24,44,280940,128596,152344,174592,74076,100516,106348,54520,51828
C3713,24,0,0,State - GUJARAT  24,45,1137976,667531,470445,664689,400696,263993,473287,266835,206452
C3713,24,0,0,State - GUJARAT  24,46,323068,163115,159953,202655,99659,102996,120413,63456,56957
C3713,24,0,0,State - GUJARAT  24,47,228591,113268,115323,132849,62922,69927,95742,50346,45396
C3713,24,0,0,State - GUJARAT  24,48,551719,245583,306136,365541,154122,211419,186178,91461,94717
C3713,24,0,0,State - GUJARAT  24,49,179707,88034,91673,107296,49084,58212,72411,38950,33461
C3713,24,0,0,State - GUJARAT  24,50,925075,508612,416463,566373,314986,251387,358702,193626,165076
C3713,24,0,0,State - GUJARAT  24,51,175638,100635,75003,103967,57435,46532,71671,43200,28471
C3713,24,0,0,State - GUJARAT  24,52,387691,211411,176280,246892,131799,115093,140799,79612,61187
C3713,24,0,0,State - GUJARAT  24,53,191983,84564,107419,125845,48973,76872,66138,35591,30547
C3713,24,0,0,State - GUJARAT  24,54,171280,83703,87577,107465,48509,58956,63815,35194,28621
C3713,24,0,0,State - GUJARAT  24,55,636869,334139,302730,400429,216866,183563,236440,117273,119167
C3713,24,0,0,State - GUJARAT  24,56,183159,92723,90436,119952,58640,61312,63207,34083,29124
C3713,24,0,0,State - GUJARAT  24,57,125540,61918,63622,78725,36348,42377,46815,25570,21245
C3713,24,0,0,State - GUJARAT  24,58,311253,122962,188291,218231,78488,139743,93022,44474,48548
C3713,24,0,0,State - GUJARAT  24,59,93592,45821,47771,59541,26575,32966,34051,19246,14805
C3713,24,0,0,State - GUJARAT  24,60,766761,377066,389695,505557,254854,250703,261204,122212,138992
C3713,24,0,0,State - GUJARAT  24,61,96849,51284,45565,63296,32343,30953,33553,18941,14612
C3713,24,0,0,State - GUJARAT  24,62,234126,113985,120141,159824,75926,83898,74302,38059,36243
C3713,24,0,0,State - GUJARAT  24,63,117862,45080,72782,80597,26359,54238,37265,18721,18544
C3713,24,0,0,State - GUJARAT  24,64,81703,38247,43456,53109,22768,30341,28594,15479,13115
C3713,24,0,0,State - GUJARAT  24,65,556579,271386,285193,364606,183157,181449,191973,88229,103744
C3713,24,0,0,State - GUJARAT  24,66,85723,41725,43998,55177,25877,29300,30546,15848,14698
C3713,24,0,0,State - GUJARAT  24,67,65229,31684,33545,39193,17613,21580,26036,14071,11965
C3713,24,0,0,State - GUJARAT  24,68,139175,52686,86489,97071,32959,64112,42104,19727,22377
C3713,24,0,0,State - GUJARAT  24,69,45759,20547,25212,29558,12006,17552,16201,8541,7660
C3713,24,0,0,State - GUJARAT  24,70,442105,203094,239011,298244,140055,158189,143861,63039,80822
C3713,24,0,0,State - GUJARAT  24,71,42987,22215,20772,28237,13761,14476,14750,8454,6296
C3713,24,0,0,State - GUJARAT  24,72,98610,47075,51535,65585,30549,35036,33025,16526,16499
C3713,24,0,0,State - GUJARAT  24,73,38548,16785,21763,24682,9481,15201,13866,7304,6562
C3713,24,0,0,State - GUJARAT  24,74,28448,13976,14472,16953,7652,9301,11495,6324,5171
C3713,24,0,0,State - GUJARAT  24,75,182637,80937,101700,120263,54655,65608,62374,26282,36092
C3713,24,0,0,State - GUJARAT  24,76,33010,16153,16857,20466,9608,10858,12544,6545,5999
C3713,24,0,0,State - GUJARAT  24,77,17323,8284,9039,10258,4399,5859,7065,3885,3180
C3713,24,0,0,State - GUJARAT  24,78,38317,15193,23124,25090,8908,16182,13227,6285,6942
C3713,24,0,0,State - GUJARAT  24,79,13075,5829,7246,8306,3301,5005,4769,2528,2241
C3713,24,0,0,State - GUJARAT  24,80,152557,63519,89038,104775,44791,59984,47782,18728,29054
C3713,24,0,0,State - GUJARAT  24,81,14139,6953,7186,9739,4523,5216,4400,2430,1970
C3713,24,0,0,State - GUJARAT  24,82,23919,10816,13103,15855,7033,8822,8064,3783,4281
C3713,24,0,0,State - GUJARAT  24,83,9609,4171,5438,6003,2323,3680,3606,1848,1758
C3713,24,0,0,State - GUJARAT  24,84,7511,3548,3963,4407,1955,2452,3104,1593,1511
C3713,24,0,0,State - GUJARAT  24,85,55338,23472,31866,36239,16102,20137,19099,7370,11729
C3713,24,0,0,State - GUJARAT  24,86,7231,3485,3746,4280,1978,2302,2951,1507,1444
C3713,24,0,0,State - GUJARAT  24,87,5671,2584,3087,3355,1502,1853,2316,1082,1234
C3713,24,0,0,State - GUJARAT  24,88,6753,2684,4069,4434,1621,2813,2319,1063,1256
C3713,24,0,0,State - GUJARAT  24,89,3528,1481,2047,2215,845,1370,1313,636,677
C3713,24,0,0,State - GUJARAT  24,90,37986,13981,24005,26617,10291,16326,11369,3690,7679
C3713,24,0,0,State - GUJARAT  24,91,3351,1544,1807,2246,992,1254,1105,552,553
C3713,24,0,0,State - GUJARAT  24,92,5872,2518,3354,3861,1626,2235,2011,892,1119
C3713,24,0,0,State - GUJARAT  24,93,2589,1070,1519,1600,628,972,989,442,547
C3713,24,0,0,State - GUJARAT  24,94,1999,852,1147,1221,508,713,778,344,434
C3713,24,0,0,State - GUJARAT  24,95,13820,5138,8682,9755,3807,5948,4065,1331,2734
C3713,24,0,0,State - GUJARAT  24,96,2574,1078,1496,1725,722,1003,849,356,493
C3713,24,0,0,State - GUJARAT  24,97,1760,733,1027,1173,497,676,587,236,351
C3713,24,0,0,State - GUJARAT  24,98,4188,1604,2584,2990,1158,1832,1198,446,752
C3713,24,0,0,State - GUJARAT  24,99,3364,1262,2102,2476,937,1539,888,325,563
C3713,24,0,0,State - GUJARAT  24,100+,10478,2750,7728,7913,2190,5723,2565,560,2005
C3713,24,0,0,State - GUJARAT  24,Age not stated,47237,26740,20497,25175,14631,10544,22062,12109,9953
C3713,25,0,0,State - DAMAN & DIU  25,All ages,158204,92512,65692,100856,63606,37250,57348,28906,28442
C3713,25,0,0,State - DAMAN & DIU  25,0,2441,1308,1133,1617,877,740,824,431,393
C3713,25,0,0,State - DAMAN & DIU  25,1,2826,1484,1342,1833,984,849,993,500,493
C3713,25,0,0,State - DAMAN & DIU  25,2,3125,1609,1516,2063,1078,985,1062,531,531
C3713,25,0,0,State - DAMAN & DIU  25,3,3339,1723,1616,2170,1102,1068,1169,621,548
C3713,25,0,0,State - DAMAN & DIU  25,4,3226,1653,1573,2105,1083,1022,1121,570,551
C3713,25,0,0,State - DAMAN & DIU  25,5,3064,1569,1495,1888,961,927,1176,608,568
C3713,25,0,0,State - DAMAN & DIU  25,6,2557,1339,1218,1560,822,738,997,517,480
C3713,25,0,0,State - DAMAN & DIU  25,7,2972,1541,1431,1907,993,914,1065,548,517
C3713,25,0,0,State - DAMAN & DIU  25,8,3130,1620,1510,1899,986,913,1231,634,597
C3713,25,0,0,State - DAMAN & DIU  25,9,2538,1307,1231,1602,810,792,936,497,439
C3713,25,0,0,State - DAMAN & DIU  25,10,3335,1750,1585,2030,1033,997,1305,717,588
C3713,25,0,0,State - DAMAN & DIU  25,11,2549,1326,1223,1635,868,767,914,458,456
C3713,25,0,0,State - DAMAN & DIU  25,12,3058,1657,1401,1890,1028,862,1168,629,539
C3713,25,0,0,State - DAMAN & DIU  25,13,2445,1268,1177,1530,814,716,915,454,461
C3713,25,0,0,State - DAMAN & DIU  25,14,2589,1340,1249,1548,851,697,1041,489,552
C3713,25,0,0,State - DAMAN & DIU  25,15,2842,1491,1351,1771,944,827,1071,547,524
C3713,25,0,0,State - DAMAN & DIU  25,16,2921,1555,1366,1767,987,780,1154,568,586
C3713,25,0,0,State - DAMAN & DIU  25,17,2842,1708,1134,1793,1160,633,1049,548,501
C3713,25,0,0,State - DAMAN & DIU  25,18,5323,3773,1550,3799,2947,852,1524,826,698
C3713,25,0,0,State - DAMAN & DIU  25,19,3751,2590,1161,2726,2100,626,1025,490,535
C3713,25,0,0,State - DAMAN & DIU  25,20,6441,4477,1964,4765,3605,1160,1676,872,804
C3713,25,0,0,State - DAMAN & DIU  25,21,3914,2845,1069,2875,2274,601,1039,571,468
C3713,25,0,0,State - DAMAN & DIU  25,22,6266,4585,1681,4848,3826,1022,1418,759,659
C3713,25,0,0,State - DAMAN & DIU  25,23,4012,2805,1207,2922,2255,667,1090,550,540
C3713,25,0,0,State - DAMAN & DIU  25,24,4201,2898,1303,3022,2273,749,1179,625,554
C3713,25,0,0,State - DAMAN & DIU  25,25,6674,4524,2150,4822,3567,1255,1852,957,895
C3713,25,0,0,State - DAMAN & DIU  25,26,4033,2647,1386,2760,1984,776,1273,663,610
C3713,25,0,0,State - DAMAN & DIU  25,27,2887,1864,1023,1895,1319,576,992,545,447
C3713,25,0,0,State - DAMAN & DIU  25,28,4510,2855,1655,3007,2065,942,1503,790,713
C3713,25,0,0,State - DAMAN & DIU  25,29,1870,1079,791,1151,712,439,719,367,352
C3713,25,0,0,State - DAMAN & DIU  25,30,5851,3678,2173,3782,2561,1221,2069,1117,952
C3713,25,0,0,State - DAMAN & DIU  25,31,1479,944,535,918,607,311,561,337,224
C3713,25,0,0,State - DAMAN & DIU  25,32,3249,2042,1207,2096,1410,686,1153,632,521
C3713,25,0,0,State - DAMAN & DIU  25,33,1429,833,596,833,521,312,596,312,284
C3713,25,0,0,State - DAMAN & DIU  25,34,1429,791,638,820,484,336,609,307,302
C3713,25,0,0,State - DAMAN & DIU  25,35,4408,2779,1629,2875,1973,902,1533,806,727
C3713,25,0,0,State - DAMAN & DIU  25,36,1863,1032,831,1105,646,459,758,386,372
C3713,25,0,0,State - DAMAN & DIU  25,37,1184,660,524,669,388,281,515,272,243
C3713,25,0,0,State - DAMAN & DIU  25,38,2011,1038,973,1176,648,528,835,390,445
C3713,25,0,0,State - DAMAN & DIU  25,39,967,525,442,558,311,247,409,214,195
C3713,25,0,0,State - DAMAN & DIU  25,40,3146,1893,1253,1828,1194,634,1318,699,619
C3713,25,0,0,State - DAMAN & DIU  25,41,842,462,380,502,281,221,340,181,159
C3713,25,0,0,State - DAMAN & DIU  25,42,1648,907,741,908,515,393,740,392,348
C3713,25,0,0,State - DAMAN & DIU  25,43,766,399,367,420,219,201,346,180,166
C3713,25,0,0,State - DAMAN & DIU  25,44,703,361,342,404,223,181,299,138,161
C3713,25,0,0,State - DAMAN & DIU  25,45,2384,1292,1092,1333,804,529,1051,488,563
C3713,25,0,0,State - DAMAN & DIU  25,46,942,474,468,530,299,231,412,175,237
C3713,25,0,0,State - DAMAN & DIU  25,47,644,301,343,332,167,165,312,134,178
C3713,25,0,0,State - DAMAN & DIU  25,48,1180,573,607,621,314,307,559,259,300
C3713,25,0,0,State - DAMAN & DIU  25,49,572,270,302,280,138,142,292,132,160
C3713,25,0,0,State - DAMAN & DIU  25,50,1754,868,886,912,470,442,842,398,444
C3713,25,0,0,State - DAMAN & DIU  25,51,627,339,288,340,183,157,287,156,131
C3713,25,0,0,State - DAMAN & DIU  25,52,1002,502,500,511,278,233,491,224,267
C3713,25,0,0,State - DAMAN & DIU  25,53,480,234,246,211,111,100,269,123,146
C3713,25,0,0,State - DAMAN & DIU  25,54,500,239,261,217,113,104,283,126,157
C3713,25,0,0,State - DAMAN & DIU  25,55,1382,630,752,738,347,391,644,283,361
C3713,25,0,0,State - DAMAN & DIU  25,56,567,272,295,268,141,127,299,131,168
C3713,25,0,0,State - DAMAN & DIU  25,57,400,181,219,184,86,98,216,95,121
C3713,25,0,0,State - DAMAN & DIU  25,58,659,279,380,320,144,176,339,135,204
C3713,25,0,0,State - DAMAN & DIU  25,59,342,157,185,142,60,82,200,97,103
C3713,25,0,0,State - DAMAN & DIU  25,60,1461,630,831,769,350,419,692,280,412
C3713,25,0,0,State - DAMAN & DIU  25,61,365,157,208,183,78,105,182,79,103
C3713,25,0,0,State - DAMAN & DIU  25,62,633,272,361,315,141,174,318,131,187
C3713,25,0,0,State - DAMAN & DIU  25,63,326,147,179,140,57,83,186,90,96
C3713,25,0,0,State - DAMAN & DIU  25,64,248,120,128,117,59,58,131,61,70
C3713,25,0,0,State - DAMAN & DIU  25,65,1118,469,649,574,269,305,544,200,344
C3713,25,0,0,State - DAMAN & DIU  25,66,251,104,147,107,45,62,144,59,85
C3713,25,0,0,State - DAMAN & DIU  25,67,225,108,117,100,39,61,125,69,56
C3713,25,0,0,State - DAMAN & DIU  25,68,321,134,187,146,67,79,175,67,108
C3713,25,0,0,State - DAMAN & DIU  25,69,165,61,104,64,25,39,101,36,65
C3713,25,0,0,State - DAMAN & DIU  25,70,762,295,467,359,132,227,403,163,240
C3713,25,0,0,State - DAMAN & DIU  25,71,147,61,86,72,29,43,75,32,43
C3713,25,0,0,State - DAMAN & DIU  25,72,268,106,162,120,49,71,148,57,91
C3713,25,0,0,State - DAMAN & DIU  25,73,113,50,63,43,18,25,70,32,38
C3713,25,0,0,State - DAMAN & DIU  25,74,89,40,49,34,12,22,55,28,27
C3713,25,0,0,State - DAMAN & DIU  25,75,364,135,229,159,60,99,205,75,130
C3713,25,0,0,State - DAMAN & DIU  25,76,129,56,73,60,32,28,69,24,45
C3713,25,0,0,State - DAMAN & DIU  25,77,74,26,48,23,11,12,51,15,36
C3713,25,0,0,State - DAMAN & DIU  25,78,116,52,64,47,20,27,69,32,37
C3713,25,0,0,State - DAMAN & DIU  25,79,56,18,38,19,7,12,37,11,26
C3713,25,0,0,State - DAMAN & DIU  25,80,238,86,152,94,43,51,144,43,101
C3713,25,0,0,State - DAMAN & DIU  25,81,66,28,38,29,12,17,37,16,21
C3713,25,0,0,State - DAMAN & DIU  25,82,89,24,65,29,9,20,60,15,45
C3713,25,0,0,State - DAMAN & DIU  25,83,42,10,32,9,4,5,33,6,27
C3713,25,0,0,State - DAMAN & DIU  25,84,25,6,19,8,3,5,17,3,14
C3713,25,0,0,State - DAMAN & DIU  25,85,97,36,61,44,17,27,53,19,34
C3713,25,0,0,State - DAMAN & DIU  25,86,35,18,17,13,7,6,22,11,11
C3713,25,0,0,State - DAMAN & DIU  25,87,17,6,11,6,3,3,11,3,8
C3713,25,0,0,State - DAMAN & DIU  25,88,24,9,15,9,4,5,15,5,10
C3713,25,0,0,State - DAMAN & DIU  25,89,20,8,12,6,4,2,14,4,10
C3713,25,0,0,State - DAMAN & DIU  25,90,67,20,47,31,8,23,36,12,24
C3713,25,0,0,State - DAMAN & DIU  25,91,9,2,7,2,0,2,7,2,5
C3713,25,0,0,State - DAMAN & DIU  25,92,12,2,10,3,0,3,9,2,7
C3713,25,0,0,State - DAMAN & DIU  25,93,7,3,4,1,1,0,6,2,4
C3713,25,0,0,State - DAMAN & DIU  25,94,4,3,1,2,2,0,2,1,1
C3713,25,0,0,State - DAMAN & DIU  25,95,20,9,11,13,7,6,7,2,5
C3713,25,0,0,State - DAMAN & DIU  25,96,9,3,6,4,2,2,5,1,4
C3713,25,0,0,State - DAMAN & DIU  25,97,3,0,3,0,0,0,3,0,3
C3713,25,0,0,State - DAMAN & DIU  25,98,8,4,4,3,0,3,5,4,1
C3713,25,0,0,State - DAMAN & DIU  25,99,6,3,3,5,2,3,1,1,0
C3713,25,0,0,State - DAMAN & DIU  25,100+,13,1,12,8,1,7,5,0,5
C3713,25,0,0,State - DAMAN & DIU  25,Age not stated,71,45,26,53,33,20,18,12,6
C3713,26,0,0,State - DADRA & NAGAR HAVELI  26,All ages,220490,121666,98824,170027,91832,78195,50463,29834,20629
C3713,26,0,0,State - DADRA & NAGAR HAVELI  26,0,4946,2465,2481,4121,2034,2087,825,431,394
C3713,26,0,0,State - DADRA & NAGAR HAVELI  26,1,5692,2951,2741,4571,2370,2201,1121,581,540
C3713,26,0,0,State - DADRA & NAGAR HAVELI  26,2,6144,3040,3104,4968,2417,2551,1176,623,553
C3713,26,0,0,State - DADRA & NAGAR HAVELI  26,3,6803,3376,3427,5485,2678,2807,1318,698,620
C3713,26,0,0,State - DADRA & NAGAR HAVELI  26,4,5836,3029,2807,4697,2421,2276,1139,608,531
C3713,26,0,0,State - DADRA & NAGAR HAVELI  26,5,5799,2872,2927,4593,2229,2364,1206,643,563
C3713,26,0,0,State - DADRA & NAGAR HAVELI  26,6,4979,2575,2404,3985,2039,1946,994,536,458
C3713,26,0,0,State - DADRA & NAGAR HAVELI  26,7,4821,2470,2351,3872,1974,1898,949,496,453
C3713,26,0,0,State - DADRA & NAGAR HAVELI  26,8,5707,2869,2838,4648,2336,2312,1059,533,526
C3713,26,0,0,State - DADRA & NAGAR HAVELI  26,9,4267,2118,2149,3458,1718,1740,809,400,409
C3713,26,0,0,State - DADRA & NAGAR HAVELI  26,10,5942,3087,2855,4842,2459,2383,1100,628,472
C3713,26,0,0,State - DADRA & NAGAR HAVELI  26,11,3545,1932,1613,2861,1554,1307,684,378,306
C3713,26,0,0,State - DADRA & NAGAR HAVELI  26,12,5359,2782,2577,4414,2293,2121,945,489,456
C3713,26,0,0,State - DADRA & NAGAR HAVELI  26,13,3918,2031,1887,3168,1656,1512,750,375,375
C3713,26,0,0,State - DADRA & NAGAR HAVELI  26,14,4000,2103,1897,3323,1761,1562,677,342,335
C3713,26,0,0,State - DADRA & NAGAR HAVELI  26,15,4068,2223,1845,3340,1797,1543,728,426,302
C3713,26,0,0,State - DADRA & NAGAR HAVELI  26,16,3794,1964,1830,3078,1561,1517,716,403,313
C3713,26,0,0,State - DADRA & NAGAR HAVELI  26,17,2910,1597,1313,2253,1215,1038,657,382,275
C3713,26,0,0,State - DADRA & NAGAR HAVELI  26,18,5740,3519,2221,4313,2520,1793,1427,999,428
C3713,26,0,0,State - DADRA & NAGAR HAVELI  26,19,3455,2010,1445,2597,1459,1138,858,551,307
C3713,26,0,0,State - DADRA & NAGAR HAVELI  26,20,7111,4230,2881,5359,3134,2225,1752,1096,656
C3713,26,0,0,State - DADRA & NAGAR HAVELI  26,21,3664,2398,1266,2574,1660,914,1090,738,352
C3713,26,0,0,State - DADRA & NAGAR HAVELI  26,22,6906,4481,2425,4988,3200,1788,1918,1281,637
C3713,26,0,0,State - DADRA & NAGAR HAVELI  26,23,4427,2620,1807,3203,1865,1338,1224,755,469
C3713,26,0,0,State - DADRA & NAGAR HAVELI  26,24,4924,3033,1891,3675,2222,1453,1249,811,438
C3713,26,0,0,State - DADRA & NAGAR HAVELI  26,25,8232,5252,2980,5637,3656,1981,2595,1596,999
C3713,26,0,0,State - DADRA & NAGAR HAVELI  26,26,5044,3176,1868,3595,2252,1343,1449,924,525
C3713,26,0,0,State - DADRA & NAGAR HAVELI  26,27,3459,2174,1285,2346,1464,882,1113,710,403
C3713,26,0,0,State - DADRA & NAGAR HAVELI  26,28,6340,3703,2637,4528,2616,1912,1812,1087,725
C3713,26,0,0,State - DADRA & NAGAR HAVELI  26,29,2071,1252,819,1394,810,584,677,442,235
C3713,26,0,0,State - DADRA & NAGAR HAVELI  26,30,7782,4802,2980,5390,3276,2114,2392,1526,866
C3713,26,0,0,State - DADRA & NAGAR HAVELI  26,31,1652,987,665,1133,645,488,519,342,177
C3713,26,0,0,State - DADRA & NAGAR HAVELI  26,32,4340,2489,1851,3088,1725,1363,1252,764,488
C3713,26,0,0,State - DADRA & NAGAR HAVELI  26,33,2179,1110,1069,1634,783,851,545,327,218
C3713,26,0,0,State - DADRA & NAGAR HAVELI  26,34,2053,1053,1000,1516,729,787,537,324,213
C3713,26,0,0,State - DADRA & NAGAR HAVELI  26,35,5902,3790,2112,4190,2663,1527,1712,1127,585
C3713,26,0,0,State - DADRA & NAGAR HAVELI  26,36,2630,1437,1193,1985,1017,968,645,420,225
C3713,26,0,0,State - DADRA & NAGAR HAVELI  26,37,1497,788,709,1137,584,553,360,204,156
C3713,26,0,0,State - DADRA & NAGAR HAVELI  26,38,3448,1736,1712,2697,1312,1385,751,424,327
C3713,26,0,0,State - DADRA & NAGAR HAVELI  26,39,1262,667,595,1002,517,485,260,150,110
C3713,26,0,0,State - DADRA & NAGAR HAVELI  26,40,4757,2895,1862,3554,2101,1453,1203,794,409
C3713,26,0,0,State - DADRA & NAGAR HAVELI  26,41,959,536,423,754,421,333,205,115,90
C3713,26,0,0,State - DADRA & NAGAR HAVELI  26,42,2430,1281,1149,1892,952,940,538,329,209
C3713,26,0,0,State - DADRA & NAGAR HAVELI  26,43,1229,519,710,986,387,599,243,132,111
C3713,26,0,0,State - DADRA & NAGAR HAVELI  26,44,976,471,505,795,371,424,181,100,81
C3713,26,0,0,State - DADRA & NAGAR HAVELI  26,45,3638,2219,1419,2814,1711,1103,824,508,316
C3713,26,0,0,State - DADRA & NAGAR HAVELI  26,46,1241,615,626,1045,503,542,196,112,84
C3713,26,0,0,State - DADRA & NAGAR HAVELI  26,47,804,408,396,651,324,327,153,84,69
C3713,26,0,0,State - DADRA & NAGAR HAVELI  26,48,2021,979,1042,1696,791,905,325,188,137
C3713,26,0,0,State - DADRA & NAGAR HAVELI  26,49,623,313,310,498,240,258,125,73,52
C3713,26,0,0,State - DADRA & NAGAR HAVELI  26,50,2727,1547,1180,2162,1228,934,565,319,246
C3713,26,0,0,State - DADRA & NAGAR HAVELI  26,51,576,331,245,469,272,197,107,59,48
C3713,26,0,0,State - DADRA & NAGAR HAVELI  26,52,1212,642,570,959,495,464,253,147,106
C3713,26,0,0,State - DADRA & NAGAR HAVELI  26,53,601,255,346,498,200,298,103,55,48
C3713,26,0,0,State - DADRA & NAGAR HAVELI  26,54,566,259,307,451,196,255,115,63,52
C3713,26,0,0,State - DADRA & NAGAR HAVELI  26,55,2005,1105,900,1619,893,726,386,212,174
C3713,26,0,0,State - DADRA & NAGAR HAVELI  26,56,720,325,395,620,271,349,100,54,46
C3713,26,0,0,State - DADRA & NAGAR HAVELI  26,57,375,193,182,309,156,153,66,37,29
C3713,26,0,0,State - DADRA & NAGAR HAVELI  26,58,1119,464,655,945,387,558,174,77,97
C3713,26,0,0,State - DADRA & NAGAR HAVELI  26,59,345,183,162,289,148,141,56,35,21
C3713,26,0,0,State - DADRA & NAGAR HAVELI  26,60,2089,986,1103,1721,782,939,368,204,164
C3713,26,0,0,State - DADRA & NAGAR HAVELI  26,61,360,165,195,304,135,169,56,30,26
C3713,26,0,0,State - DADRA & NAGAR HAVELI  26,62,701,289,412,598,241,357,103,48,55
C3713,26,0,0,State - DADRA & NAGAR HAVELI  26,63,344,104,240,317,89,228,27,15,12
C3713,26,0,0,State - DADRA & NAGAR HAVELI  26,64,208,79,129,179,68,111,29,11,18
C3713,26,0,0,State - DADRA & NAGAR HAVELI  26,65,1521,744,777,1277,622,655,244,122,122
C3713,26,0,0,State - DADRA & NAGAR HAVELI  26,66,267,127,140,232,108,124,35,19,16
C3713,26,0,0,State - DADRA & NAGAR HAVELI  26,67,186,80,106,153,61,92,33,19,14
C3713,26,0,0,State - DADRA & NAGAR HAVELI  26,68,378,150,228,333,128,205,45,22,23
C3713,26,0,0,State - DADRA & NAGAR HAVELI  26,69,143,59,84,120,45,75,23,14,9
C3713,26,0,0,State - DADRA & NAGAR HAVELI  26,70,937,397,540,745,311,434,192,86,106
C3713,26,0,0,State - DADRA & NAGAR HAVELI  26,71,111,45,66,89,32,57,22,13,9
C3713,26,0,0,State - DADRA & NAGAR HAVELI  26,72,230,84,146,195,67,128,35,17,18
C3713,26,0,0,State - DADRA & NAGAR HAVELI  26,73,81,34,47,62,26,36,19,8,11
C3713,26,0,0,State - DADRA & NAGAR HAVELI  26,74,68,30,38,54,23,31,14,7,7
C3713,26,0,0,State - DADRA & NAGAR HAVELI  26,75,336,151,185,257,120,137,79,31,48
C3713,26,0,0,State - DADRA & NAGAR HAVELI  26,76,87,38,49,67,30,37,20,8,12
C3713,26,0,0,State - DADRA & NAGAR HAVELI  26,77,44,20,24,31,11,20,13,9,4
C3713,26,0,0,State - DADRA & NAGAR HAVELI  26,78,84,33,51,68,30,38,16,3,13
C3713,26,0,0,State - DADRA & NAGAR HAVELI  26,79,28,13,15,18,9,9,10,4,6
C3713,26,0,0,State - DADRA & NAGAR HAVELI  26,80,257,93,164,205,72,133,52,21,31
C3713,26,0,0,State - DADRA & NAGAR HAVELI  26,81,30,17,13,25,15,10,5,2,3
C3713,26,0,0,State - DADRA & NAGAR HAVELI  26,82,44,18,26,31,14,17,13,4,9
C3713,26,0,0,State - DADRA & NAGAR HAVELI  26,83,15,7,8,11,4,7,4,3,1
C3713,26,0,0,State - DADRA & NAGAR HAVELI  26,84,12,8,4,10,6,4,2,2,0
C3713,26,0,0,State - DADRA & NAGAR HAVELI  26,85,83,35,48,62,25,37,21,10,11
C3713,26,0,0,State - DADRA & NAGAR HAVELI  26,86,18,6,12,14,6,8,4,0,4
C3713,26,0,0,State - DADRA & NAGAR HAVELI  26,87,12,5,7,10,3,7,2,2,0
C3713,26,0,0,State - DADRA & NAGAR HAVELI  26,88,13,9,4,10,6,4,3,3,0
C3713,26,0,0,State - DADRA & NAGAR HAVELI  26,89,6,3,3,3,1,2,3,2,1
C3713,26,0,0,State - DADRA & NAGAR HAVELI  26,90,40,18,22,34,13,21,6,5,1
C3713,26,0,0,State - DADRA & NAGAR HAVELI  26,91,3,2,1,2,1,1,1,1,0
C3713,26,0,0,State - DADRA & NAGAR HAVELI  26,92,9,3,6,6,3,3,3,0,3
C3713,26,0,0,State - DADRA & NAGAR HAVELI  26,93,7,2,5,4,1,3,3,1,2
C3713,26,0,0,State - DADRA & NAGAR HAVELI  26,94,8,5,3,7,4,3,1,1,0
C3713,26,0,0,State - DADRA & NAGAR HAVELI  26,95,15,7,8,9,6,3,6,1,5
C3713,26,0,0,State - DADRA & NAGAR HAVELI  26,96,6,1,5,5,1,4,1,0,1
C3713,26,0,0,State - DADRA & NAGAR HAVELI  26,97,5,3,2,2,1,1,3,2,1
C3713,26,0,0,State - DADRA & NAGAR HAVELI  26,98,10,4,6,8,2,6,2,2,0
C3713,26,0,0,State - DADRA & NAGAR HAVELI  26,99,6,2,4,2,1,1,4,1,3
C3713,26,0,0,State - DADRA & NAGAR HAVELI  26,100+,12,6,6,9,5,4,3,1,2
C3713,26,0,0,State - DADRA & NAGAR HAVELI  26,Age not stated,104,53,51,74,36,38,30,17,13
C3713,27,0,0,State - MAHARASHTRA  27,All ages,96878627,50400596,46478031,55777647,28458677,27318970,41100980,21941919,19159061
C3713,27,0,0,State - MAHARASHTRA  27,0,1533583,808303,725280,949509,501142,448367,584074,307161,276913
C3713,27,0,0,State - MAHARASHTRA  27,1,1820233,960273,859960,1115179,588859,526320,705054,371414,333640
C3713,27,0,0,State - MAHARASHTRA  27,2,1999181,1050937,948244,1237292,650357,586935,761889,400580,361309
C3713,27,0,0,State - MAHARASHTRA  27,3,2118352,1086084,1032268,1299700,664524,635176,818652,421560,397092
C3713,27,0,0,State - MAHARASHTRA  27,4,2061494,1078288,983206,1271427,663423,608004,790067,414865,375202
C3713,27,0,0,State - MAHARASHTRA  27,5,2228695,1174869,1053826,1378985,723826,655159,849710,451043,398667
C3713,27,0,0,State - MAHARASHTRA  27,6,1909588,987678,921910,1176736,606952,569784,732852,380726,352126
C3713,27,0,0,State - MAHARASHTRA  27,7,1907819,983187,924632,1114050,574613,539437,793769,408574,385195
C3713,27,0,0,State - MAHARASHTRA  27,8,2175403,1129590,1045813,1289033,663994,625039,886370,465596,420774
C3713,27,0,0,State - MAHARASHTRA  27,9,2008585,1027209,981376,1269969,646513,623456,738616,380696,357920
C3713,27,0,0,State - MAHARASHTRA  27,10,2647985,1380917,1267068,1592903,823955,768948,1055082,556962,498120
C3713,27,0,0,State - MAHARASHTRA  27,11,2058976,1076838,982138,1276443,666028,610415,782533,410810,371723
C3713,27,0,0,State - MAHARASHTRA  27,12,2563025,1354063,1208962,1547652,811042,736610,1015373,543021,472352
C3713,27,0,0,State - MAHARASHTRA  27,13,1998529,1039517,959012,1208889,630127,578762,789640,409390,380250
C3713,27,0,0,State - MAHARASHTRA  27,14,2068927,1094582,974345,1244679,660059,584620,824248,434523,389725
C3713,27,0,0,State - MAHARASHTRA  27,15,2002360,1096983,905377,1183364,650569,532795,818996,446414,372582
C3713,27,0,0,State - MAHARASHTRA  27,16,1998899,1082801,916098,1161480,635808,525672,837419,446993,390426
C3713,27,0,0,State - MAHARASHTRA  27,17,1622351,890927,731424,884582,486386,398196,737769,404541,333228
C3713,27,0,0,State - MAHARASHTRA  27,18,2455807,1385759,1070048,1344441,746174,598267,1111366,639585,471781
C3713,27,0,0,State - MAHARASHTRA  27,19,1491231,806461,684770,797105,421559,375546,694126,384902,309224
C3713,27,0,0,State - MAHARASHTRA  27,20,2487285,1286083,1201202,1308341,646869,661472,1178944,639214,539730
C3713,27,0,0,State - MAHARASHTRA  27,21,1410531,806743,603788,732072,417179,314893,678459,389564,288895
C3713,27,0,0,State - MAHARASHTRA  27,22,2129303,1167888,961415,1107533,592439,515094,1021770,575449,446321
C3713,27,0,0,State - MAHARASHTRA  27,23,1356347,733052,623295,688235,364527,323708,668112,368525,299587
C3713,27,0,0,State - MAHARASHTRA  27,24,1473194,787556,685638,738081,380713,357368,735113,406843,328270
C3713,27,0,0,State - MAHARASHTRA  27,25,2780190,1366976,1413214,1483932,705402,778530,1296258,661574,634684
C3713,27,0,0,State - MAHARASHTRA  27,26,1464590,774128,690462,732004,376780,355224,732586,397348,335238
C3713,27,0,0,State - MAHARASHTRA  27,27,1258750,663219,595531,639736,326536,313200,619014,336683,282331
C3713,27,0,0,State - MAHARASHTRA  27,28,1897400,961323,936077,979442,472462,506980,917958,488861,429097
C3713,27,0,0,State - MAHARASHTRA  27,29,817434,421601,395833,404859,201223,203636,412575,220378,192197
C3713,27,0,0,State - MAHARASHTRA  27,30,3343310,1682728,1660582,1795942,868337,927605,1547368,814391,732977
C3713,27,0,0,State - MAHARASHTRA  27,31,706318,374244,332074,366705,183619,183086,339613,190625,148988
C3713,27,0,0,State - MAHARASHTRA  27,32,1745771,931286,814485,932728,479910,452818,813043,451376,361667
C3713,27,0,0,State - MAHARASHTRA  27,33,801807,404484,397323,429804,207907,221897,372003,196577,175426
C3713,27,0,0,State - MAHARASHTRA  27,34,795514,407809,387705,418968,204937,214031,376546,202872,173674
C3713,27,0,0,State - MAHARASHTRA  27,35,3241973,1684780,1557193,1775994,903494,872500,1465979,781286,684693
C3713,27,0,0,State - MAHARASHTRA  27,36,1107735,557450,550285,616487,302319,314168,491248,255131,236117
C3713,27,0,0,State - MAHARASHTRA  27,37,712515,352239,360276,389240,185464,203776,323275,166775,156500
C3713,27,0,0,State - MAHARASHTRA  27,38,1310490,644898,665592,710500,335544,374956,599990,309354,290636
C3713,27,0,0,State - MAHARASHTRA  27,39,585647,300781,284866,309794,153319,156475,275853,147462,128391
C3713,27,0,0,State - MAHARASHTRA  27,40,2944582,1592693,1351889,1642528,860491,782037,1302054,732202,569852
C3713,27,0,0,State - MAHARASHTRA  27,41,502183,277993,224190,283017,150802,132215,219166,127191,91975
C3713,27,0,0,State - MAHARASHTRA  27,42,1112018,619982,492036,611225,332803,278422,500793,287179,213614
C3713,27,0,0,State - MAHARASHTRA  27,43,508875,265341,243534,265441,133721,131720,243434,131620,111814
C3713,27,0,0,State - MAHARASHTRA  27,44,478573,254437,224136,248318,127398,120920,230255,127039,103216
C3713,27,0,0,State - MAHARASHTRA  27,45,2341035,1243141,1097894,1330348,694484,635864,1010687,548657,462030
C3713,27,0,0,State - MAHARASHTRA  27,46,562611,296038,266573,308470,159236,149234,254141,136802,117339
C3713,27,0,0,State - MAHARASHTRA  27,47,476258,248857,227401,254583,128254,126329,221675,120603,101072
C3713,27,0,0,State - MAHARASHTRA  27,48,797821,416552,381269,429956,217140,212816,367865,199412,168453
C3713,27,0,0,State - MAHARASHTRA  27,49,365484,199634,165850,190807,100569,90238,174677,99065,75612
C3713,27,0,0,State - MAHARASHTRA  27,50,1850667,961886,888781,1063924,541683,522241,786743,420203,366540
C3713,27,0,0,State - MAHARASHTRA  27,51,345787,200864,144923,189783,105417,84366,156004,95447,60557
C3713,27,0,0,State - MAHARASHTRA  27,52,618580,352216,266364,334119,184559,149560,284461,167657,116804
C3713,27,0,0,State - MAHARASHTRA  27,53,305768,171163,134605,155962,83078,72884,149806,88085,61721
C3713,27,0,0,State - MAHARASHTRA  27,54,325534,177299,148235,172647,88667,83980,152887,88632,64255
C3713,27,0,0,State - MAHARASHTRA  27,55,1418164,670330,747834,878432,406262,472170,539732,264068,275664
C3713,27,0,0,State - MAHARASHTRA  27,56,351351,185283,166068,206590,103362,103228,144761,81921,62840
C3713,27,0,0,State - MAHARASHTRA  27,57,253699,134491,119208,142605,69041,73564,111094,65450,45644
C3713,27,0,0,State - MAHARASHTRA  27,58,440399,217977,222422,256361,117167,139194,184038,100810,83228
C3713,27,0,0,State - MAHARASHTRA  27,59,209368,111979,97389,119438,58124,61314,89930,53855,36075
C3713,27,0,0,State - MAHARASHTRA  27,60,1658834,697859,960975,1097990,447529,650461,560844,250330,310514
C3713,27,0,0,State - MAHARASHTRA  27,61,235131,112333,122798,154707,67101,87606,80424,45232,35192
C3713,27,0,0,State - MAHARASHTRA  27,62,424907,198331,226576,281118,123483,157635,143789,74848,68941
C3713,27,0,0,State - MAHARASHTRA  27,63,209929,97599,112330,129120,53499,75621,80809,44100,36709
C3713,27,0,0,State - MAHARASHTRA  27,64,201990,97995,103995,125784,56190,69594,76206,41805,34401
C3713,27,0,0,State - MAHARASHTRA  27,65,1613728,707723,906005,1137439,504186,633253,476289,203537,272752
C3713,27,0,0,State - MAHARASHTRA  27,66,319969,159631,160338,230542,114153,116389,89427,45478,43949
C3713,27,0,0,State - MAHARASHTRA  27,67,250948,132680,118268,173589,91075,82514,77359,41605,35754
C3713,27,0,0,State - MAHARASHTRA  27,68,303235,152241,150994,203757,101797,101960,99478,50444,49034
C3713,27,0,0,State - MAHARASHTRA  27,69,144785,77330,67455,95370,50044,45326,49415,27286,22129
C3713,27,0,0,State - MAHARASHTRA  27,70,1120787,535596,585191,794597,391777,402820,326190,143819,182371
C3713,27,0,0,State - MAHARASHTRA  27,71,122079,68603,53476,82575,45247,37328,39504,23356,16148
C3713,27,0,0,State - MAHARASHTRA  27,72,227795,120738,107057,150827,79862,70965,76968,40876,36092
C3713,27,0,0,State - MAHARASHTRA  27,73,81616,45651,35965,46199,25415,20784,35417,20236,15181
C3713,27,0,0,State - MAHARASHTRA  27,74,77056,43258,33798,43600,23963,19637,33456,19295,14161
C3713,27,0,0,State - MAHARASHTRA  27,75,449102,209626,239476,305782,146252,159530,143320,63374,79946
C3713,27,0,0,State - MAHARASHTRA  27,76,80464,43067,37397,49509,26029,23480,30955,17038,13917
C3713,27,0,0,State - MAHARASHTRA  27,77,44478,24457,20021,24976,13303,11673,19502,11154,8348
C3713,27,0,0,State - MAHARASHTRA  27,78,74269,37904,36365,42734,21309,21425,31535,16595,14940
C3713,27,0,0,State - MAHARASHTRA  27,79,34460,18339,16121,19427,9722,9705,15033,8617,6416
C3713,27,0,0,State - MAHARASHTRA  27,80,307433,136548,170885,211979,96189,115790,95454,40359,55095
C3713,27,0,0,State - MAHARASHTRA  27,81,32095,17375,14720,20751,10732,10019,11344,6643,4701
C3713,27,0,0,State - MAHARASHTRA  27,82,48918,24776,24142,30446,15103,15343,18472,9673,8799
C3713,27,0,0,State - MAHARASHTRA  27,83,19464,10403,9061,10207,5336,4871,9257,5067,4190
C3713,27,0,0,State - MAHARASHTRA  27,84,18887,10070,8817,9829,5166,4663,9058,4904,4154
C3713,27,0,0,State - MAHARASHTRA  27,85,118090,51329,66761,80189,35931,44258,37901,15398,22503
C3713,27,0,0,State - MAHARASHTRA  27,86,17266,8782,8484,9851,4885,4966,7415,3897,3518
C3713,27,0,0,State - MAHARASHTRA  27,87,14308,7065,7243,8071,3913,4158,6237,3152,3085
C3713,27,0,0,State - MAHARASHTRA  27,88,13914,6849,7065,8126,3908,4218,5788,2941,2847
C3713,27,0,0,State - MAHARASHTRA  27,89,8979,4204,4775,5469,2438,3031,3510,1766,1744
C3713,27,0,0,State - MAHARASHTRA  27,90,80178,32103,48075,56646,23529,33117,23532,8574,14958
C3713,27,0,0,State - MAHARASHTRA  27,91,7303,3618,3685,4774,2297,2477,2529,1321,1208
C3713,27,0,0,State - MAHARASHTRA  27,92,12203,5711,6492,7904,3665,4239,4299,2046,2253
C3713,27,0,0,State - MAHARASHTRA  27,93,4776,2388,2388,2782,1354,1428,1994,1034,960
C3713,27,0,0,State - MAHARASHTRA  27,94,4127,2029,2098,2417,1188,1229,1710,841,869
C3713,27,0,0,State - MAHARASHTRA  27,95,29007,12162,16845,20645,8922,11723,8362,3240,5122
C3713,27,0,0,State - MAHARASHTRA  27,96,5295,2617,2678,3416,1675,1741,1879,942,937
C3713,27,0,0,State - MAHARASHTRA  27,97,3801,1769,2032,2423,1089,1334,1378,680,698
C3713,27,0,0,State - MAHARASHTRA  27,98,7471,3352,4119,5025,2275,2750,2446,1077,1369
C3713,27,0,0,State - MAHARASHTRA  27,99,6945,3042,3903,4939,2161,2778,2006,881,1125
C3713,27,0,0,State - MAHARASHTRA  27,100+,18638,5048,13590,13599,3751,9848,5039,1297,3742
C3713,27,0,0,State - MAHARASHTRA  27,Age not stated,118083,65705,52378,80148,44086,36062,37935,21619,16316
C3713,28,0,0,State - ANDHRA PRADESH  28,All ages,76210007,38527413,37682594,55401067,27937204,27463863,20808940,10590209,10218731
C3713,28,0,0,State - ANDHRA PRADESH  28,0,1072469,547281,525188,842727,430128,412599,229742,117153,112589
C3713,28,0,0,State - ANDHRA PRADESH  28,1,1179762,602689,577073,873292,445648,427644,306470,157041,149429
C3713,28,0,0,State - ANDHRA PRADESH  28,2,1302390,658925,643465,972246,491033,481213,330144,167892,162252
C3713,28,0,0,State - ANDHRA PRADESH  28,3,1602123,807969,794154,1189745,599542,590203,412378,208427,203951
C3713,28,0,0,State - ANDHRA PRADESH  28,4,1527617,785350,742267,1134922,582095,552827,392695,203255,189440
C3713,28,0,0,State - ANDHRA PRADESH  28,5,1726212,884843,841369,1279744,654876,624868,446468,229967,216501
C3713,28,0,0,State - ANDHRA PRADESH  28,6,1761284,900264,861020,1329123,679686,649437,432161,220578,211583
C3713,28,0,0,State - ANDHRA PRADESH  28,7,1751037,895974,855063,1319865,673537,646328,431172,222437,208735
C3713,28,0,0,State - ANDHRA PRADESH  28,8,2037629,1023310,1014319,1547807,776508,771299,489822,246802,243020
C3713,28,0,0,State - ANDHRA PRADESH  28,9,1704629,866761,837868,1295625,659788,635837,409004,206973,202031
C3713,28,0,0,State - ANDHRA PRADESH  28,10,2171974,1126457,1045517,1604950,831956,772994,567024,294501,272523
C3713,28,0,0,State - ANDHRA PRADESH  28,11,1407029,728989,678040,1022459,533593,488866,384570,195396,189174
C3713,28,0,0,State - ANDHRA PRADESH  28,12,2038368,1056744,981624,1499479,779886,719593,538889,276858,262031
C3713,28,0,0,State - ANDHRA PRADESH  28,13,1544124,783874,760250,1120720,574103,546617,423404,209771,213633
C3713,28,0,0,State - ANDHRA PRADESH  28,14,1571478,811657,759821,1121781,584269,537512,449697,227388,222309
C3713,28,0,0,State - ANDHRA PRADESH  28,15,1622572,862561,760011,1157605,622971,534634,464967,239590,225377
C3713,28,0,0,State - ANDHRA PRADESH  28,16,1569656,811918,757738,1096381,574743,521638,473275,237175,236100
C3713,28,0,0,State - ANDHRA PRADESH  28,17,1119891,618946,500945,736829,416060,320769,383062,202886,180176
C3713,28,0,0,State - ANDHRA PRADESH  28,18,2148535,1085788,1062747,1529055,781178,747877,619480,304610,314870
C3713,28,0,0,State - ANDHRA PRADESH  28,19,1119310,574911,544399,743988,383354,360634,375322,191557,183765
C3713,28,0,0,State - ANDHRA PRADESH  28,20,2438488,1154709,1283779,1740777,824294,916483,697711,330415,367296
C3713,28,0,0,State - ANDHRA PRADESH  28,21,907604,496803,410801,596940,326852,270088,310664,169951,140713
C3713,28,0,0,State - ANDHRA PRADESH  28,22,1499574,761555,738019,1032397,525954,506443,467177,235601,231576
C3713,28,0,0,State - ANDHRA PRADESH  28,23,1068821,556941,511880,731793,380025,351768,337028,176916,160112
C3713,28,0,0,State - ANDHRA PRADESH  28,24,1022410,508280,514130,695055,339790,355265,327355,168490,158865
C3713,28,0,0,State - ANDHRA PRADESH  28,25,2606377,1224456,1381921,1890914,896593,994321,715463,327863,387600
C3713,28,0,0,State - ANDHRA PRADESH  28,26,1147445,558737,588708,802711,386618,416093,344734,172119,172615
C3713,28,0,0,State - ANDHRA PRADESH  28,27,791506,405756,385750,530644,268871,261773,260862,136885,123977
C3713,28,0,0,State - ANDHRA PRADESH  28,28,1622980,749431,873549,1156789,529725,627064,466191,219706,246485
C3713,28,0,0,State - ANDHRA PRADESH  28,29,593963,290878,303085,398886,190636,208250,195077,100242,94835
C3713,28,0,0,State - ANDHRA PRADESH  28,30,2926984,1495950,1431034,2108036,1076359,1031677,818948,419591,399357
C3713,28,0,0,State - ANDHRA PRADESH  28,31,422869,223665,199204,297087,153316,143771,125782,70349,55433
C3713,28,0,0,State - ANDHRA PRADESH  28,32,1157515,586157,571358,826547,414741,411806,330968,171416,159552
C3713,28,0,0,State - ANDHRA PRADESH  28,33,570106,280574,289532,398899,193172,205727,171207,87402,83805
C3713,28,0,0,State - ANDHRA PRADESH  28,34,548031,270851,277180,389563,188914,200649,158468,81937,76531
C3713,28,0,0,State - ANDHRA PRADESH  28,35,2735995,1400121,1335874,1954668,1004622,950046,781327,395499,385828
C3713,28,0,0,State - ANDHRA PRADESH  28,36,852143,405408,446735,616069,290871,325198,236074,114537,121537
C3713,28,0,0,State - ANDHRA PRADESH  28,37,452204,227024,225180,311238,153836,157402,140966,73188,67778
C3713,28,0,0,State - ANDHRA PRADESH  28,38,1202694,565805,636889,868264,405242,463022,334430,160563,173867
C3713,28,0,0,State - ANDHRA PRADESH  28,39,409675,202571,207104,284950,137866,147084,124725,64705,60020
C3713,28,0,0,State - ANDHRA PRADESH  28,40,2657938,1445075,1212863,1924363,1042435,881928,733575,402640,330935
C3713,28,0,0,State - ANDHRA PRADESH  28,41,293568,162912,130656,215166,117105,98061,78402,45807,32595
C3713,28,0,0,State - ANDHRA PRADESH  28,42,750021,408806,341215,540097,291031,249066,209924,117775,92149
C3713,28,0,0,State - ANDHRA PRADESH  28,43,375208,187301,187907,265036,128785,136251,110172,58516,51656
C3713,28,0,0,State - ANDHRA PRADESH  28,44,277226,140162,137064,192573,94581,97992,84653,45581,39072
C3713,28,0,0,State - ANDHRA PRADESH  28,45,2154915,1131805,1023110,1571512,820231,751281,583403,311574,271829
C3713,28,0,0,State - ANDHRA PRADESH  28,46,443585,222703,220882,325650,159795,165855,117935,62908,55027
C3713,28,0,0,State - ANDHRA PRADESH  28,47,256725,133154,123571,175082,87046,88036,81643,46108,35535
C3713,28,0,0,State - ANDHRA PRADESH  28,48,713668,350860,362808,522046,250036,272010,191622,100824,90798
C3713,28,0,0,State - ANDHRA PRADESH  28,49,236039,123398,112641,165900,82913,82987,70139,40485,29654
C3713,28,0,0,State - ANDHRA PRADESH  28,50,1999565,1047027,952538,1496141,783104,713037,503424,263923,239501
C3713,28,0,0,State - ANDHRA PRADESH  28,51,199100,111662,87438,147144,79203,67941,51956,32459,19497
C3713,28,0,0,State - ANDHRA PRADESH  28,52,435646,232834,202812,320650,166975,153675,114996,65859,49137
C3713,28,0,0,State - ANDHRA PRADESH  28,53,205013,105880,99133,144508,71206,73302,60505,34674,25831
C3713,28,0,0,State - ANDHRA PRADESH  28,54,225503,110290,115213,163813,76260,87553,61690,34030,27660
C3713,28,0,0,State - ANDHRA PRADESH  28,55,1210498,553373,657125,924092,421759,502333,286406,131614,154792
C3713,28,0,0,State - ANDHRA PRADESH  28,56,280933,137722,143211,213755,101671,112084,67178,36051,31127
C3713,28,0,0,State - ANDHRA PRADESH  28,57,122085,61370,60715,86069,40251,45818,36016,21119,14897
C3713,28,0,0,State - ANDHRA PRADESH  28,58,377355,168209,209146,286441,122962,163479,90914,45247,45667
C3713,28,0,0,State - ANDHRA PRADESH  28,59,118415,60156,58259,85741,40425,45316,32674,19731,12943
C3713,28,0,0,State - ANDHRA PRADESH  28,60,1709597,809333,900264,1331948,637552,694396,377649,171781,205868
C3713,28,0,0,State - ANDHRA PRADESH  28,61,123187,63991,59196,96479,48176,48303,26708,15815,10893
C3713,28,0,0,State - ANDHRA PRADESH  28,62,265069,132034,133035,206917,100381,106536,58152,31653,26499
C3713,28,0,0,State - ANDHRA PRADESH  28,63,125809,60653,65156,92573,42068,50505,33236,18585,14651
C3713,28,0,0,State - ANDHRA PRADESH  28,64,113844,56330,57514,85551,40422,45129,28293,15908,12385
C3713,28,0,0,State - ANDHRA PRADESH  28,65,936081,418467,517614,736708,331927,404781,199373,86540,112833
C3713,28,0,0,State - ANDHRA PRADESH  28,66,108333,51624,56709,81972,37494,44478,26361,14130,12231
C3713,28,0,0,State - ANDHRA PRADESH  28,67,69976,35096,34880,50197,23898,26299,19779,11198,8581
C3713,28,0,0,State - ANDHRA PRADESH  28,68,194491,86419,108072,153305,66755,86550,41186,19664,21522
C3713,28,0,0,State - ANDHRA PRADESH  28,69,62889,30206,32683,48163,22092,26071,14726,8114,6612
C3713,28,0,0,State - ANDHRA PRADESH  28,70,909679,448302,461377,724386,364698,359688,185293,83604,101689
C3713,28,0,0,State - ANDHRA PRADESH  28,71,54993,29682,25311,44371,23359,21012,10622,6323,4299
C3713,28,0,0,State - ANDHRA PRADESH  28,72,114564,59331,55233,90431,46562,43869,24133,12769,11364
C3713,28,0,0,State - ANDHRA PRADESH  28,73,42095,22172,19923,30780,15816,14964,11315,6356,4959
C3713,28,0,0,State - ANDHRA PRADESH  28,74,39292,21324,17968,28755,15296,13459,10537,6028,4509
C3713,28,0,0,State - ANDHRA PRADESH  28,75,292523,143514,149009,226790,113392,113398,65733,30122,35611
C3713,28,0,0,State - ANDHRA PRADESH  28,76,46930,24462,22468,36044,18503,17541,10886,5959,4927
C3713,28,0,0,State - ANDHRA PRADESH  28,77,14602,8131,6471,9648,5175,4473,4954,2956,1998
C3713,28,0,0,State - ANDHRA PRADESH  28,78,44528,21237,23291,33476,15752,17724,11052,5485,5567
C3713,28,0,0,State - ANDHRA PRADESH  28,79,15286,7615,7671,11208,5396,5812,4078,2219,1859
C3713,28,0,0,State - ANDHRA PRADESH  28,80,270095,121488,148607,212809,98273,114536,57286,23215,34071
C3713,28,0,0,State - ANDHRA PRADESH  28,81,14606,7575,7031,11525,5836,5689,3081,1739,1342
C3713,28,0,0,State - ANDHRA PRADESH  28,82,25096,12116,12980,19411,9338,10073,5685,2778,2907
C3713,28,0,0,State - ANDHRA PRADESH  28,83,9950,4875,5075,7020,3411,3609,2930,1464,1466
C3713,28,0,0,State - ANDHRA PRADESH  28,84,9761,4941,4820,6712,3420,3292,3049,1521,1528
C3713,28,0,0,State - ANDHRA PRADESH  28,85,62183,27267,34916,46397,20969,25428,15786,6298,9488
C3713,28,0,0,State - ANDHRA PRADESH  28,86,10125,5009,5116,7303,3641,3662,2822,1368,1454
C3713,28,0,0,State - ANDHRA PRADESH  28,87,4980,2474,2506,3285,1633,1652,1695,841,854
C3713,28,0,0,State - ANDHRA PRADESH  28,88,7943,3694,4249,5644,2612,3032,2299,1082,1217
C3713,28,0,0,State - ANDHRA PRADESH  28,89,4387,1956,2431,3184,1361,1823,1203,595,608
C3713,28,0,0,State - ANDHRA PRADESH  28,90,45529,18705,26824,34851,14627,20224,10678,4078,6600
C3713,28,0,0,State - ANDHRA PRADESH  28,91,3370,1694,1676,2386,1152,1234,984,542,442
C3713,28,0,0,State - ANDHRA PRADESH  28,92,5023,2287,2736,3663,1682,1981,1360,605,755
C3713,28,0,0,State - ANDHRA PRADESH  28,93,2298,1090,1208,1535,713,822,763,377,386
C3713,28,0,0,State - ANDHRA PRADESH  28,94,2330,1166,1164,1530,791,739,800,375,425
C3713,28,0,0,State - ANDHRA PRADESH  28,95,11506,4955,6551,8223,3629,4594,3283,1326,1957
C3713,28,0,0,State - ANDHRA PRADESH  28,96,2878,1374,1504,2007,969,1038,871,405,466
C3713,28,0,0,State - ANDHRA PRADESH  28,97,1655,861,794,1042,516,526,613,345,268
C3713,28,0,0,State - ANDHRA PRADESH  28,98,3719,1614,2105,2615,1100,1515,1104,514,590
C3713,28,0,0,State - ANDHRA PRADESH  28,99,2688,1303,1385,1801,858,943,887,445,442
C3713,28,0,0,State - ANDHRA PRADESH  28,100+,4188,1221,2967,3089,873,2216,1099,348,751
C3713,28,0,0,State - ANDHRA PRADESH  28,Age not stated,133450,74243,59207,78984,44061,34923,54466,30182,24284
C3713,29,0,0,State - KARNATAKA  29,All ages,52850562,26898918,25951644,34889033,17648958,17240075,17961529,9249960,8711569
C3713,29,0,0,State - KARNATAKA  29,0,690113,355631,334482,478634,246409,232225,211479,109222,102257
C3713,29,0,0,State - KARNATAKA  29,1,941371,485254,456117,637556,328114,309442,303815,157140,146675
C3713,29,0,0,State - KARNATAKA  29,2,1062841,545423,517418,734706,376648,358058,328135,168775,159360
C3713,29,0,0,State - KARNATAKA  29,3,1120971,568359,552612,768618,389740,378878,352353,178619,173734
C3713,29,0,0,State - KARNATAKA  29,4,1127298,582809,544489,778348,401443,376905,348950,181366,167584
C3713,29,0,0,State - KARNATAKA  29,5,1138754,588059,550695,777178,400286,376892,361576,187773,173803
C3713,29,0,0,State - KARNATAKA  29,6,1100752,565423,535329,760340,389917,370423,340412,175506,164906
C3713,29,0,0,State - KARNATAKA  29,7,1023407,521358,502049,687192,349061,338131,336215,172297,163918
C3713,29,0,0,State - KARNATAKA  29,8,1288401,648505,639896,885349,444683,440666,403052,203822,199230
C3713,29,0,0,State - KARNATAKA  29,9,1130117,570132,559985,794528,400978,393550,335589,169154,166435
C3713,29,0,0,State - KARNATAKA  29,10,1462506,746246,716260,1001269,508854,492415,461237,237392,223845
C3713,29,0,0,State - KARNATAKA  29,11,1016642,518871,497771,689756,352109,337647,326886,166762,160124
C3713,29,0,0,State - KARNATAKA  29,12,1426809,728762,698047,982990,499436,483554,443819,229326,214493
C3713,29,0,0,State - KARNATAKA  29,13,1089999,556516,533483,736407,377639,358768,353592,178877,174715
C3713,29,0,0,State - KARNATAKA  29,14,1225620,638838,586782,840718,439795,400923,384902,199043,185859
C3713,29,0,0,State - KARNATAKA  29,15,1103115,588420,514695,743714,399671,344043,359401,188749,170652
C3713,29,0,0,State - KARNATAKA  29,16,1186668,624733,561935,801275,426176,375099,385393,198557,186836
C3713,29,0,0,State - KARNATAKA  29,17,756205,401409,354796,450632,240976,209656,305573,160433,145140
C3713,29,0,0,State - KARNATAKA  29,18,1565363,826178,739185,1036669,551936,484733,528694,274242,254452
C3713,29,0,0,State - KARNATAKA  29,19,770321,399590,370731,451938,233919,218019,318383,165671,152712
C3713,29,0,0,State - KARNATAKA  29,20,1652328,812933,839395,1081042,529701,551341,571286,283232,288054
C3713,29,0,0,State - KARNATAKA  29,21,645096,358413,286683,357021,198715,158306,288075,159698,128377
C3713,29,0,0,State - KARNATAKA  29,22,1105499,577801,527698,681801,357353,324448,423698,220448,203250
C3713,29,0,0,State - KARNATAKA  29,23,710602,383203,327399,409848,220803,189045,300754,162400,138354
C3713,29,0,0,State - KARNATAKA  29,24,772700,409583,363117,455848,239519,216329,316852,170064,146788
C3713,29,0,0,State - KARNATAKA  29,25,1681239,764221,917018,1110904,499047,611857,570335,265174,305161
C3713,29,0,0,State - KARNATAKA  29,26,834827,429015,405812,505248,258546,246702,329579,170469,159110
C3713,29,0,0,State - KARNATAKA  29,27,502882,263332,239550,271655,140689,130966,231227,122643,108584
C3713,29,0,0,State - KARNATAKA  29,28,1186855,573982,612873,757726,363089,394637,429129,210893,218236
C3713,29,0,0,State - KARNATAKA  29,29,372416,185753,186663,203187,98555,104632,169229,87198,82031
C3713,29,0,0,State - KARNATAKA  29,30,2007442,978788,1028654,1343269,644949,698320,664173,333839,330334
C3713,29,0,0,State - KARNATAKA  29,31,288756,155718,133038,161685,84688,76997,127071,71030,56041
C3713,29,0,0,State - KARNATAKA  29,32,777704,402657,375047,479786,246194,233592,297918,156463,141455
C3713,29,0,0,State - KARNATAKA  29,33,372364,189260,183104,220180,110172,110008,152184,79088,73096
C3713,29,0,0,State - KARNATAKA  29,34,374939,191179,183760,225813,112792,113021,149126,78387,70739
C3713,29,0,0,State - KARNATAKA  29,35,1932313,954652,977661,1306689,638221,668468,625624,316431,309193
C3713,29,0,0,State - KARNATAKA  29,36,564918,274430,290488,351089,168237,182852,213829,106193,107636
C3713,29,0,0,State - KARNATAKA  29,37,287920,145247,142673,160120,79220,80900,127800,66027,61773
C3713,29,0,0,State - KARNATAKA  29,38,875264,424591,450673,567186,272628,294558,308078,151963,156115
C3713,29,0,0,State - KARNATAKA  29,39,257664,127856,129808,145748,69935,75813,111916,57921,53995
C3713,29,0,0,State - KARNATAKA  29,40,1896844,1007308,889536,1305694,688287,617407,591150,319021,272129
C3713,29,0,0,State - KARNATAKA  29,41,196450,109645,86805,115157,63006,52151,81293,46639,34654
C3713,29,0,0,State - KARNATAKA  29,42,496720,275961,220759,302689,167297,135392,194031,108664,85367
C3713,29,0,0,State - KARNATAKA  29,43,259263,134199,125064,151650,76657,74993,107613,57542,50071
C3713,29,0,0,State - KARNATAKA  29,44,209179,109729,99450,122518,63167,59351,86661,46562,40099
C3713,29,0,0,State - KARNATAKA  29,45,1541761,813683,728078,1060410,557826,502584,481351,255857,225494
C3713,29,0,0,State - KARNATAKA  29,46,308954,162192,146762,191913,99086,92827,117041,63106,53935
C3713,29,0,0,State - KARNATAKA  29,47,176880,95917,80963,94422,49764,44658,82458,46153,36305
C3713,29,0,0,State - KARNATAKA  29,48,530084,277379,252705,341252,176775,164477,188832,100604,88228
C3713,29,0,0,State - KARNATAKA  29,49,156163,85100,71063,86822,45353,41469,69341,39747,29594
C3713,29,0,0,State - KARNATAKA  29,50,1385781,711312,674469,981441,506176,475265,404340,205136,199204
C3713,29,0,0,State - KARNATAKA  29,51,135777,80501,55276,76427,43815,32612,59350,36686,22664
C3713,29,0,0,State - KARNATAKA  29,52,290078,163632,126446,173423,95921,77502,116655,67711,48944
C3713,29,0,0,State - KARNATAKA  29,53,147222,81286,65936,81973,43073,38900,65249,38213,27036
C3713,29,0,0,State - KARNATAKA  29,54,150797,80758,70039,86556,44123,42433,64241,36635,27606
C3713,29,0,0,State - KARNATAKA  29,55,832748,389445,443303,594670,278728,315942,238078,110717,127361
C3713,29,0,0,State - KARNATAKA  29,56,178966,93108,85858,113013,56739,56274,65953,36369,29584
C3713,29,0,0,State - KARNATAKA  29,57,83544,46391,37153,44614,23063,21551,38930,23328,15602
C3713,29,0,0,State - KARNATAKA  29,58,253721,124433,129288,165897,78627,87270,87824,45806,42018
C3713,29,0,0,State - KARNATAKA  29,59,74763,41382,33381,41292,20996,20296,33471,20386,13085
C3713,29,0,0,State - KARNATAKA  29,60,1119568,525683,593885,828207,392426,435781,291361,133257,158104
C3713,29,0,0,State - KARNATAKA  29,61,71178,40028,31150,43359,23244,20115,27819,16784,11035
C3713,29,0,0,State - KARNATAKA  29,62,152338,80724,71614,96720,49703,47017,55618,31021,24597
C3713,29,0,0,State - KARNATAKA  29,63,82655,43367,39288,48136,23604,24532,34519,19763,14756
C3713,29,0,0,State - KARNATAKA  29,64,73170,39195,33975,43325,22020,21305,29845,17175,12670
C3713,29,0,0,State - KARNATAKA  29,65,659044,297227,361817,483216,219850,263366,175828,77377,98451
C3713,29,0,0,State - KARNATAKA  29,66,71302,35817,35485,44618,21638,22980,26684,14179,12505
C3713,29,0,0,State - KARNATAKA  29,67,47076,25116,21960,25452,12976,12476,21624,12140,9484
C3713,29,0,0,State - KARNATAKA  29,68,136763,63468,73295,93379,42115,51264,43384,21353,22031
C3713,29,0,0,State - KARNATAKA  29,69,39002,19745,19257,23141,11020,12121,15861,8725,7136
C3713,29,0,0,State - KARNATAKA  29,70,622664,286731,335933,472254,220169,252085,150410,66562,83848
C3713,29,0,0,State - KARNATAKA  29,71,34873,19364,15509,22021,11675,10346,12852,7689,5163
C3713,29,0,0,State - KARNATAKA  29,72,75092,39701,35391,47271,24434,22837,27821,15267,12554
C3713,29,0,0,State - KARNATAKA  29,73,35101,19246,15855,20147,10633,9514,14954,8613,6341
C3713,29,0,0,State - KARNATAKA  29,74,31767,17574,14193,18277,9776,8501,13490,7798,5692
C3713,29,0,0,State - KARNATAKA  29,75,252117,115962,136155,185738,86402,99336,66379,29560,36819
C3713,29,0,0,State - KARNATAKA  29,76,35998,18991,17007,22665,11771,10894,13333,7220,6113
C3713,29,0,0,State - KARNATAKA  29,77,13423,7558,5865,7080,3868,3212,6343,3690,2653
C3713,29,0,0,State - KARNATAKA  29,78,39358,19160,20198,25533,12096,13437,13825,7064,6761
C3713,29,0,0,State - KARNATAKA  29,79,12334,6608,5726,6980,3549,3431,5354,3059,2295
C3713,29,0,0,State - KARNATAKA  29,80,226988,98034,128954,173836,76444,97392,53152,21590,31562
C3713,29,0,0,State - KARNATAKA  29,81,11633,6375,5258,7451,3924,3527,4182,2451,1731
C3713,29,0,0,State - KARNATAKA  29,82,20067,10390,9677,12718,6512,6206,7349,3878,3471
C3713,29,0,0,State - KARNATAKA  29,83,9983,5341,4642,5684,3036,2648,4299,2305,1994
C3713,29,0,0,State - KARNATAKA  29,84,9252,5063,4189,5171,2829,2342,4081,2234,1847
C3713,29,0,0,State - KARNATAKA  29,85,63404,27661,35743,45760,20484,25276,17644,7177,10467
C3713,29,0,0,State - KARNATAKA  29,86,9883,5071,4812,5913,3107,2806,3970,1964,2006
C3713,29,0,0,State - KARNATAKA  29,87,5144,2755,2389,2754,1489,1265,2390,1266,1124
C3713,29,0,0,State - KARNATAKA  29,88,8418,4129,4289,5522,2691,2831,2896,1438,1458
C3713,29,0,0,State - KARNATAKA  29,89,3825,1781,2044,2333,1042,1291,1492,739,753
C3713,29,0,0,State - KARNATAKA  29,90,42063,16613,25450,31925,12893,19032,10138,3720,6418
C3713,29,0,0,State - KARNATAKA  29,91,3022,1596,1426,1835,965,870,1187,631,556
C3713,29,0,0,State - KARNATAKA  29,92,4390,2088,2302,2801,1320,1481,1589,768,821
C3713,29,0,0,State - KARNATAKA  29,93,2347,1183,1164,1349,675,674,998,508,490
C3713,29,0,0,State - KARNATAKA  29,94,2200,1133,1067,1314,654,660,886,479,407
C3713,29,0,0,State - KARNATAKA  29,95,14587,5838,8749,11023,4514,6509,3564,1324,2240
C3713,29,0,0,State - KARNATAKA  29,96,2926,1481,1445,1990,1000,990,936,481,455
C3713,29,0,0,State - KARNATAKA  29,97,1522,788,734,905,483,422,617,305,312
C3713,29,0,0,State - KARNATAKA  29,98,4885,2090,2795,3652,1553,2099,1233,537,696
C3713,29,0,0,State - KARNATAKA  29,99,2877,1221,1656,2030,837,1193,847,384,463
C3713,29,0,0,State - KARNATAKA  29,100+,7783,1834,5949,6109,1425,4684,1674,409,1265
C3713,29,0,0,State - KARNATAKA  29,Age not stated,51844,28697,23147,33944,18790,15154,17900,9907,7993
C3713,30,0,0,State - GOA  30,All ages,1347668,687248,660420,677091,340545,336546,670577,346703,323874
C3713,30,0,0,State - GOA  30,0,18085,9318,8767,9402,4781,4621,8683,4537,4146
C3713,30,0,0,State - GOA  30,1,21608,11265,10343,10706,5531,5175,10902,5734,5168
C3713,30,0,0,State - GOA  30,2,20648,10723,9925,10071,5222,4849,10577,5501,5076
C3713,30,0,0,State - GOA  30,3,21456,10923,10533,10540,5337,5203,10916,5586,5330
C3713,30,0,0,State - GOA  30,4,22026,11395,10631,10786,5555,5231,11240,5840,5400
C3713,30,0,0,State - GOA  30,5,22523,11771,10752,10734,5579,5155,11789,6192,5597
C3713,30,0,0,State - GOA  30,6,19622,9943,9679,9099,4542,4557,10523,5401,5122
C3713,30,0,0,State - GOA  30,7,21168,10795,10373,9878,5052,4826,11290,5743,5547
C3713,30,0,0,State - GOA  30,8,23119,11815,11304,10922,5633,5289,12197,6182,6015
C3713,30,0,0,State - GOA  30,9,20958,10672,10286,10414,5302,5112,10544,5370,5174
C3713,30,0,0,State - GOA  30,10,27069,13742,13327,13002,6539,6463,14067,7203,6864
C3713,30,0,0,State - GOA  30,11,20375,10329,10046,10021,5065,4956,10354,5264,5090
C3713,30,0,0,State - GOA  30,12,26194,13585,12609,12887,6664,6223,13307,6921,6386
C3713,30,0,0,State - GOA  30,13,22561,11466,11095,11423,5811,5612,11138,5655,5483
C3713,30,0,0,State - GOA  30,14,23814,12182,11632,12120,6155,5965,11694,6027,5667
C3713,30,0,0,State - GOA  30,15,23912,12137,11775,12209,6114,6095,11703,6023,5680
C3713,30,0,0,State - GOA  30,16,24229,12260,11969,12636,6287,6349,11593,5973,5620
C3713,30,0,0,State - GOA  30,17,21957,11224,10733,11245,5580,5665,10712,5644,5068
C3713,30,0,0,State - GOA  30,18,32171,17091,15080,16369,8504,7865,15802,8587,7215
C3713,30,0,0,State - GOA  30,19,22762,12258,10504,11632,6085,5547,11130,6173,4957
C3713,30,0,0,State - GOA  30,20,36492,19262,17230,18503,9604,8899,17989,9658,8331
C3713,30,0,0,State - GOA  30,21,23870,12953,10917,12193,6459,5734,11677,6494,5183
C3713,30,0,0,State - GOA  30,22,31432,16955,14477,16098,8515,7583,15334,8440,6894
C3713,30,0,0,State - GOA  30,23,24082,12701,11381,12272,6290,5982,11810,6411,5399
C3713,30,0,0,State - GOA  30,24,26140,13781,12359,13369,6935,6434,12771,6846,5925
C3713,30,0,0,State - GOA  30,25,40378,20507,19871,20435,10414,10021,19943,10093,9850
C3713,30,0,0,State - GOA  30,26,26410,13438,12972,13233,6692,6541,13177,6746,6431
C3713,30,0,0,State - GOA  30,27,22473,11703,10770,11197,5840,5357,11276,5863,5413
C3713,30,0,0,State - GOA  30,28,32260,16489,15771,16389,8487,7902,15871,8002,7869
C3713,30,0,0,State - GOA  30,29,17093,8608,8485,8494,4345,4149,8599,4263,4336
C3713,30,0,0,State - GOA  30,30,49678,25313,24365,24651,12581,12070,25027,12732,12295
C3713,30,0,0,State - GOA  30,31,12805,6903,5902,6196,3320,2876,6609,3583,3026
C3713,30,0,0,State - GOA  30,32,26357,14053,12304,13057,7011,6046,13300,7042,6258
C3713,30,0,0,State - GOA  30,33,14253,7463,6790,6804,3573,3231,7449,3890,3559
C3713,30,0,0,State - GOA  30,34,14451,7572,6879,6934,3683,3251,7517,3889,3628
C3713,30,0,0,State - GOA  30,35,42871,22278,20593,21013,10850,10163,21858,11428,10430
C3713,30,0,0,State - GOA  30,36,16664,8265,8399,8117,3975,4142,8547,4290,4257
C3713,30,0,0,State - GOA  30,37,11867,5966,5901,5625,2764,2861,6242,3202,3040
C3713,30,0,0,State - GOA  30,38,21558,10810,10748,10418,5233,5185,11140,5577,5563
C3713,30,0,0,State - GOA  30,39,11605,5926,5679,5530,2815,2715,6075,3111,2964
C3713,30,0,0,State - GOA  30,40,40230,21792,18438,19777,10469,9308,20453,11323,9130
C3713,30,0,0,State - GOA  30,41,7849,4307,3542,3698,1977,1721,4151,2330,1821
C3713,30,0,0,State - GOA  30,42,16713,8961,7752,8177,4361,3816,8536,4600,3936
C3713,30,0,0,State - GOA  30,43,9297,4756,4541,4332,2187,2145,4965,2569,2396
C3713,30,0,0,State - GOA  30,44,8450,4249,4201,4095,2032,2063,4355,2217,2138
C3713,30,0,0,State - GOA  30,45,32257,16143,16114,16014,7932,8082,16243,8211,8032
C3713,30,0,0,State - GOA  30,46,10570,5256,5314,5239,2511,2728,5331,2745,2586
C3713,30,0,0,State - GOA  30,47,8672,4451,4221,4189,2089,2100,4483,2362,2121
C3713,30,0,0,State - GOA  30,48,15739,7864,7875,7977,3892,4085,7762,3972,3790
C3713,30,0,0,State - GOA  30,49,8394,4352,4042,4151,2125,2026,4243,2227,2016
C3713,30,0,0,State - GOA  30,50,30826,15081,15745,15588,7383,8205,15238,7698,7540
C3713,30,0,0,State - GOA  30,51,6506,3622,2884,3125,1650,1475,3381,1972,1409
C3713,30,0,0,State - GOA  30,52,12458,6620,5838,6245,3217,3028,6213,3403,2810
C3713,30,0,0,State - GOA  30,53,6961,3662,3299,3352,1678,1674,3609,1984,1625
C3713,30,0,0,State - GOA  30,54,7560,3897,3663,3637,1750,1887,3923,2147,1776
C3713,30,0,0,State - GOA  30,55,20798,9271,11527,11260,4791,6469,9538,4480,5058
C3713,30,0,0,State - GOA  30,56,7624,4002,3622,3931,1953,1978,3693,2049,1644
C3713,30,0,0,State - GOA  30,57,4883,2651,2232,2372,1203,1169,2511,1448,1063
C3713,30,0,0,State - GOA  30,58,9279,4792,4487,4776,2339,2437,4503,2453,2050
C3713,30,0,0,State - GOA  30,59,4321,2347,1974,2132,1084,1048,2189,1263,926
C3713,30,0,0,State - GOA  30,60,24644,10754,13890,13792,5891,7901,10852,4863,5989
C3713,30,0,0,State - GOA  30,61,3464,1883,1581,1872,987,885,1592,896,696
C3713,30,0,0,State - GOA  30,62,6666,3442,3224,3571,1817,1754,3095,1625,1470
C3713,30,0,0,State - GOA  30,63,3924,2052,1872,1999,1007,992,1925,1045,880
C3713,30,0,0,State - GOA  30,64,3696,1841,1855,1859,889,970,1837,952,885
C3713,30,0,0,State - GOA  30,65,15805,6613,9192,8983,3716,5267,6822,2897,3925
C3713,30,0,0,State - GOA  30,66,3138,1541,1597,1674,804,870,1464,737,727
C3713,30,0,0,State - GOA  30,67,2664,1348,1316,1369,657,712,1295,691,604
C3713,30,0,0,State - GOA  30,68,4380,1951,2429,2353,1026,1327,2027,925,1102
C3713,30,0,0,State - GOA  30,69,2181,1048,1133,1123,515,608,1058,533,525
C3713,30,0,0,State - GOA  30,70,12972,5075,7897,7550,2962,4588,5422,2113,3309
C3713,30,0,0,State - GOA  30,71,1552,832,720,815,414,401,737,418,319
C3713,30,0,0,State - GOA  30,72,3028,1370,1658,1588,699,889,1440,671,769
C3713,30,0,0,State - GOA  30,73,1502,695,807,754,351,403,748,344,404
C3713,30,0,0,State - GOA  30,74,1430,678,752,722,335,387,708,343,365
C3713,30,0,0,State - GOA  30,75,5624,2178,3446,3184,1232,1952,2440,946,1494
C3713,30,0,0,State - GOA  30,76,1463,673,790,732,331,401,731,342,389
C3713,30,0,0,State - GOA  30,77,922,449,473,471,224,247,451,225,226
C3713,30,0,0,State - GOA  30,78,1502,587,915,806,304,502,696,283,413
C3713,30,0,0,State - GOA  30,79,804,392,412,390,184,206,414,208,206
C3713,30,0,0,State - GOA  30,80,4112,1515,2597,2331,873,1458,1781,642,1139
C3713,30,0,0,State - GOA  30,81,566,293,273,284,150,134,282,143,139
C3713,30,0,0,State - GOA  30,82,906,379,527,462,186,276,444,193,251
C3713,30,0,0,State - GOA  30,83,522,216,306,252,102,150,270,114,156
C3713,30,0,0,State - GOA  30,84,576,243,333,272,123,149,304,120,184
C3713,30,0,0,State - GOA  30,85,1400,487,913,793,260,533,607,227,380
C3713,30,0,0,State - GOA  30,86,427,173,254,187,79,108,240,94,146
C3713,30,0,0,State - GOA  30,87,306,115,191,160,53,107,146,62,84
C3713,30,0,0,State - GOA  30,88,307,138,169,170,79,91,137,59,78
C3713,30,0,0,State - GOA  30,89,217,93,124,107,43,64,110,50,60
C3713,30,0,0,State - GOA  30,90,675,241,434,369,139,230,306,102,204
C3713,30,0,0,State - GOA  30,91,146,60,86,75,32,43,71,28,43
C3713,30,0,0,State - GOA  30,92,162,75,87,83,34,49,79,41,38
C3713,30,0,0,State - GOA  30,93,64,25,39,27,10,17,37,15,22
C3713,30,0,0,State - GOA  30,94,65,27,38,34,17,17,31,10,21
C3713,30,0,0,State - GOA  30,95,159,65,94,99,42,57,60,23,37
C3713,30,0,0,State - GOA  30,96,60,30,30,29,12,17,31,18,13
C3713,30,0,0,State - GOA  30,97,42,22,20,22,10,12,20,12,8
C3713,30,0,0,State - GOA  30,98,68,22,46,34,12,22,34,10,24
C3713,30,0,0,State - GOA  30,99,51,24,27,29,14,15,22,10,12
C3713,30,0,0,State - GOA  30,100+,81,31,50,47,17,30,34,14,20
C3713,30,0,0,State - GOA  30,Age not stated,7012,3656,3356,4927,2566,2361,2085,1090,995
C3713,31,0,0,State - LAKSHADWEEP  31,All ages,60650,31131,29519,33683,17191,16492,26967,13940,13027
C3713,31,0,0,State - LAKSHADWEEP  31,0,1318,676,642,825,396,429,493,280,213
C3713,31,0,0,State - LAKSHADWEEP  31,1,1254,612,642,773,377,396,481,235,246
C3713,31,0,0,State - LAKSHADWEEP  31,2,1175,578,597,724,349,375,451,229,222
C3713,31,0,0,State - LAKSHADWEEP  31,3,1329,666,663,830,401,429,499,265,234
C3713,31,0,0,State - LAKSHADWEEP  31,4,1392,757,635,819,451,368,573,306,267
C3713,31,0,0,State - LAKSHADWEEP  31,5,1418,741,677,840,431,409,578,310,268
C3713,31,0,0,State - LAKSHADWEEP  31,6,1205,611,594,714,359,355,491,252,239
C3713,31,0,0,State - LAKSHADWEEP  31,7,1332,683,649,749,382,367,583,301,282
C3713,31,0,0,State - LAKSHADWEEP  31,8,1362,712,650,796,423,373,566,289,277
C3713,31,0,0,State - LAKSHADWEEP  31,9,1308,668,640,747,374,373,561,294,267
C3713,31,0,0,State - LAKSHADWEEP  31,10,1524,778,746,846,416,430,678,362,316
C3713,31,0,0,State - LAKSHADWEEP  31,11,1382,761,621,762,412,350,620,349,271
C3713,31,0,0,State - LAKSHADWEEP  31,12,1646,845,801,903,449,454,743,396,347
C3713,31,0,0,State - LAKSHADWEEP  31,13,1500,775,725,822,405,417,678,370,308
C3713,31,0,0,State - LAKSHADWEEP  31,14,1589,824,765,907,467,440,682,357,325
C3713,31,0,0,State - LAKSHADWEEP  31,15,1285,657,628,680,354,326,605,303,302
C3713,31,0,0,State - LAKSHADWEEP  31,16,1316,660,656,729,362,367,587,298,289
C3713,31,0,0,State - LAKSHADWEEP  31,17,1125,593,532,665,342,323,460,251,209
C3713,31,0,0,State - LAKSHADWEEP  31,18,1446,746,700,825,422,403,621,324,297
C3713,31,0,0,State - LAKSHADWEEP  31,19,1058,547,511,611,307,304,447,240,207
C3713,31,0,0,State - LAKSHADWEEP  31,20,1334,671,663,731,363,368,603,308,295
C3713,31,0,0,State - LAKSHADWEEP  31,21,927,459,468,500,253,247,427,206,221
C3713,31,0,0,State - LAKSHADWEEP  31,22,1168,565,603,669,333,336,499,232,267
C3713,31,0,0,State - LAKSHADWEEP  31,23,1077,499,578,600,267,333,477,232,245
C3713,31,0,0,State - LAKSHADWEEP  31,24,1128,575,553,661,338,323,467,237,230
C3713,31,0,0,State - LAKSHADWEEP  31,25,1237,619,618,668,349,319,569,270,299
C3713,31,0,0,State - LAKSHADWEEP  31,26,1110,559,551,622,320,302,488,239,249
C3713,31,0,0,State - LAKSHADWEEP  31,27,868,436,432,457,237,220,411,199,212
C3713,31,0,0,State - LAKSHADWEEP  31,28,1205,591,614,648,312,336,557,279,278
C3713,31,0,0,State - LAKSHADWEEP  31,29,740,392,348,417,230,187,323,162,161
C3713,31,0,0,State - LAKSHADWEEP  31,30,1329,668,661,711,375,336,618,293,325
C3713,31,0,0,State - LAKSHADWEEP  31,31,601,332,269,343,201,142,258,131,127
C3713,31,0,0,State - LAKSHADWEEP  31,32,1022,518,504,562,285,277,460,233,227
C3713,31,0,0,State - LAKSHADWEEP  31,33,686,350,336,362,189,173,324,161,163
C3713,31,0,0,State - LAKSHADWEEP  31,34,720,377,343,370,208,162,350,169,181
C3713,31,0,0,State - LAKSHADWEEP  31,35,1157,601,556,646,329,317,511,272,239
C3713,31,0,0,State - LAKSHADWEEP  31,36,853,433,420,455,223,232,398,210,188
C3713,31,0,0,State - LAKSHADWEEP  31,37,577,272,305,325,154,171,252,118,134
C3713,31,0,0,State - LAKSHADWEEP  31,38,977,457,520,529,266,263,448,191,257
C3713,31,0,0,State - LAKSHADWEEP  31,39,541,277,264,280,151,129,261,126,135
C3713,31,0,0,State - LAKSHADWEEP  31,40,1009,508,501,534,257,277,475,251,224
C3713,31,0,0,State - LAKSHADWEEP  31,41,372,215,157,198,111,87,174,104,70
C3713,31,0,0,State - LAKSHADWEEP  31,42,671,381,290,352,199,153,319,182,137
C3713,31,0,0,State - LAKSHADWEEP  31,43,539,278,261,294,160,134,245,118,127
C3713,31,0,0,State - LAKSHADWEEP  31,44,412,221,191,217,122,95,195,99,96
C3713,31,0,0,State - LAKSHADWEEP  31,45,1059,531,528,561,263,298,498,268,230
C3713,31,0,0,State - LAKSHADWEEP  31,46,539,278,261,282,143,139,257,135,122
C3713,31,0,0,State - LAKSHADWEEP  31,47,437,252,185,229,133,96,208,119,89
C3713,31,0,0,State - LAKSHADWEEP  31,48,801,387,414,432,206,226,369,181,188
C3713,31,0,0,State - LAKSHADWEEP  31,49,417,221,196,229,128,101,188,93,95
C3713,31,0,0,State - LAKSHADWEEP  31,50,893,447,446,448,227,221,445,220,225
C3713,31,0,0,State - LAKSHADWEEP  31,51,286,167,119,153,88,65,133,79,54
C3713,31,0,0,State - LAKSHADWEEP  31,52,465,275,190,233,132,101,232,143,89
C3713,31,0,0,State - LAKSHADWEEP  31,53,332,191,141,173,94,79,159,97,62
C3713,31,0,0,State - LAKSHADWEEP  31,54,311,183,128,172,97,75,139,86,53
C3713,31,0,0,State - LAKSHADWEEP  31,55,769,366,403,398,197,201,371,169,202
C3713,31,0,0,State - LAKSHADWEEP  31,56,413,234,179,239,131,108,174,103,71
C3713,31,0,0,State - LAKSHADWEEP  31,57,237,159,78,121,84,37,116,75,41
C3713,31,0,0,State - LAKSHADWEEP  31,58,470,249,221,246,129,117,224,120,104
C3713,31,0,0,State - LAKSHADWEEP  31,59,215,132,83,112,70,42,103,62,41
C3713,31,0,0,State - LAKSHADWEEP  31,60,712,333,379,366,157,209,346,176,170
C3713,31,0,0,State - LAKSHADWEEP  31,61,173,86,87,98,46,52,75,40,35
C3713,31,0,0,State - LAKSHADWEEP  31,62,294,169,125,161,90,71,133,79,54
C3713,31,0,0,State - LAKSHADWEEP  31,63,180,96,84,108,56,52,72,40,32
C3713,31,0,0,State - LAKSHADWEEP  31,64,128,77,51,69,47,22,59,30,29
C3713,31,0,0,State - LAKSHADWEEP  31,65,488,247,241,245,130,115,243,117,126
C3713,31,0,0,State - LAKSHADWEEP  31,66,124,52,72,71,29,42,53,23,30
C3713,31,0,0,State - LAKSHADWEEP  31,67,90,46,44,46,23,23,44,23,21
C3713,31,0,0,State - LAKSHADWEEP  31,68,179,99,80,98,58,40,81,41,40
C3713,31,0,0,State - LAKSHADWEEP  31,69,74,43,31,44,20,24,30,23,7
C3713,31,0,0,State - LAKSHADWEEP  31,70,394,188,206,173,79,94,221,109,112
C3713,31,0,0,State - LAKSHADWEEP  31,71,53,27,26,34,17,17,19,10,9
C3713,31,0,0,State - LAKSHADWEEP  31,72,103,50,53,62,26,36,41,24,17
C3713,31,0,0,State - LAKSHADWEEP  31,73,51,25,26,25,7,18,26,18,8
C3713,31,0,0,State - LAKSHADWEEP  31,74,38,19,19,20,12,8,18,7,11
C3713,31,0,0,State - LAKSHADWEEP  31,75,163,88,75,74,40,34,89,48,41
C3713,31,0,0,State - LAKSHADWEEP  31,76,31,19,12,15,8,7,16,11,5
C3713,31,0,0,State - LAKSHADWEEP  31,77,12,7,5,3,1,2,9,6,3
C3713,31,0,0,State - LAKSHADWEEP  31,78,54,37,17,30,21,9,24,16,8
C3713,31,0,0,State - LAKSHADWEEP  31,79,7,1,6,5,0,5,2,1,1
C3713,31,0,0,State - LAKSHADWEEP  31,80,170,67,103,61,23,38,109,44,65
C3713,31,0,0,State - LAKSHADWEEP  31,81,19,15,4,13,10,3,6,5,1
C3713,31,0,0,State - LAKSHADWEEP  31,82,33,16,17,14,7,7,19,9,10
C3713,31,0,0,State - LAKSHADWEEP  31,83,10,8,2,7,6,1,3,2,1
C3713,31,0,0,State - LAKSHADWEEP  31,84,6,3,3,2,2,0,4,1,3
C3713,31,0,0,State - LAKSHADWEEP  31,85,50,25,25,19,10,9,31,15,16
C3713,31,0,0,State - LAKSHADWEEP  31,86,6,4,2,3,1,2,3,3,0
C3713,31,0,0,State - LAKSHADWEEP  31,87,4,2,2,2,1,1,2,1,1
C3713,31,0,0,State - LAKSHADWEEP  31,88,9,3,6,1,0,1,8,3,5
C3713,31,0,0,State - LAKSHADWEEP  31,89,3,3,0,1,1,0,2,2,0
C3713,31,0,0,State - LAKSHADWEEP  31,90,32,17,15,15,8,7,17,9,8
C3713,31,0,0,State - LAKSHADWEEP  31,91,6,2,4,4,0,4,2,2,0
C3713,31,0,0,State - LAKSHADWEEP  31,92,3,1,2,1,1,0,2,0,2
C3713,31,0,0,State - LAKSHADWEEP  31,93,0,0,0,0,0,0,0,0,0
C3713,31,0,0,State - LAKSHADWEEP  31,94,0,0,0,0,0,0,0,0,0
C3713,31,0,0,State - LAKSHADWEEP  31,95,13,5,8,4,2,2,9,3,6
C3713,31,0,0,State - LAKSHADWEEP  31,96,1,0,1,1,0,1,0,0,0
C3713,31,0,0,State - LAKSHADWEEP  31,97,2,2,0,1,1,0,1,1,0
C3713,31,0,0,State - LAKSHADWEEP  31,98,8,2,6,4,0,4,4,2,2
C3713,31,0,0,State - LAKSHADWEEP  31,99,1,0,1,1,0,1,0,0,0
C3713,31,0,0,State - LAKSHADWEEP  31,100+,5,0,5,2,0,2,3,0,3
C3713,31,0,0,State - LAKSHADWEEP  31,Age not stated,53,31,22,34,18,16,19,13,6
C3713,32,0,0,State - KERALA  32,All ages,31841374,15468614,16372760,23574449,11451282,12123167,8266925,4017332,4249593
C3713,32,0,0,State - KERALA  32,0,530406,268807,261599,400503,202830,197673,129903,65977,63926
C3713,32,0,0,State - KERALA  32,1,526226,269547,256679,395870,202834,193036,130356,66713,63643
C3713,32,0,0,State - KERALA  32,2,531961,271967,259994,401608,204994,196614,130353,66973,63380
C3713,32,0,0,State - KERALA  32,3,592756,299307,293449,447435,225617,221818,145321,73690,71631
C3713,32,0,0,State - KERALA  32,4,583815,299859,283956,439637,225766,213871,144178,74093,70085
C3713,32,0,0,State - KERALA  32,5,545221,279470,265751,411721,211062,200659,133500,68408,65092
C3713,32,0,0,State - KERALA  32,6,482761,246070,236691,360912,184130,176782,121849,61940,59909
C3713,32,0,0,State - KERALA  32,7,501471,254525,246946,374727,189816,184911,126744,64709,62035
C3713,32,0,0,State - KERALA  32,8,521674,265367,256307,392035,199547,192488,129639,65820,63819
C3713,32,0,0,State - KERALA  32,9,493054,250247,242807,371176,188296,182880,121878,61951,59927
C3713,32,0,0,State - KERALA  32,10,586773,302241,284532,440991,227403,213588,145782,74838,70944
C3713,32,0,0,State - KERALA  32,11,513612,262369,251243,384134,196364,187770,129478,66005,63473
C3713,32,0,0,State - KERALA  32,12,639568,329463,310105,484350,249455,234895,155218,80008,75210
C3713,32,0,0,State - KERALA  32,13,628616,315605,313011,474764,238342,236422,153852,77263,76589
C3713,32,0,0,State - KERALA  32,14,618631,314164,304467,466731,236816,229915,151900,77348,74552
C3713,32,0,0,State - KERALA  32,15,573822,292140,281682,431380,219625,211755,142442,72515,69927
C3713,32,0,0,State - KERALA  32,16,566852,284215,282637,425463,213265,212198,141389,70950,70439
C3713,32,0,0,State - KERALA  32,17,572550,285037,287513,427213,212314,214899,145337,72723,72614
C3713,32,0,0,State - KERALA  32,18,698637,347062,351575,526885,262392,264493,171752,84670,87082
C3713,32,0,0,State - KERALA  32,19,572645,276132,296513,426018,205683,220335,146627,70449,76178
C3713,32,0,0,State - KERALA  32,20,695218,334385,360833,519935,250173,269762,175283,84212,91071
C3713,32,0,0,State - KERALA  32,21,506758,252714,254044,373229,186580,186649,133529,66134,67395
C3713,32,0,0,State - KERALA  32,22,606333,294688,311645,451658,219604,232054,154675,75084,79591
C3713,32,0,0,State - KERALA  32,23,576069,275675,300394,427012,204904,222108,149057,70771,78286
C3713,32,0,0,State - KERALA  32,24,599612,283005,316607,442583,208936,233647,157029,74069,82960
C3713,32,0,0,State - KERALA  32,25,627651,288938,338713,467692,214923,252769,159959,74015,85944
C3713,32,0,0,State - KERALA  32,26,573980,271919,302061,419867,198885,220982,154113,73034,81079
C3713,32,0,0,State - KERALA  32,27,522536,247391,275145,383509,181117,202392,139027,66274,72753
C3713,32,0,0,State - KERALA  32,28,628181,287763,340418,463822,211622,252200,164359,76141,88218
C3713,32,0,0,State - KERALA  32,29,433847,200894,232953,315952,145643,170309,117895,55251,62644
C3713,32,0,0,State - KERALA  32,30,763644,351745,411899,566346,259947,306399,197298,91798,105500
C3713,32,0,0,State - KERALA  32,31,347418,172579,174839,250201,124281,125920,97217,48298,48919
C3713,32,0,0,State - KERALA  32,32,551764,261516,290248,401083,189553,211530,150681,71963,78718
C3713,32,0,0,State - KERALA  32,33,437792,205134,232658,317473,148377,169096,120319,56757,63562
C3713,32,0,0,State - KERALA  32,34,415845,194833,221012,300825,140203,160622,115020,54630,60390
C3713,32,0,0,State - KERALA  32,35,689160,319850,369310,514760,238063,276697,174400,81787,92613
C3713,32,0,0,State - KERALA  32,36,457268,215396,241872,332263,156110,176153,125005,59286,65719
C3713,32,0,0,State - KERALA  32,37,385860,181017,204843,282384,132270,150114,103476,48747,54729
C3713,32,0,0,State - KERALA  32,38,574269,267852,306417,421482,196019,225463,152787,71833,80954
C3713,32,0,0,State - KERALA  32,39,359797,170663,189134,259836,123217,136619,99961,47446,52515
C3713,32,0,0,State - KERALA  32,40,696100,334060,362040,515598,246764,268834,180502,87296,93206
C3713,32,0,0,State - KERALA  32,41,249816,130898,118918,178459,93789,84670,71357,37109,34248
C3713,32,0,0,State - KERALA  32,42,431331,217500,213831,310685,156635,154050,120646,60865,59781
C3713,32,0,0,State - KERALA  32,43,297343,142701,154642,213303,102067,111236,84040,40634,43406
C3713,32,0,0,State - KERALA  32,44,276694,135238,141456,197803,96281,101522,78891,38957,39934
C3713,32,0,0,State - KERALA  32,45,602055,292502,309553,449960,217782,232178,152095,74720,77375
C3713,32,0,0,State - KERALA  32,46,300828,147166,153662,215408,105169,110239,85420,41997,43423
C3713,32,0,0,State - KERALA  32,47,292634,144539,148095,211719,104213,107506,80915,40326,40589
C3713,32,0,0,State - KERALA  32,48,460191,228715,231476,335035,166004,169031,125156,62711,62445
C3713,32,0,0,State - KERALA  32,49,270436,139099,131337,193384,99340,94044,77052,39759,37293
C3713,32,0,0,State - KERALA  32,50,525221,248960,276261,388806,184245,204561,136415,64715,71700
C3713,32,0,0,State - KERALA  32,51,185133,100803,84330,130840,71456,59384,54293,29347,24946
C3713,32,0,0,State - KERALA  32,52,308201,161217,146984,219579,115057,104522,88622,46160,42462
C3713,32,0,0,State - KERALA  32,53,213304,109899,103405,150329,77319,73010,62975,32580,30395
C3713,32,0,0,State - KERALA  32,54,205661,103822,101839,144335,72734,71601,61326,31088,30238
C3713,32,0,0,State - KERALA  32,55,423940,195029,228911,317199,146535,170664,106741,48494,58247
C3713,32,0,0,State - KERALA  32,56,191642,94820,96822,137458,68004,69454,54184,26816,27368
C3713,32,0,0,State - KERALA  32,57,151451,74964,76487,109106,53745,55361,42345,21219,21126
C3713,32,0,0,State - KERALA  32,58,234942,111714,123228,170440,80618,89822,64502,31096,33406
C3713,32,0,0,State - KERALA  32,59,128269,65141,63128,91566,46174,45392,36703,18967,17736
C3713,32,0,0,State - KERALA  32,60,437834,190961,246873,330852,144808,186044,106982,46153,60829
C3713,32,0,0,State - KERALA  32,61,116704,59392,57312,84856,43120,41736,31848,16272,15576
C3713,32,0,0,State - KERALA  32,62,199827,96211,103616,145680,70207,75473,54147,26004,28143
C3713,32,0,0,State - KERALA  32,63,149327,71412,77915,107723,51419,56304,41604,19993,21611
C3713,32,0,0,State - KERALA  32,64,128444,62369,66075,91720,44426,47294,36724,17943,18781
C3713,32,0,0,State - KERALA  32,65,425184,181341,243843,320495,137699,182796,104689,43642,61047
C3713,32,0,0,State - KERALA  32,66,115542,53484,62058,84044,38990,45054,31498,14494,17004
C3713,32,0,0,State - KERALA  32,67,125485,60291,65194,92643,44776,47867,32842,15515,17327
C3713,32,0,0,State - KERALA  32,68,159196,68967,90229,116636,50677,65959,42560,18290,24270
C3713,32,0,0,State - KERALA  32,69,76608,35588,41020,55227,25713,29514,21381,9875,11506
C3713,32,0,0,State - KERALA  32,70,292654,120282,172372,221240,92296,128944,71414,27986,43428
C3713,32,0,0,State - KERALA  32,71,63050,32050,31000,45835,23475,22360,17215,8575,8640
C3713,32,0,0,State - KERALA  32,72,114164,53242,60922,83574,39531,44043,30590,13711,16879
C3713,32,0,0,State - KERALA  32,73,74909,34950,39959,54465,25623,28842,20444,9327,11117
C3713,32,0,0,State - KERALA  32,74,68645,32769,35876,49553,23916,25637,19092,8853,10239
C3713,32,0,0,State - KERALA  32,75,193100,78869,114231,146931,61091,85840,46169,17778,28391
C3713,32,0,0,State - KERALA  32,76,70473,33181,37292,51488,24552,26936,18985,8629,10356
C3713,32,0,0,State - KERALA  32,77,41805,19949,21856,30867,14805,16062,10938,5144,5794
C3713,32,0,0,State - KERALA  32,78,64992,28000,36992,48206,21032,27174,16786,6968,9818
C3713,32,0,0,State - KERALA  32,79,28719,13559,15160,20733,9904,10829,7986,3655,4331
C3713,32,0,0,State - KERALA  32,80,118710,46199,72511,90795,36081,54714,27915,10118,17797
C3713,32,0,0,State - KERALA  32,81,19860,9735,10125,14596,7213,7383,5264,2522,2742
C3713,32,0,0,State - KERALA  32,82,34962,15343,19619,25956,11635,14321,9006,3708,5298
C3713,32,0,0,State - KERALA  32,83,21197,9324,11873,15584,6934,8650,5613,2390,3223
C3713,32,0,0,State - KERALA  32,84,22493,9818,12675,16655,7423,9232,5838,2395,3443
C3713,32,0,0,State - KERALA  32,85,63057,23416,39641,48924,18722,30202,14133,4694,9439
C3713,32,0,0,State - KERALA  32,86,18080,7798,10282,13498,5978,7520,4582,1820,2762
C3713,32,0,0,State - KERALA  32,87,14028,6107,7921,10721,4755,5966,3307,1352,1955
C3713,32,0,0,State - KERALA  32,88,15153,6243,8910,11606,4864,6742,3547,1379,2168
C3713,32,0,0,State - KERALA  32,89,6994,3013,3981,5238,2298,2940,1756,715,1041
C3713,32,0,0,State - KERALA  32,90,23787,8165,15622,18720,6611,12109,5067,1554,3513
C3713,32,0,0,State - KERALA  32,91,3379,1511,1868,2540,1157,1383,839,354,485
C3713,32,0,0,State - KERALA  32,92,4813,2016,2797,3667,1582,2085,1146,434,712
C3713,32,0,0,State - KERALA  32,93,3390,1383,2007,2622,1098,1524,768,285,483
C3713,32,0,0,State - KERALA  32,94,2698,1164,1534,2095,933,1162,603,231,372
C3713,32,0,0,State - KERALA  32,95,6756,2320,4436,5478,1952,3526,1278,368,910
C3713,32,0,0,State - KERALA  32,96,2308,937,1371,1815,754,1061,493,183,310
C3713,32,0,0,State - KERALA  32,97,1617,700,917,1283,564,719,334,136,198
C3713,32,0,0,State - KERALA  32,98,2227,874,1353,1756,695,1061,471,179,292
C3713,32,0,0,State - KERALA  32,99,1340,589,751,1019,450,569,321,139,182
C3713,32,0,0,State - KERALA  32,100+,2164,690,1474,1776,570,1206,388,120,268
C3713,32,0,0,State - KERALA  32,Age not stated,26454,14064,12390,18860,10044,8816,7594,4020,3574
C3713,33,0,0,State - TAMIL NADU  33,All ages,62405679,31400909,31004770,34921681,17531494,17390187,27483998,13869415,13614583
C3713,33,0,0,State - TAMIL NADU  33,0,756525,386940,369585,441589,227284,214305,314936,159656,155280
C3713,33,0,0,State - TAMIL NADU  33,1,1052648,545335,507313,623263,324326,298937,429385,221009,208376
C3713,33,0,0,State - TAMIL NADU  33,2,1068761,548307,520454,636844,328053,308791,431917,220254,211663
C3713,33,0,0,State - TAMIL NADU  33,3,1153482,582059,571423,678285,343568,334717,475197,238491,236706
C3713,33,0,0,State - TAMIL NADU  33,4,1067046,557242,509804,619822,325220,294602,447224,232022,215202
C3713,33,0,0,State - TAMIL NADU  33,5,1108208,575431,532777,634167,330862,303305,474041,244569,229472
C3713,33,0,0,State - TAMIL NADU  33,6,1028490,530302,498188,598674,310682,287992,429816,219620,210196
C3713,33,0,0,State - TAMIL NADU  33,7,1151945,594075,557870,686361,354258,332103,465584,239817,225767
C3713,33,0,0,State - TAMIL NADU  33,8,1215263,617029,598234,725858,370496,355362,489405,246533,242872
C3713,33,0,0,State - TAMIL NADU  33,9,1096180,558557,537623,660489,338179,322310,435691,220378,215313
C3713,33,0,0,State - TAMIL NADU  33,10,1361472,706839,654633,798840,415721,383119,562632,291118,271514
C3713,33,0,0,State - TAMIL NADU  33,11,1032455,533545,498910,587871,304877,282994,444584,228668,215916
C3713,33,0,0,State - TAMIL NADU  33,12,1312936,680658,632278,774697,402925,371772,538239,277733,260506
C3713,33,0,0,State - TAMIL NADU  33,13,1204733,606677,598056,694582,351401,343181,510151,255276,254875
C3713,33,0,0,State - TAMIL NADU  33,14,1100730,559084,541646,620590,316861,303729,480140,242223,237917
C3713,33,0,0,State - TAMIL NADU  33,15,1279173,657144,622029,738847,380809,358038,540326,276335,263991
C3713,33,0,0,State - TAMIL NADU  33,16,1112887,557120,555767,616469,309894,306575,496418,247226,249192
C3713,33,0,0,State - TAMIL NADU  33,17,1140281,585151,555130,637292,328747,308545,502989,256404,246585
C3713,33,0,0,State - TAMIL NADU  33,18,1465308,738268,727040,830683,419408,411275,634625,318860,315765
C3713,33,0,0,State - TAMIL NADU  33,19,1186118,597912,588206,653769,332153,321616,532349,265759,266590
C3713,33,0,0,State - TAMIL NADU  33,20,1634126,790617,843509,931380,449418,481962,702746,341199,361547
C3713,33,0,0,State - TAMIL NADU  33,21,1030987,523971,507016,530579,274035,256544,500408,249936,250472
C3713,33,0,0,State - TAMIL NADU  33,22,1188175,582239,605936,647469,320283,327186,540706,261956,278750
C3713,33,0,0,State - TAMIL NADU  33,23,1054693,526538,528155,551046,280448,270598,503647,246090,257557
C3713,33,0,0,State - TAMIL NADU  33,24,893403,449549,443854,444217,226874,217343,449186,222675,226511
C3713,33,0,0,State - TAMIL NADU  33,25,1805633,819528,986105,1044177,471982,572195,761456,347546,413910
C3713,33,0,0,State - TAMIL NADU  33,26,905760,443085,462675,451761,222860,228901,453999,220225,233774
C3713,33,0,0,State - TAMIL NADU  33,27,1109895,561660,548235,589951,299411,290540,519944,262249,257695
C3713,33,0,0,State - TAMIL NADU  33,28,1155426,529693,625733,602224,272604,329620,553202,257089,296113
C3713,33,0,0,State - TAMIL NADU  33,29,742356,378941,363415,365378,185372,180006,376978,193569,183409
C3713,33,0,0,State - TAMIL NADU  33,30,1996984,942563,1054421,1137701,530637,607064,859283,411926,447357
C3713,33,0,0,State - TAMIL NADU  33,31,538404,301612,236792,257311,143605,113706,281093,158007,123086
C3713,33,0,0,State - TAMIL NADU  33,32,990643,504049,486594,507630,254867,252763,483013,249182,233831
C3713,33,0,0,State - TAMIL NADU  33,33,649332,331005,318327,321246,162970,158276,328086,168035,160051
C3713,33,0,0,State - TAMIL NADU  33,34,512436,265183,247253,239430,122254,117176,273006,142929,130077
C3713,33,0,0,State - TAMIL NADU  33,35,2096625,1009128,1087497,1235163,585926,649237,861462,423202,438260
C3713,33,0,0,State - TAMIL NADU  33,36,690607,336011,354596,348454,166206,182248,342153,169805,172348
C3713,33,0,0,State - TAMIL NADU  33,37,701582,361638,339944,376020,192594,183426,325562,169044,156518
C3713,33,0,0,State - TAMIL NADU  33,38,942347,443036,499311,494042,225169,268873,448305,217867,230438
C3713,33,0,0,State - TAMIL NADU  33,39,487919,247114,240805,244919,120780,124139,243000,126334,116666
C3713,33,0,0,State - TAMIL NADU  33,40,1978938,1002883,976055,1159937,582731,577206,819001,420152,398849
C3713,33,0,0,State - TAMIL NADU  33,41,353514,201023,152491,176340,99642,76698,177174,101381,75793
C3713,33,0,0,State - TAMIL NADU  33,42,707640,383771,323869,363659,194928,168731,343981,188843,155138
C3713,33,0,0,State - TAMIL NADU  33,43,438554,227114,211440,218079,110960,107119,220475,116154,104321
C3713,33,0,0,State - TAMIL NADU  33,44,307695,163878,143817,141510,74240,67270,166185,89638,76547
C3713,33,0,0,State - TAMIL NADU  33,45,1803164,899937,903227,1082629,534371,548258,720535,365566,354969
C3713,33,0,0,State - TAMIL NADU  33,46,403095,209335,193760,205659,104416,101243,197436,104919,92517
C3713,33,0,0,State - TAMIL NADU  33,47,451817,242013,209804,237932,125537,112395,213885,116476,97409
C3713,33,0,0,State - TAMIL NADU  33,48,643005,323254,319751,341388,166597,174791,301617,156657,144960
C3713,33,0,0,State - TAMIL NADU  33,49,309792,168431,141361,156639,82276,74363,153153,86155,66998
C3713,33,0,0,State - TAMIL NADU  33,50,1574504,755798,818706,958979,459443,499536,615525,296355,319170
C3713,33,0,0,State - TAMIL NADU  33,51,253909,150902,103007,126986,73674,53312,126923,77228,49695
C3713,33,0,0,State - TAMIL NADU  33,52,469866,262239,207627,241713,131983,109730,228153,130256,97897
C3713,33,0,0,State - TAMIL NADU  33,53,277521,152573,124948,135174,72440,62734,142347,80133,62214
C3713,33,0,0,State - TAMIL NADU  33,54,241673,131378,110295,115113,60891,54222,126560,70487,56073
C3713,33,0,0,State - TAMIL NADU  33,55,1230986,571903,659083,760246,355960,404286,470740,215943,254797
C3713,33,0,0,State - TAMIL NADU  33,56,262080,139332,122748,140405,73128,67277,121675,66204,55471
C3713,33,0,0,State - TAMIL NADU  33,57,227974,125253,102721,123919,67875,56044,104055,57378,46677
C3713,33,0,0,State - TAMIL NADU  33,58,354701,176676,178025,191011,91996,99015,163690,84680,79010
C3713,33,0,0,State - TAMIL NADU  33,59,156935,88793,68142,79677,43444,36233,77258,45349,31909
C3713,33,0,0,State - TAMIL NADU  33,60,1368728,636127,732601,861380,407475,453905,507348,228652,278696
C3713,33,0,0,State - TAMIL NADU  33,61,143369,84211,59158,76976,44182,32794,66393,40029,26364
C3713,33,0,0,State - TAMIL NADU  33,62,254016,139900,114116,137766,74683,63083,116250,65217,51033
C3713,33,0,0,State - TAMIL NADU  33,63,166425,92012,74413,83998,45434,38564,82427,46578,35849
C3713,33,0,0,State - TAMIL NADU  33,64,117253,66838,50415,55458,31254,24204,61795,35584,26211
C3713,33,0,0,State - TAMIL NADU  33,65,905196,416368,488828,559115,262396,296719,346081,153972,192109
C3713,33,0,0,State - TAMIL NADU  33,66,108677,58025,50652,55715,29221,26494,52962,28804,24158
C3713,33,0,0,State - TAMIL NADU  33,67,129401,73461,55940,67658,38702,28956,61743,34759,26984
C3713,33,0,0,State - TAMIL NADU  33,68,157403,76369,81034,83580,39591,43989,73823,36778,37045
C3713,33,0,0,State - TAMIL NADU  33,69,74249,39408,34841,38220,19600,18620,36029,19808,16221
C3713,33,0,0,State - TAMIL NADU  33,70,751734,360393,391341,469055,232950,236105,282679,127443,155236
C3713,33,0,0,State - TAMIL NADU  33,71,59970,35145,24825,32392,18474,13918,27578,16671,10907
C3713,33,0,0,State - TAMIL NADU  33,72,109561,60908,48653,56725,31709,25016,52836,29199,23637
C3713,33,0,0,State - TAMIL NADU  33,73,59861,34512,25349,28729,16660,12069,31132,17852,13280
C3713,33,0,0,State - TAMIL NADU  33,74,49793,29296,20497,22487,13425,9062,27306,15871,11435
C3713,33,0,0,State - TAMIL NADU  33,75,342694,172187,170507,205824,107527,98297,136870,64660,72210
C3713,33,0,0,State - TAMIL NADU  33,76,50408,28788,21620,24912,14370,10542,25496,14418,11078
C3713,33,0,0,State - TAMIL NADU  33,77,34789,21625,13164,16934,10721,6213,17855,10904,6951
C3713,33,0,0,State - TAMIL NADU  33,78,47522,25548,21974,22728,12306,10422,24794,13242,11552
C3713,33,0,0,State - TAMIL NADU  33,79,23147,13546,9601,11107,6407,4700,12040,7139,4901
C3713,33,0,0,State - TAMIL NADU  33,80,253563,118292,135271,153616,75226,78390,99947,43066,56881
C3713,33,0,0,State - TAMIL NADU  33,81,19765,11994,7771,10175,6103,4072,9590,5891,3699
C3713,33,0,0,State - TAMIL NADU  33,82,29224,16159,13065,14409,8212,6197,14815,7947,6868
C3713,33,0,0,State - TAMIL NADU  33,83,16714,9567,7147,7464,4424,3040,9250,5143,4107
C3713,33,0,0,State - TAMIL NADU  33,84,14286,8357,5929,6071,3647,2424,8215,4710,3505
C3713,33,0,0,State - TAMIL NADU  33,85,84150,40232,43918,48153,24638,23515,35997,15594,20403
C3713,33,0,0,State - TAMIL NADU  33,86,12816,7109,5707,5955,3470,2485,6861,3639,3222
C3713,33,0,0,State - TAMIL NADU  33,87,11224,6423,4801,5355,3224,2131,5869,3199,2670
C3713,33,0,0,State - TAMIL NADU  33,88,11585,5952,5633,5472,2857,2615,6113,3095,3018
C3713,33,0,0,State - TAMIL NADU  33,89,6525,3473,3052,3095,1672,1423,3430,1801,1629
C3713,33,0,0,State - TAMIL NADU  33,90,43571,19126,24445,26084,12214,13870,17487,6912,10575
C3713,33,0,0,State - TAMIL NADU  33,91,5106,2781,2325,2417,1344,1073,2689,1437,1252
C3713,33,0,0,State - TAMIL NADU  33,92,5490,2841,2649,2613,1378,1235,2877,1463,1414
C3713,33,0,0,State - TAMIL NADU  33,93,3902,2078,1824,1819,999,820,2083,1079,1004
C3713,33,0,0,State - TAMIL NADU  33,94,2898,1565,1333,1282,716,566,1616,849,767
C3713,33,0,0,State - TAMIL NADU  33,95,12877,5814,7063,7599,3615,3984,5278,2199,3079
C3713,33,0,0,State - TAMIL NADU  33,96,3696,1886,1810,1784,916,868,1912,970,942
C3713,33,0,0,State - TAMIL NADU  33,97,3421,1802,1619,1757,945,812,1664,857,807
C3713,33,0,0,State - TAMIL NADU  33,98,4457,2114,2343,2395,1146,1249,2062,968,1094
C3713,33,0,0,State - TAMIL NADU  33,99,3608,1858,1750,1845,952,893,1763,906,857
C3713,33,0,0,State - TAMIL NADU  33,100+,4326,1710,2616,2629,1059,1570,1697,651,1046
C3713,33,0,0,State - TAMIL NADU  33,Age not stated,428942,223788,205154,162848,85099,77749,266094,138689,127405
C3713,34,0,0,State - PONDICHERRY  34,All ages,974345,486961,487384,325726,163703,162023,648619,323258,325361
C3713,34,0,0,State - PONDICHERRY  34,0,15201,7602,7599,5390,2708,2682,9811,4894,4917
C3713,34,0,0,State - PONDICHERRY  34,1,16945,8581,8364,5994,3049,2945,10951,5532,5419
C3713,34,0,0,State - PONDICHERRY  34,2,16501,8301,8200,5990,2991,2999,10511,5310,5201
C3713,34,0,0,State - PONDICHERRY  34,3,18504,9455,9049,6706,3440,3266,11798,6015,5783
C3713,34,0,0,State - PONDICHERRY  34,4,17466,8991,8475,6458,3312,3146,11008,5679,5329
C3713,34,0,0,State - PONDICHERRY  34,5,17141,8797,8344,6109,3136,2973,11032,5661,5371
C3713,34,0,0,State - PONDICHERRY  34,6,15401,7838,7563,5174,2624,2550,10227,5214,5013
C3713,34,0,0,State - PONDICHERRY  34,7,16511,8449,8062,5784,2970,2814,10727,5479,5248
C3713,34,0,0,State - PONDICHERRY  34,8,18012,9142,8870,6356,3223,3133,11656,5919,5737
C3713,34,0,0,State - PONDICHERRY  34,9,16588,8514,8074,6073,3145,2928,10515,5369,5146
C3713,34,0,0,State - PONDICHERRY  34,10,20318,10478,9840,7169,3743,3426,13149,6735,6414
C3713,34,0,0,State - PONDICHERRY  34,11,17130,8806,8324,6054,3073,2981,11076,5733,5343
C3713,34,0,0,State - PONDICHERRY  34,12,20283,10391,9892,7037,3559,3478,13246,6832,6414
C3713,34,0,0,State - PONDICHERRY  34,13,18991,9476,9515,6642,3284,3358,12349,6192,6157
C3713,34,0,0,State - PONDICHERRY  34,14,17694,8940,8754,6206,3161,3045,11488,5779,5709
C3713,34,0,0,State - PONDICHERRY  34,15,18348,9434,8914,6509,3328,3181,11839,6106,5733
C3713,34,0,0,State - PONDICHERRY  34,16,18084,9154,8930,6279,3229,3050,11805,5925,5880
C3713,34,0,0,State - PONDICHERRY  34,17,18588,9510,9078,6494,3375,3119,12094,6135,5959
C3713,34,0,0,State - PONDICHERRY  34,18,23520,11827,11693,8211,4192,4019,15309,7635,7674
C3713,34,0,0,State - PONDICHERRY  34,19,19148,9473,9675,6522,3234,3288,12626,6239,6387
C3713,34,0,0,State - PONDICHERRY  34,20,24487,11873,12614,8366,4049,4317,16121,7824,8297
C3713,34,0,0,State - PONDICHERRY  34,21,17313,8720,8593,5513,2825,2688,11800,5895,5905
C3713,34,0,0,State - PONDICHERRY  34,22,20015,9826,10189,6679,3402,3277,13336,6424,6912
C3713,34,0,0,State - PONDICHERRY  34,23,17830,8706,9124,5791,2894,2897,12039,5812,6227
C3713,34,0,0,State - PONDICHERRY  34,24,18049,8903,9146,5763,2913,2850,12286,5990,6296
C3713,34,0,0,State - PONDICHERRY  34,25,23933,10826,13107,8341,3724,4617,15592,7102,8490
C3713,34,0,0,State - PONDICHERRY  34,26,18574,8930,9644,5765,2831,2934,12809,6099,6710
C3713,34,0,0,State - PONDICHERRY  34,27,18046,8882,9164,5844,2925,2919,12202,5957,6245
C3713,34,0,0,State - PONDICHERRY  34,28,21100,9999,11101,6830,3254,3576,14270,6745,7525
C3713,34,0,0,State - PONDICHERRY  34,29,14862,7337,7525,4565,2273,2292,10297,5064,5233
C3713,34,0,0,State - PONDICHERRY  34,30,26770,12834,13936,9109,4320,4789,17661,8514,9147
C3713,34,0,0,State - PONDICHERRY  34,31,12073,6567,5506,3509,1963,1546,8564,4604,3960
C3713,34,0,0,State - PONDICHERRY  34,32,17749,9138,8611,5519,2916,2603,12230,6222,6008
C3713,34,0,0,State - PONDICHERRY  34,33,12289,6228,6061,3559,1833,1726,8730,4395,4335
C3713,34,0,0,State - PONDICHERRY  34,34,12340,6491,5849,3637,2010,1627,8703,4481,4222
C3713,34,0,0,State - PONDICHERRY  34,35,24671,12197,12474,8830,4398,4432,15841,7799,8042
C3713,34,0,0,State - PONDICHERRY  34,36,14649,7296,7353,4639,2291,2348,10010,5005,5005
C3713,34,0,0,State - PONDICHERRY  34,37,12366,6551,5815,3904,2082,1822,8462,4469,3993
C3713,34,0,0,State - PONDICHERRY  34,38,16148,8041,8107,4965,2477,2488,11183,5564,5619
C3713,34,0,0,State - PONDICHERRY  34,39,10585,5556,5029,3203,1681,1522,7382,3875,3507
C3713,34,0,0,State - PONDICHERRY  34,40,22506,11598,10908,7790,4048,3742,14716,7550,7166
C3713,34,0,0,State - PONDICHERRY  34,41,8429,4837,3592,2479,1426,1053,5950,3411,2539
C3713,34,0,0,State - PONDICHERRY  34,42,12630,6926,5704,3806,2062,1744,8824,4864,3960
C3713,34,0,0,State - PONDICHERRY  34,43,8063,4357,3706,2213,1210,1003,5850,3147,2703
C3713,34,0,0,State - PONDICHERRY  34,44,7454,3919,3535,2020,1088,932,5434,2831,2603
C3713,34,0,0,State - PONDICHERRY  34,45,18452,9174,9278,6735,3321,3414,11717,5853,5864
C3713,34,0,0,State - PONDICHERRY  34,46,8270,4371,3899,2503,1298,1205,5767,3073,2694
C3713,34,0,0,State - PONDICHERRY  34,47,7424,3917,3507,2202,1151,1051,5222,2766,2456
C3713,34,0,0,State - PONDICHERRY  34,48,10042,5162,4880,3026,1510,1516,7016,3652,3364
C3713,34,0,0,State - PONDICHERRY  34,49,6294,3477,2817,1899,1069,830,4395,2408,1987
C3713,34,0,0,State - PONDICHERRY  34,50,15033,7022,8011,5252,2384,2868,9781,4638,5143
C3713,34,0,0,State - PONDICHERRY  34,51,5493,3183,2310,1616,927,689,3877,2256,1621
C3713,34,0,0,State - PONDICHERRY  34,52,7953,4321,3632,2452,1310,1142,5501,3011,2490
C3713,34,0,0,State - PONDICHERRY  34,53,5018,2732,2286,1383,732,651,3635,2000,1635
C3713,34,0,0,State - PONDICHERRY  34,54,5345,2819,2526,1531,801,730,3814,2018,1796
C3713,34,0,0,State - PONDICHERRY  34,55,12317,5252,7065,4589,1957,2632,7728,3295,4433
C3713,34,0,0,State - PONDICHERRY  34,56,4866,2349,2517,1608,741,867,3258,1608,1650
C3713,34,0,0,State - PONDICHERRY  34,57,3751,1952,1799,1177,623,554,2574,1329,1245
C3713,34,0,0,State - PONDICHERRY  34,58,5455,2693,2762,1835,849,986,3620,1844,1776
C3713,34,0,0,State - PONDICHERRY  34,59,3498,1897,1601,1074,572,502,2424,1325,1099
C3713,34,0,0,State - PONDICHERRY  34,60,13722,5545,8177,5213,2160,3053,8509,3385,5124
C3713,34,0,0,State - PONDICHERRY  34,61,3537,1845,1692,1176,625,551,2361,1220,1141
C3713,34,0,0,State - PONDICHERRY  34,62,4739,2355,2384,1565,799,766,3174,1556,1618
C3713,34,0,0,State - PONDICHERRY  34,63,3346,1725,1621,964,499,465,2382,1226,1156
C3713,34,0,0,State - PONDICHERRY  34,64,3280,1700,1580,957,511,446,2323,1189,1134
C3713,34,0,0,State - PONDICHERRY  34,65,10766,4324,6442,3958,1671,2287,6808,2653,4155
C3713,34,0,0,State - PONDICHERRY  34,66,2499,1282,1217,771,387,384,1728,895,833
C3713,34,0,0,State - PONDICHERRY  34,67,2534,1285,1249,743,399,344,1791,886,905
C3713,34,0,0,State - PONDICHERRY  34,68,2832,1248,1584,809,367,442,2023,881,1142
C3713,34,0,0,State - PONDICHERRY  34,69,1848,900,948,573,296,277,1275,604,671
C3713,34,0,0,State - PONDICHERRY  34,70,8563,3380,5183,3105,1335,1770,5458,2045,3413
C3713,34,0,0,State - PONDICHERRY  34,71,1525,805,720,477,265,212,1048,540,508
C3713,34,0,0,State - PONDICHERRY  34,72,2452,1165,1287,760,398,362,1692,767,925
C3713,34,0,0,State - PONDICHERRY  34,73,1291,697,594,333,186,147,958,511,447
C3713,34,0,0,State - PONDICHERRY  34,74,1432,715,717,381,214,167,1051,501,550
C3713,34,0,0,State - PONDICHERRY  34,75,4645,1961,2684,1522,735,787,3123,1226,1897
C3713,34,0,0,State - PONDICHERRY  34,76,1286,636,650,381,199,182,905,437,468
C3713,34,0,0,State - PONDICHERRY  34,77,740,387,353,204,128,76,536,259,277
C3713,34,0,0,State - PONDICHERRY  34,78,1074,506,568,258,140,118,816,366,450
C3713,34,0,0,State - PONDICHERRY  34,79,689,348,341,195,109,86,494,239,255
C3713,34,0,0,State - PONDICHERRY  34,80,3020,1216,1804,986,447,539,2034,769,1265
C3713,34,0,0,State - PONDICHERRY  34,81,551,304,247,181,94,87,370,210,160
C3713,34,0,0,State - PONDICHERRY  34,82,678,313,365,174,92,82,504,221,283
C3713,34,0,0,State - PONDICHERRY  34,83,386,208,178,120,73,47,266,135,131
C3713,34,0,0,State - PONDICHERRY  34,84,437,216,221,108,68,40,329,148,181
C3713,34,0,0,State - PONDICHERRY  34,85,1156,470,686,359,171,188,797,299,498
C3713,34,0,0,State - PONDICHERRY  34,86,316,175,141,87,51,36,229,124,105
C3713,34,0,0,State - PONDICHERRY  34,87,249,121,128,80,46,34,169,75,94
C3713,34,0,0,State - PONDICHERRY  34,88,219,97,122,64,31,33,155,66,89
C3713,34,0,0,State - PONDICHERRY  34,89,143,73,70,40,21,19,103,52,51
C3713,34,0,0,State - PONDICHERRY  34,90,492,180,312,166,73,93,326,107,219
C3713,34,0,0,State - PONDICHERRY  34,91,74,47,27,20,13,7,54,34,20
C3713,34,0,0,State - PONDICHERRY  34,92,98,49,49,27,17,10,71,32,39
C3713,34,0,0,State - PONDICHERRY  34,93,52,24,28,14,7,7,38,17,21
C3713,34,0,0,State - PONDICHERRY  34,94,51,24,27,18,8,10,33,16,17
C3713,34,0,0,State - PONDICHERRY  34,95,127,58,69,43,27,16,84,31,53
C3713,34,0,0,State - PONDICHERRY  34,96,49,30,19,10,7,3,39,23,16
C3713,34,0,0,State - PONDICHERRY  34,97,20,9,11,9,5,4,11,4,7
C3713,34,0,0,State - PONDICHERRY  34,98,46,21,25,13,4,9,33,17,16
C3713,34,0,0,State - PONDICHERRY  34,99,17,10,7,5,2,3,12,8,4
C3713,34,0,0,State - PONDICHERRY  34,100+,35,7,28,7,0,7,28,7,21
C3713,34,0,0,State - PONDICHERRY  34,Age not stated,813,482,331,172,107,65,641,375,266
C3713,35,0,0,State - ANDAMAN & NICOBAR ISLANDS  35,All ages,356152,192972,163180,239954,128961,110993,116198,64011,52187
C3713,35,0,0,State - ANDAMAN & NICOBAR ISLANDS  35,0,5167,2642,2525,3697,1875,1822,1470,767,703
C3713,35,0,0,State - ANDAMAN & NICOBAR ISLANDS  35,1,5994,3076,2918,4100,2103,1997,1894,973,921
C3713,35,0,0,State - ANDAMAN & NICOBAR ISLANDS  35,2,6447,3289,3158,4605,2328,2277,1842,961,881
C3713,35,0,0,State - ANDAMAN & NICOBAR ISLANDS  35,3,6854,3473,3381,4860,2460,2400,1994,1013,981
C3713,35,0,0,State - ANDAMAN & NICOBAR ISLANDS  35,4,6779,3476,3303,4814,2445,2369,1965,1031,934
C3713,35,0,0,State - ANDAMAN & NICOBAR ISLANDS  35,5,6959,3563,3396,4838,2469,2369,2121,1094,1027
C3713,35,0,0,State - ANDAMAN & NICOBAR ISLANDS  35,6,6581,3366,3215,4529,2316,2213,2052,1050,1002
C3713,35,0,0,State - ANDAMAN & NICOBAR ISLANDS  35,7,6757,3446,3311,4660,2385,2275,2097,1061,1036
C3713,35,0,0,State - ANDAMAN & NICOBAR ISLANDS  35,8,7302,3713,3589,5030,2586,2444,2272,1127,1145
C3713,35,0,0,State - ANDAMAN & NICOBAR ISLANDS  35,9,6450,3222,3228,4450,2197,2253,2000,1025,975
C3713,35,0,0,State - ANDAMAN & NICOBAR ISLANDS  35,10,8491,4379,4112,5873,3040,2833,2618,1339,1279
C3713,35,0,0,State - ANDAMAN & NICOBAR ISLANDS  35,11,6675,3437,3238,4626,2382,2244,2049,1055,994
C3713,35,0,0,State - ANDAMAN & NICOBAR ISLANDS  35,12,8629,4504,4125,6116,3203,2913,2513,1301,1212
C3713,35,0,0,State - ANDAMAN & NICOBAR ISLANDS  35,13,7388,3725,3663,5065,2524,2541,2323,1201,1122
C3713,35,0,0,State - ANDAMAN & NICOBAR ISLANDS  35,14,7571,3879,3692,5344,2766,2578,2227,1113,1114
C3713,35,0,0,State - ANDAMAN & NICOBAR ISLANDS  35,15,7572,3946,3626,5220,2696,2524,2352,1250,1102
C3713,35,0,0,State - ANDAMAN & NICOBAR ISLANDS  35,16,7698,4029,3669,5372,2830,2542,2326,1199,1127
C3713,35,0,0,State - ANDAMAN & NICOBAR ISLANDS  35,17,6712,3707,3005,4568,2511,2057,2144,1196,948
C3713,35,0,0,State - ANDAMAN & NICOBAR ISLANDS  35,18,9460,5310,4150,6526,3640,2886,2934,1670,1264
C3713,35,0,0,State - ANDAMAN & NICOBAR ISLANDS  35,19,7006,3809,3197,4608,2455,2153,2398,1354,1044
C3713,35,0,0,State - ANDAMAN & NICOBAR ISLANDS  35,20,9803,5345,4458,6329,3327,3002,3474,2018,1456
C3713,35,0,0,State - ANDAMAN & NICOBAR ISLANDS  35,21,6673,3708,2965,4243,2318,1925,2430,1390,1040
C3713,35,0,0,State - ANDAMAN & NICOBAR ISLANDS  35,22,8087,4468,3619,5246,2862,2384,2841,1606,1235
C3713,35,0,0,State - ANDAMAN & NICOBAR ISLANDS  35,23,6752,3677,3075,4245,2250,1995,2507,1427,1080
C3713,35,0,0,State - ANDAMAN & NICOBAR ISLANDS  35,24,6975,3758,3217,4364,2269,2095,2611,1489,1122
C3713,35,0,0,State - ANDAMAN & NICOBAR ISLANDS  35,25,9685,5125,4560,6307,3289,3018,3378,1836,1542
C3713,35,0,0,State - ANDAMAN & NICOBAR ISLANDS  35,26,7221,3783,3438,4638,2417,2221,2583,1366,1217
C3713,35,0,0,State - ANDAMAN & NICOBAR ISLANDS  35,27,6297,3353,2944,3971,2085,1886,2326,1268,1058
C3713,35,0,0,State - ANDAMAN & NICOBAR ISLANDS  35,28,8572,4436,4136,5537,2837,2700,3035,1599,1436
C3713,35,0,0,State - ANDAMAN & NICOBAR ISLANDS  35,29,4976,2686,2290,3019,1591,1428,1957,1095,862
C3713,35,0,0,State - ANDAMAN & NICOBAR ISLANDS  35,30,11149,6045,5104,7327,3841,3486,3822,2204,1618
C3713,35,0,0,State - ANDAMAN & NICOBAR ISLANDS  35,31,3584,2139,1445,2197,1279,918,1387,860,527
C3713,35,0,0,State - ANDAMAN & NICOBAR ISLANDS  35,32,6389,3538,2851,4141,2286,1855,2248,1252,996
C3713,35,0,0,State - ANDAMAN & NICOBAR ISLANDS  35,33,3756,2081,1675,2360,1283,1077,1396,798,598
C3713,35,0,0,State - ANDAMAN & NICOBAR ISLANDS  35,34,3721,2108,1613,2338,1324,1014,1383,784,599
C3713,35,0,0,State - ANDAMAN & NICOBAR ISLANDS  35,35,10553,5765,4788,7060,3849,3211,3493,1916,1577
C3713,35,0,0,State - ANDAMAN & NICOBAR ISLANDS  35,36,4722,2459,2263,3025,1572,1453,1697,887,810
C3713,35,0,0,State - ANDAMAN & NICOBAR ISLANDS  35,37,3575,1898,1677,2304,1239,1065,1271,659,612
C3713,35,0,0,State - ANDAMAN & NICOBAR ISLANDS  35,38,6298,3256,3042,4082,2095,1987,2216,1161,1055
C3713,35,0,0,State - ANDAMAN & NICOBAR ISLANDS  35,39,3383,1813,1570,2178,1156,1022,1205,657,548
C3713,35,0,0,State - ANDAMAN & NICOBAR ISLANDS  35,40,9465,5270,4195,6468,3598,2870,2997,1672,1325
C3713,35,0,0,State - ANDAMAN & NICOBAR ISLANDS  35,41,2414,1467,947,1501,900,601,913,567,346
C3713,35,0,0,State - ANDAMAN & NICOBAR ISLANDS  35,42,4203,2492,1711,2715,1618,1097,1488,874,614
C3713,35,0,0,State - ANDAMAN & NICOBAR ISLANDS  35,43,2546,1368,1178,1613,872,741,933,496,437
C3713,35,0,0,State - ANDAMAN & NICOBAR ISLANDS  35,44,1981,1123,858,1233,691,542,748,432,316
C3713,35,0,0,State - ANDAMAN & NICOBAR ISLANDS  35,45,8260,4737,3523,5728,3260,2468,2532,1477,1055
C3713,35,0,0,State - ANDAMAN & NICOBAR ISLANDS  35,46,2723,1544,1179,1725,988,737,998,556,442
C3713,35,0,0,State - ANDAMAN & NICOBAR ISLANDS  35,47,2134,1273,861,1335,813,522,799,460,339
C3713,35,0,0,State - ANDAMAN & NICOBAR ISLANDS  35,48,4005,2336,1669,2722,1601,1121,1283,735,548
C3713,35,0,0,State - ANDAMAN & NICOBAR ISLANDS  35,49,1955,1177,778,1241,739,502,714,438,276
C3713,35,0,0,State - ANDAMAN & NICOBAR ISLANDS  35,50,6096,3536,2560,4193,2420,1773,1903,1116,787
C3713,35,0,0,State - ANDAMAN & NICOBAR ISLANDS  35,51,1440,998,442,880,589,291,560,409,151
C3713,35,0,0,State - ANDAMAN & NICOBAR ISLANDS  35,52,2362,1508,854,1560,965,595,802,543,259
C3713,35,0,0,State - ANDAMAN & NICOBAR ISLANDS  35,53,1352,850,502,872,540,332,480,310,170
C3713,35,0,0,State - ANDAMAN & NICOBAR ISLANDS  35,54,1399,894,505,927,582,345,472,312,160
C3713,35,0,0,State - ANDAMAN & NICOBAR ISLANDS  35,55,4255,2460,1795,3016,1720,1296,1239,740,499
C3713,35,0,0,State - ANDAMAN & NICOBAR ISLANDS  35,56,1508,967,541,1057,660,397,451,307,144
C3713,35,0,0,State - ANDAMAN & NICOBAR ISLANDS  35,57,979,656,323,673,442,231,306,214,92
C3713,35,0,0,State - ANDAMAN & NICOBAR ISLANDS  35,58,1794,1140,654,1260,795,465,534,345,189
C3713,35,0,0,State - ANDAMAN & NICOBAR ISLANDS  35,59,973,698,275,696,486,210,277,212,65
C3713,35,0,0,State - ANDAMAN & NICOBAR ISLANDS  35,60,3652,1996,1656,2731,1496,1235,921,500,421
C3713,35,0,0,State - ANDAMAN & NICOBAR ISLANDS  35,61,673,461,212,466,324,142,207,137,70
C3713,35,0,0,State - ANDAMAN & NICOBAR ISLANDS  35,62,1025,647,378,770,490,280,255,157,98
C3713,35,0,0,State - ANDAMAN & NICOBAR ISLANDS  35,63,627,366,261,452,261,191,175,105,70
C3713,35,0,0,State - ANDAMAN & NICOBAR ISLANDS  35,64,519,320,199,361,220,141,158,100,58
C3713,35,0,0,State - ANDAMAN & NICOBAR ISLANDS  35,65,2657,1434,1223,2043,1115,928,614,319,295
C3713,35,0,0,State - ANDAMAN & NICOBAR ISLANDS  35,66,536,329,207,365,230,135,171,99,72
C3713,35,0,0,State - ANDAMAN & NICOBAR ISLANDS  35,67,446,285,161,329,211,118,117,74,43
C3713,35,0,0,State - ANDAMAN & NICOBAR ISLANDS  35,68,683,408,275,512,305,207,171,103,68
C3713,35,0,0,State - ANDAMAN & NICOBAR ISLANDS  35,69,366,203,163,278,155,123,88,48,40
C3713,35,0,0,State - ANDAMAN & NICOBAR ISLANDS  35,70,1974,1041,933,1560,842,718,414,199,215
C3713,35,0,0,State - ANDAMAN & NICOBAR ISLANDS  35,71,231,144,87,165,102,63,66,42,24
C3713,35,0,0,State - ANDAMAN & NICOBAR ISLANDS  35,72,400,240,160,299,178,121,101,62,39
C3713,35,0,0,State - ANDAMAN & NICOBAR ISLANDS  35,73,225,125,100,168,96,72,57,29,28
C3713,35,0,0,State - ANDAMAN & NICOBAR ISLANDS  35,74,153,104,49,106,70,36,47,34,13
C3713,35,0,0,State - ANDAMAN & NICOBAR ISLANDS  35,75,943,499,444,767,410,357,176,89,87
C3713,35,0,0,State - ANDAMAN & NICOBAR ISLANDS  35,76,206,120,86,155,89,66,51,31,20
C3713,35,0,0,State - ANDAMAN & NICOBAR ISLANDS  35,77,110,78,32,91,68,23,19,10,9
C3713,35,0,0,State - ANDAMAN & NICOBAR ISLANDS  35,78,196,123,73,149,95,54,47,28,19
C3713,35,0,0,State - ANDAMAN & NICOBAR ISLANDS  35,79,79,49,30,55,36,19,24,13,11
C3713,35,0,0,State - ANDAMAN & NICOBAR ISLANDS  35,80,616,316,300,499,251,248,117,65,52
C3713,35,0,0,State - ANDAMAN & NICOBAR ISLANDS  35,81,74,41,33,50,27,23,24,14,10
C3713,35,0,0,State - ANDAMAN & NICOBAR ISLANDS  35,82,103,62,41,78,49,29,25,13,12
C3713,35,0,0,State - ANDAMAN & NICOBAR ISLANDS  35,83,51,24,27,44,20,24,7,4,3
C3713,35,0,0,State - ANDAMAN & NICOBAR ISLANDS  35,84,42,21,21,29,14,15,13,7,6
C3713,35,0,0,State - ANDAMAN & NICOBAR ISLANDS  35,85,279,140,139,235,126,109,44,14,30
C3713,35,0,0,State - ANDAMAN & NICOBAR ISLANDS  35,86,42,21,21,32,18,14,10,3,7
C3713,35,0,0,State - ANDAMAN & NICOBAR ISLANDS  35,87,42,31,11,33,26,7,9,5,4
C3713,35,0,0,State - ANDAMAN & NICOBAR ISLANDS  35,88,32,18,14,22,11,11,10,7,3
C3713,35,0,0,State - ANDAMAN & NICOBAR ISLANDS  35,89,16,10,6,14,9,5,2,1,1
C3713,35,0,0,State - ANDAMAN & NICOBAR ISLANDS  35,90,139,72,67,119,62,57,20,10,10
C3713,35,0,0,State - ANDAMAN & NICOBAR ISLANDS  35,91,12,3,9,9,2,7,3,1,2
C3713,35,0,0,State - ANDAMAN & NICOBAR ISLANDS  35,92,29,18,11,25,17,8,4,1,3
C3713,35,0,0,State - ANDAMAN & NICOBAR ISLANDS  35,93,15,6,9,8,4,4,7,2,5
C3713,35,0,0,State - ANDAMAN & NICOBAR ISLANDS  35,94,7,4,3,6,3,3,1,1,0
C3713,35,0,0,State - ANDAMAN & NICOBAR ISLANDS  35,95,63,31,32,59,29,30,4,2,2
C3713,35,0,0,State - ANDAMAN & NICOBAR ISLANDS  35,96,13,5,8,8,3,5,5,2,3
C3713,35,0,0,State - ANDAMAN & NICOBAR ISLANDS  35,97,9,5,4,7,3,4,2,2,0
C3713,35,0,0,State - ANDAMAN & NICOBAR ISLANDS  35,98,24,9,15,19,7,12,5,2,3
C3713,35,0,0,State - ANDAMAN & NICOBAR ISLANDS  35,99,15,5,10,10,4,6,5,1,4
C3713,35,0,0,State - ANDAMAN & NICOBAR ISLANDS  35,100+,42,20,22,40,19,21,2,1,1
C3713,35,0,0,State - ANDAMAN & NICOBAR ISLANDS  35,Age not stated,2279,1212,1067,1559,805,754,720,407,313
